,nfe,hypervolume,seed
0,100,0.29712284682414036,70
1,200,0.29712284682414036,70
2,300,0.29712284682414036,70
3,400,0.29712284682414036,70
4,500,0.29712284682414036,70
5,600,0.29712284682414036,70
6,700,0.407627395283234,70
7,800,0.29712284682414036,70
8,900,0.29712284682414036,70
9,1000,0.28826961441742066,70
10,1100,0.28826961441742066,70
11,1200,0.28826961441742066,70
12,1300,0.28826961441742066,70
13,1400,0.28826961441742066,70
14,1500,0.28826961441742066,70
15,1600,0.28826961441742066,70
16,1700,0.28826961441742066,70
17,1800,0.28826961441742066,70
18,1900,0.28826961441742066,70
19,2000,0.28826961441742066,70
20,2100,0.28827036166642794,70
21,2200,0.28827036166642794,70
22,2300,0.28827036166642794,70
23,2400,0.28827036166642794,70
24,2500,0.28827036166642794,70
25,2600,0.28827036166642794,70
26,2700,0.28827036166642794,70
27,2800,0.28827036166642794,70
28,2900,0.28827036166642794,70
29,3000,0.28827036166642794,70
30,3100,0.28827036166642794,70
31,3200,0.28827036166642794,70
32,3300,0.28827036166642794,70
33,3400,0.28306623121417024,70
34,3500,0.28306623121417024,70
35,3600,0.28306623121417024,70
36,3700,0.28306623121417024,70
37,3800,0.28306623121417024,70
38,3900,0.28306623121417024,70
39,4000,0.28342363442679436,70
40,4100,0.3098421772248422,70
41,4200,0.3098421772248422,70
42,4300,0.3098421772248422,70
43,4400,0.3098421772248422,70
44,4500,0.3098421772248422,70
45,4600,0.3098421772248422,70
46,4700,0.3098421772248422,70
47,4800,0.3098421772248422,70
48,4900,0.3098421772248422,70
49,5000,0.3098421772248422,70
50,5100,0.3098421772248422,70
51,5200,0.3098421772248422,70
52,5300,0.3098421772248422,70
53,5400,0.3098421772248422,70
54,5500,0.3098421772248422,70
55,5600,0.3098421772248422,70
56,5700,0.3098421772248422,70
57,5800,0.3098421772248422,70
58,5900,0.3098421772248422,70
59,6000,0.3098421772248422,70
60,6100,0.3098421772248422,70
61,6200,0.3098421772248422,70
62,6300,0.3098421772248422,70
63,6400,0.3098421772248422,70
64,6500,0.3098421772248422,70
65,6600,0.3098421772248422,70
66,6700,0.3098421772248422,70
67,6800,0.3098421772248422,70
68,6900,0.3098421772248422,70
69,7000,0.3098421772248422,70
70,7100,0.3098421772248422,70
71,7200,0.3098421772248422,70
72,7300,0.3098421772248422,70
73,7400,0.3098421772248422,70
74,7500,0.3098421772248422,70
75,7600,0.3098421772248422,70
76,7700,0.3098421772248422,70
77,7800,0.3098421772248422,70
78,7900,0.3098421772248422,70
79,8000,0.3098421772248422,70
80,8100,0.3098421772248422,70
81,8200,0.3098421772248422,70
82,8300,0.3098421772248422,70
83,8400,0.3098421772248422,70
84,8500,0.3098421772248422,70
85,8600,0.28306623121417024,70
86,8700,0.28306623121417024,70
87,8800,0.28306623121417024,70
88,8900,0.28306623121417024,70
89,9000,0.28306623121417024,70
90,9100,0.28306623121417024,70
91,9200,0.28306623121417024,70
92,9300,0.28306623121417024,70
93,9400,0.28306623121417024,70
94,9500,0.28306623121417024,70
95,9600,0.28306623121417024,70
96,9700,0.28306623121417024,70
97,9800,0.28306623121417024,70
98,9900,0.28306623121417024,70
99,10408,0.3172798517432167,70
100,10952,0.32072860902847944,70
101,11496,0.28306623121417024,70
102,12040,0.28306623121417024,70
103,12584,0.28306623121417024,70
104,13128,0.28306623121417024,70
105,13672,0.28306623121417024,70
106,14216,0.28306623121417024,70
107,14760,0.28306623121417024,70
108,15304,0.28306623121417024,70
109,15848,0.28306623121417024,70
110,16392,0.28306623121417024,70
111,16936,0.28306623121417024,70
112,17480,0.28306623121417024,70
113,18024,0.28306623121417024,70
114,18568,0.28306623121417024,70
115,19112,0.2702523462980655,70
116,19656,0.2702523462980655,70
117,20200,0.2775465572775169,70
118,20744,0.2775465572775169,70
119,21288,0.2775465572775169,70
120,21832,0.2775465572775169,70
121,22376,0.2775465572775169,70
122,22920,0.2775465572775169,70
123,23464,0.2775465572775169,70
124,24008,0.2775465572775169,70
125,24552,0.2775465572775169,70
126,25096,0.2775465572775169,70
127,25640,0.2775465572775169,70
128,26184,0.2775465572775169,70
129,26728,0.2775465572775169,70
130,27272,0.2775465572775169,70
131,27816,0.2775465572775169,70
132,28360,0.2950890164074934,70
133,28904,0.2950890164074934,70
134,29448,0.2950890164074934,70
135,29992,0.2950890164074934,70
136,30536,0.2950890164074934,70
137,31080,0.2950890164074934,70
138,31624,0.2950890164074934,70
139,32168,0.2950890164074934,70
140,32712,0.2950890164074934,70
141,33256,0.2950890164074934,70
142,33800,0.2950890164074934,70
143,34344,0.2950890164074934,70
144,34888,0.2950890164074934,70
145,35432,0.2950890164074934,70
146,35976,0.2950890164074934,70
147,36520,0.2950890164074934,70
148,37064,0.2950890164074934,70
149,37608,0.2950890164074934,70
150,38152,0.2950890164074934,70
151,38696,0.2950890164074934,70
152,39240,0.27919518826339906,70
153,39784,0.27919518826339906,70
154,40328,0.27919518826339906,70
155,40872,0.27919518826339906,70
156,41416,0.27919518826339906,70
157,41960,0.27919518826339906,70
158,42504,0.27919518826339906,70
159,43048,0.27919518826339906,70
160,43592,0.27919518826339906,70
161,44136,0.27919518826339906,70
162,44680,0.27919518826339906,70
163,45224,0.27717052931342256,70
164,45768,0.27717052931342256,70
165,46312,0.27717052931342256,70
166,46856,0.3046328072336707,70
167,47400,0.3046328072336707,70
168,47944,0.3046328072336707,70
169,48488,0.3046328072336707,70
170,49032,0.3046328072336707,70
171,49576,0.3046328072336707,70
172,50120,0.3046328072336707,70
173,50664,0.3046328072336707,70
174,51208,0.3046328072336707,70
175,51752,0.3046328072336707,70
176,52296,0.3046328072336707,70
177,52840,0.3046328072336707,70
178,53384,0.3046328072336707,70
179,53928,0.3046328072336707,70
180,54472,0.3046328072336707,70
181,55016,0.3046328072336707,70
182,55560,0.3046328072336707,70
183,56104,0.3046328072336707,70
184,56648,0.3046328072336707,70
185,57192,0.3046328072336707,70
186,57736,0.3046328072336707,70
187,58280,0.3046328072336707,70
188,58824,0.3046328072336707,70
189,59368,0.37843672339721923,70
190,59912,0.37843672339721923,70
191,60456,0.37843672339721923,70
192,61000,0.37843672339721923,70
193,61544,0.37843672339721923,70
194,62088,0.37843672339721923,70
195,62632,0.37843672339721923,70
196,63176,0.37843672339721923,70
197,63720,0.37843672339721923,70
198,64264,0.37843672339721923,70
199,66398,0.37843672339721923,70
200,68518,0.37843672339721923,70
201,70638,0.37843672339721923,70
202,72758,0.37843672339721923,70
203,74878,0.37843672339721923,70
204,76998,0.37843672339721923,70
205,79118,0.37843672339721923,70
206,81238,0.37843672339721923,70
207,83358,0.37843672339721923,70
208,85478,0.37843672339721923,70
209,87598,0.37843672339721923,70
210,89718,0.37843672339721923,70
211,91838,0.37843672339721923,70
212,93958,0.37843672339721923,70
213,96078,0.37843672339721923,70
214,98198,0.37843672339721923,70
215,100318,0.37843672339721923,70
216,102438,0.37838659300929783,70
217,104558,0.37838659300929783,70
218,106678,0.37838659300929783,70
219,108798,0.37838659300929783,70
220,110918,0.37838659300929783,70
221,113038,0.37838659300929783,70
222,115158,0.37838659300929783,70
223,117278,0.37838659300929783,70
224,119398,0.37838659300929783,70
225,121518,0.37838659300929783,70
226,123638,0.37827566677594826,70
227,125758,0.37827566677594826,70
228,127878,0.37827566677594826,70
229,129998,0.37827566677594826,70
230,132118,0.37832164984609207,70
231,134238,0.37832164984609207,70
232,136358,0.37832164984609207,70
233,138478,0.37832164984609207,70
234,140598,0.37832164984609207,70
235,142718,0.37832164984609207,70
236,144838,0.37832164984609207,70
237,146958,0.37832164984609207,70
238,149078,0.37832164984609207,70
239,151198,0.37832164984609207,70
240,153318,0.37832164984609207,70
241,155438,0.37832164984609207,70
242,157558,0.37832164984609207,70
243,159678,0.37832164984609207,70
244,161798,0.37832164984609207,70
245,163918,0.37832164984609207,70
246,166038,0.37832164984609207,70
247,168158,0.37832164984609207,70
248,170278,0.37832164984609207,70
249,172398,0.37832164984609207,70
250,174518,0.37832164984609207,70
251,176638,0.37832164984609207,70
252,178758,0.37832164984609207,70
253,180878,0.37832164984609207,70
254,182998,0.37832164984609207,70
255,185118,0.37832164984609207,70
256,187238,0.37832164984609207,70
257,189358,0.37832164984609207,70
258,191478,0.37832164984609207,70
259,193598,0.37832164984609207,70
260,195718,0.37832164984609207,70
261,197838,0.37832164984609207,70
262,199958,0.37832164984609207,70
263,202078,0.37832164984609207,70
264,204198,0.37832164984609207,70
265,206318,0.37832164984609207,70
266,208438,0.37832164984609207,70
267,210558,0.37832164984609207,70
268,212678,0.37832164984609207,70
269,214798,0.37832164984609207,70
270,216918,0.37832164984609207,70
271,219038,0.37832164984609207,70
272,221158,0.37832164984609207,70
273,223278,0.47070563447172764,70
274,225398,0.47070563447172764,70
275,227518,0.47070563447172764,70
276,229638,0.47070563447172764,70
277,231758,0.47070563447172764,70
278,233878,0.47070563447172764,70
279,235998,0.47070563447172764,70
280,238118,0.47070563447172764,70
281,240238,0.47070563447172764,70
282,242358,0.47070563447172764,70
283,244478,0.47070563447172764,70
284,246598,0.375,70
285,248718,0.375,70
286,250838,0.375,70
287,100,0.3347751498423641,80
288,200,0.3347751498423641,80
289,300,0.3347751498423641,80
290,400,0.3347751498423641,80
291,500,0.3347751498423641,80
292,600,0.3347751498423641,80
293,700,0.3305636680913212,80
294,800,0.3305636680913212,80
295,900,0.3305636680913212,80
296,1000,0.29747562326218185,80
297,1100,0.29747562326218185,80
298,1200,0.33091645557566224,80
299,1300,0.33091645557566224,80
300,1400,0.33091645557566224,80
301,1500,0.33091645557566224,80
302,1600,0.33091645557566224,80
303,1700,0.33091645557566224,80
304,1800,0.33091645557566224,80
305,1900,0.33091645557566224,80
306,2000,0.33091645557566224,80
307,2100,0.33091645557566224,80
308,2200,0.33091645557566224,80
309,2300,0.33091645557566224,80
310,2400,0.34209761831403057,80
311,2500,0.34209761831403057,80
312,2600,0.34209761831403057,80
313,2700,0.34209761831403057,80
314,2800,0.34209761831403057,80
315,2900,0.34209761831403057,80
316,3000,0.34209761831403057,80
317,3100,0.34209761831403057,80
318,3200,0.34209761831403057,80
319,3300,0.34209761831403057,80
320,3400,0.34209761831403057,80
321,3500,0.3303962863621342,80
322,3600,0.3303962863621342,80
323,3700,0.29182624605813956,80
324,3800,0.29182624605813956,80
325,3900,0.29182624605813956,80
326,4000,0.29182624605813956,80
327,4100,0.29182624605813956,80
328,4200,0.29182624605813956,80
329,4300,0.29182624605813956,80
330,4400,0.29182624605813956,80
331,4500,0.29182624605813956,80
332,4600,0.29182624605813956,80
333,4700,0.29182624605813956,80
334,4800,0.29182624605813956,80
335,4900,0.29182624605813956,80
336,5000,0.29182624605813956,80
337,5100,0.29182624605813956,80
338,5200,0.4359735735299147,80
339,5300,0.4359735735299147,80
340,5400,0.4359735735299147,80
341,5500,0.439576272846046,80
342,5600,0.439576272846046,80
343,5700,0.439576272846046,80
344,5800,0.439576272846046,80
345,5900,0.439576272846046,80
346,6000,0.439576272846046,80
347,6100,0.439576272846046,80
348,6200,0.439576272846046,80
349,6300,0.439576272846046,80
350,6400,0.439576272846046,80
351,6500,0.439576272846046,80
352,6600,0.4395718686948105,80
353,6700,0.4395718686948105,80
354,6800,0.4395718686948105,80
355,6900,0.4396592238835148,80
356,7000,0.4396592238835148,80
357,7100,0.4396592238835148,80
358,7200,0.43958201641397754,80
359,7300,0.43958201641397754,80
360,7400,0.43958201641397754,80
361,7500,0.43958201641397754,80
362,7600,0.43958201641397754,80
363,7700,0.43958201641397754,80
364,7800,0.43958201641397754,80
365,7900,0.43958201641397754,80
366,8000,0.43958201641397754,80
367,8100,0.43958201641397754,80
368,8200,0.43958201641397754,80
369,8300,0.43958201641397754,80
370,8400,0.43958201641397754,80
371,8500,0.43958201641397754,80
372,8600,0.43958201641397754,80
373,8700,0.43958201641397754,80
374,8800,0.43958201641397754,80
375,8900,0.43958201641397754,80
376,9000,0.43958201641397754,80
377,9100,0.43958201641397754,80
378,9200,0.43958201641397754,80
379,9300,0.43958201641397754,80
380,9400,0.43958201641397754,80
381,9500,0.43958201641397754,80
382,9600,0.43958201641397754,80
383,9700,0.43958201641397754,80
384,9800,0.43958201641397754,80
385,9900,0.43922058176496104,80
386,10474,0.5000000000000004,80
387,11106,0.5000000000000004,80
388,11738,0.5000000000000004,80
389,12370,0.5000000000000004,80
390,13002,0.5000000000000004,80
391,13634,0.5000000000000004,80
392,14266,0.5000000000000004,80
393,14898,0.5000000000000004,80
394,15530,0.43922058176496104,80
395,16162,0.4344318651589676,80
396,16794,0.4344318651589676,80
397,17426,0.4344318651589676,80
398,18058,0.4344318651589676,80
399,18690,0.4344318651589676,80
400,19322,0.4344318651589676,80
401,19954,0.4344318651589676,80
402,20586,0.4344318651589676,80
403,21218,0.4344318651589676,80
404,21850,0.4344318651589676,80
405,22482,0.4344318651589676,80
406,23114,0.4344318651589676,80
407,23746,0.4344318651589676,80
408,24378,0.4344318651589676,80
409,25010,0.44349261007504936,80
410,25642,0.44349261007504936,80
411,26274,0.44349261007504936,80
412,26906,0.44349261007504936,80
413,27538,0.4431575446570619,80
414,28170,0.4431575446570619,80
415,28802,0.4431575446570619,80
416,29434,0.4431575446570619,80
417,30066,0.4431575446570619,80
418,30698,0.4431575446570619,80
419,31330,0.4431575446570619,80
420,31962,0.4431575446570619,80
421,32594,0.4431575446570619,80
422,33226,0.4431575446570619,80
423,33858,0.4431575446570619,80
424,34490,0.4431575446570619,80
425,35122,0.4431575446570619,80
426,35754,0.4431575446570619,80
427,36386,0.4431575446570619,80
428,37018,0.4431575446570619,80
429,37650,0.4431575446570619,80
430,38282,0.4429768650478322,80
431,38914,0.4429768650478322,80
432,39546,0.4429768650478322,80
433,40178,0.4429768650478322,80
434,40810,0.4429768650478322,80
435,41442,0.4429768650478322,80
436,42074,0.4429768650478322,80
437,42706,0.4429768650478322,80
438,43338,0.4429768650478322,80
439,43970,0.4429768650478322,80
440,44602,0.4429768650478322,80
441,45234,0.4429768650478322,80
442,45866,0.4429768650478322,80
443,46498,0.4429768650478322,80
444,47130,0.4429768650478322,80
445,47762,0.4429768650478322,80
446,48394,0.4429768650478322,80
447,49026,0.4429768650478322,80
448,49658,0.4429768650478322,80
449,50290,0.4429768650478322,80
450,50922,0.4429768650478322,80
451,51554,0.4429768650478322,80
452,52186,0.4429768650478322,80
453,52818,0.4429768650478322,80
454,53450,0.4429768650478322,80
455,54082,0.4429768650478322,80
456,54714,0.4429768650478322,80
457,55346,0.4429768650478322,80
458,55978,0.4429768650478322,80
459,56610,0.4429768650478322,80
460,57242,0.4429768650478322,80
461,57874,0.4429768650478322,80
462,58506,0.4429768650478322,80
463,59138,0.4429768650478322,80
464,59770,0.4429768650478322,80
465,60402,0.4429768650478322,80
466,61034,0.4429768650478322,80
467,61666,0.4429768650478322,80
468,62298,0.4429768650478322,80
469,62930,0.4364221031259617,80
470,63562,0.4364221031259617,80
471,64194,0.4364221031259617,80
472,64826,0.4364221031259617,80
473,65458,0.4364221031259617,80
474,66090,0.4364221031259617,80
475,66722,0.4364221031259617,80
476,67354,0.4364221031259617,80
477,67986,0.4364221031259617,80
478,68618,0.4364221031259617,80
479,69250,0.4364221031259617,80
480,69882,0.4364221031259617,80
481,70514,0.4364221031259617,80
482,71146,0.4364221031259617,80
483,71778,0.4364221031259617,80
484,72410,0.4364221031259617,80
485,73042,0.4364221031259617,80
486,75570,0.4364221031259617,80
487,78098,0.4364221031259617,80
488,80626,0.4364221031259617,80
489,83154,0.4364221031259617,80
490,85682,0.4364221031259617,80
491,88210,0.4364221031259617,80
492,90738,0.4364221031259617,80
493,93266,0.41462471398771067,80
494,95794,0.423885423724651,80
495,98322,0.423885423724651,80
496,100850,0.423885423724651,80
497,103378,0.423885423724651,80
498,105906,0.423885423724651,80
499,108434,0.423885423724651,80
500,110962,0.423885423724651,80
501,113490,0.423885423724651,80
502,116018,0.423885423724651,80
503,118546,0.423885423724651,80
504,121074,0.423885423724651,80
505,123602,0.423885423724651,80
506,126130,0.423885423724651,80
507,128658,0.41462471398771067,80
508,131186,0.41462471398771067,80
509,133714,0.41462471398771067,80
510,136242,0.41462471398771067,80
511,138770,0.41462471398771067,80
512,141298,0.41462471398771067,80
513,143826,0.41462471398771067,80
514,146354,0.41462471398771067,80
515,148882,0.41462471398771067,80
516,151410,0.41462471398771067,80
517,153938,0.359138223610391,80
518,156466,0.359138223610391,80
519,158994,0.359138223610391,80
520,161522,0.359138223610391,80
521,164050,0.37500000000000044,80
522,166578,0.37500000000000044,80
523,169106,0.37500000000000044,80
524,171634,0.37500000000000044,80
525,174162,0.37500000000000044,80
526,176690,0.37500000000000044,80
527,179218,0.37500000000000044,80
528,181746,0.37500000000000044,80
529,184274,0.37500000000000044,80
530,186802,0.37500000000000044,80
531,189330,0.37500000000000044,80
532,191858,0.37500000000000044,80
533,194386,0.5000000000000004,80
534,196914,0.5000000000000004,80
535,199442,0.5000000000000004,80
536,201970,0.5000000000000004,80
537,204498,0.5000000000000004,80
538,207026,0.5000000000000004,80
539,209554,0.48309757826518895,80
540,212082,0.48309757826518895,80
541,214610,0.48309757826518895,80
542,217138,0.48309757826518895,80
543,219666,0.37663817696853186,80
544,222194,0.37663817696853186,80
545,224722,0.37663817696853186,80
546,227250,0.37663817696853186,80
547,229778,0.37663817696853186,80
548,232306,0.37663817696853186,80
549,234834,0.37663803983706945,80
550,237362,0.37663803983706945,80
551,239890,0.37663803983706945,80
552,242418,0.37663803983706945,80
553,244946,0.37663803983706945,80
554,247474,0.37663803983706945,80
555,250002,0.4226888206475477,80
556,100,0.2926895768126438,30
557,200,0.3737933124314619,30
558,300,0.3737933124314619,30
559,400,0.38426089136072905,30
560,500,0.38426089136072905,30
561,600,0.38426089136072905,30
562,700,0.38426089136072905,30
563,800,0.38426089136072905,30
564,900,0.3059161407311989,30
565,1000,0.3059161407311989,30
566,1100,0.3059161407311989,30
567,1200,0.3059161407311989,30
568,1300,0.3215567377986463,30
569,1400,0.3215567377986463,30
570,1500,0.33391458954345987,30
571,1600,0.33391458954345987,30
572,1700,0.33391458954345987,30
573,1800,0.33391458954345987,30
574,1900,0.33391458954345987,30
575,2000,0.33391458954345987,30
576,2100,0.33391458954345987,30
577,2200,0.33391458954345987,30
578,2300,0.33391458954345987,30
579,2400,0.33391458954345987,30
580,2500,0.33391458954345987,30
581,2600,0.33391458954345987,30
582,2700,0.3452481853464758,30
583,2800,0.3452481853464758,30
584,2900,0.3452481853464758,30
585,3000,0.3452481853464758,30
586,3100,0.3452481853464758,30
587,3200,0.3452481853464758,30
588,3300,0.3452481853464758,30
589,3400,0.3452481853464758,30
590,3500,0.3452481853464758,30
591,3600,0.3452481853464758,30
592,3700,0.3452481853464758,30
593,3800,0.3452481853464758,30
594,3900,0.3452481853464758,30
595,4000,0.3452481853464758,30
596,4100,0.3452481853464758,30
597,4200,0.3472841348504848,30
598,4300,0.3472841348504848,30
599,4400,0.3472841348504848,30
600,4500,0.375,30
601,4600,0.375,30
602,4700,0.375,30
603,4800,0.375,30
604,4900,0.375,30
605,5000,0.375,30
606,5100,0.3909841933831692,30
607,5200,0.3909841933831692,30
608,5300,0.3909841933831692,30
609,5400,0.3909841933831692,30
610,5500,0.3909841933831692,30
611,5600,0.3909841933831692,30
612,5700,0.38946625039801097,30
613,5800,0.38946625039801097,30
614,5900,0.38946625039801097,30
615,6000,0.38946625039801097,30
616,6100,0.38946625039801097,30
617,6200,0.38946625039801097,30
618,6300,0.38946625039801097,30
619,6400,0.38946625039801097,30
620,6500,0.38946625039801097,30
621,6600,0.38946625039801097,30
622,6700,0.38946625039801097,30
623,6800,0.38946625039801097,30
624,6900,0.38946625039801097,30
625,7000,0.38946625039801097,30
626,7100,0.38946625039801097,30
627,7200,0.38946625039801097,30
628,7300,0.38946625039801097,30
629,7400,0.38946625039801097,30
630,7500,0.38946625039801097,30
631,7600,0.38946625039801097,30
632,7700,0.38946625039801097,30
633,7800,0.38946625039801097,30
634,7900,0.38946625039801097,30
635,8000,0.38946625039801097,30
636,8100,0.38946625039801097,30
637,8200,0.38946625039801097,30
638,8300,0.38946625039801097,30
639,8400,0.38946625039801097,30
640,8500,0.3779591380888303,30
641,8600,0.3779591380888303,30
642,8700,0.3779591380888303,30
643,8800,0.3779591380888303,30
644,8900,0.3779591380888303,30
645,9000,0.3779591380888303,30
646,9100,0.3779591380888303,30
647,9200,0.3779591380888303,30
648,9300,0.3779591380888303,30
649,9400,0.3779591380888303,30
650,9500,0.3779591380888303,30
651,9600,0.3779591380888303,30
652,9700,0.3779591380888303,30
653,9800,0.3779591380888303,30
654,9900,0.3779591380888303,30
655,10723,0.3779591380888303,30
656,11687,0.3779591380888303,30
657,12651,0.3779591380888303,30
658,13615,0.3779591380888303,30
659,14579,0.3779591380888303,30
660,15543,0.3779591380888303,30
661,16507,0.3779591380888303,30
662,17471,0.3779591380888303,30
663,18435,0.3779591380888303,30
664,19399,0.3779591380888303,30
665,20363,0.37500000000000044,30
666,21327,0.37500000000000044,30
667,22291,0.37500000000000044,30
668,23255,0.37500000000000044,30
669,24219,0.37500000000000044,30
670,25183,0.37500000000000044,30
671,26147,0.37500000000000044,30
672,27111,0.37500000000000044,30
673,28075,0.37500000000000044,30
674,29039,0.37500000000000044,30
675,30003,0.37500000000000044,30
676,30967,0.37500000000000044,30
677,31931,0.37500000000000044,30
678,32895,0.37500000000000044,30
679,33859,0.37500000000000044,30
680,34823,0.37500000000000044,30
681,35787,0.37500000000000044,30
682,36751,0.37500000000000044,30
683,37715,0.37500000000000044,30
684,38679,0.37500000000000044,30
685,39643,0.37500000000000044,30
686,40607,0.37500000000000044,30
687,41571,0.37500000000000044,30
688,42535,0.37500000000000044,30
689,43499,0.37500000000000044,30
690,44463,0.37500000000000044,30
691,45427,0.37500000000000044,30
692,46391,0.37500000000000044,30
693,47355,0.37500000000000044,30
694,48319,0.3780016762931223,30
695,49283,0.3780016762931223,30
696,50247,0.4638599633600687,30
697,51211,0.4638599633600687,30
698,52175,0.4638599633600687,30
699,53139,0.3780016762931223,30
700,54103,0.3780016762931223,30
701,55067,0.3780016762931223,30
702,56031,0.3780016762931223,30
703,56995,0.3780016762931223,30
704,57959,0.3780016762931223,30
705,58923,0.3780016762931223,30
706,59887,0.3780016762931223,30
707,60851,0.3780016762931223,30
708,61815,0.3780016762931223,30
709,62779,0.3780016762931223,30
710,63743,0.3780016762931223,30
711,64707,0.3780016762931223,30
712,65671,0.3780016762931223,30
713,66635,0.3780016762931223,30
714,67599,0.3780016762931223,30
715,68563,0.3780016762931223,30
716,69527,0.3780016762931223,30
717,70491,0.3780016762931223,30
718,71455,0.3780016762931223,30
719,72419,0.3780016762931223,30
720,73383,0.3780016762931223,30
721,74347,0.3780016762931223,30
722,75311,0.3780016762931223,30
723,76275,0.3780016762931223,30
724,77239,0.3780016762931223,30
725,78203,0.3780016762931223,30
726,79167,0.3780016762931223,30
727,80131,0.3780016762931223,30
728,81095,0.4511648568904399,30
729,82059,0.4511648568904399,30
730,83023,0.4511648568904399,30
731,83987,0.4511648568904399,30
732,84951,0.4511648568904399,30
733,85915,0.3780016762931223,30
734,86879,0.3780016762931223,30
735,87843,0.3780016762931223,30
736,88807,0.3780016762931223,30
737,89771,0.3780016762931223,30
738,90735,0.3780016762931223,30
739,91699,0.3780016762931223,30
740,92663,0.3780016762931223,30
741,93627,0.3780016762931223,30
742,94591,0.3780016762931223,30
743,95555,0.3780016762931223,30
744,96519,0.3780016762931223,30
745,97483,0.3780016762931223,30
746,98447,0.3780016762931223,30
747,99411,0.3780016762931223,30
748,100375,0.3780016762931223,30
749,101339,0.3780016762931223,30
750,102303,0.3780016762931223,30
751,103267,0.3780016762931223,30
752,104231,0.37500000000000044,30
753,105195,0.37500000000000044,30
754,106159,0.37500000000000044,30
755,109673,0.37500000000000044,30
756,113073,0.37500000000000044,30
757,116473,0.37500000000000044,30
758,119873,0.37500000000000044,30
759,123273,0.37500000000000044,30
760,126673,0.37500000000000044,30
761,130073,0.37500000000000044,30
762,133473,0.37500000000000044,30
763,136873,0.37500000000000044,30
764,140273,0.37500000000000044,30
765,143673,0.37500000000000044,30
766,147073,0.37500000000000044,30
767,150473,0.37500000000000044,30
768,153873,0.37500000000000044,30
769,157273,0.37500000000000044,30
770,160673,0.37500000000000044,30
771,164073,0.37500000000000044,30
772,167473,0.37500000000000044,30
773,170873,0.37500000000000044,30
774,174273,0.37500000000000044,30
775,177673,0.37500000000000044,30
776,181073,0.37500000000000044,30
777,184473,0.37500000000000044,30
778,187873,0.37500000000000044,30
779,191273,0.37500000000000044,30
780,194673,0.37500000000000044,30
781,198073,0.37500000000000044,30
782,201473,0.37500000000000044,30
783,204873,0.37500000000000044,30
784,208273,0.37500000000000044,30
785,211673,0.37500000000000044,30
786,215073,0.37500000000000044,30
787,218473,0.37500000000000044,30
788,221873,0.37500000000000044,30
789,225273,0.37500000000000044,30
790,228673,0.37500000000000044,30
791,232073,0.375,30
792,235473,0.375,30
793,238873,0.375,30
794,242273,0.375,30
795,245673,0.375,30
796,249073,0.375,30
797,252473,0.375,30
798,100,0.17380661198013425,60
799,200,0.2636344303996254,60
800,300,0.2636344303996254,60
801,400,0.2636344303996254,60
802,500,0.2636344303996254,60
803,600,0.2636344303996254,60
804,700,0.2636344303996254,60
805,800,0.2636344303996254,60
806,900,0.2636344303996254,60
807,1000,0.2636344303996254,60
808,1100,0.2636344303996254,60
809,1200,0.2636344303996254,60
810,1300,0.3289716244515549,60
811,1400,0.3289716244515549,60
812,1500,0.3289716244515549,60
813,1600,0.3289716244515549,60
814,1700,0.3289716244515549,60
815,1800,0.3289716244515549,60
816,1900,0.3289716244515549,60
817,2000,0.3289716244515549,60
818,2100,0.3289716244515549,60
819,2200,0.3312605487791855,60
820,2300,0.3312605487791855,60
821,2400,0.3312605487791855,60
822,2500,0.3312605487791855,60
823,2600,0.3312605487791855,60
824,2700,0.3312605487791855,60
825,2800,0.3312605487791855,60
826,2900,0.33258444364149076,60
827,3000,0.33258444364149076,60
828,3100,0.32897576190163624,60
829,3200,0.32897576190163624,60
830,3300,0.32897576190163624,60
831,3400,0.32897576190163624,60
832,3500,0.32897576190163624,60
833,3600,0.32897576190163624,60
834,3700,0.32897576190163624,60
835,3800,0.32897576190163624,60
836,3900,0.32897576190163624,60
837,4000,0.32897576190163624,60
838,4100,0.32897576190163624,60
839,4200,0.32897576190163624,60
840,4300,0.32897576190163624,60
841,4400,0.32897576190163624,60
842,4500,0.32897576190163624,60
843,4600,0.32897576190163624,60
844,4700,0.32897576190163624,60
845,4800,0.32897576190163624,60
846,4900,0.2551971075504644,60
847,5000,0.2551971075504644,60
848,5100,0.2551971075504644,60
849,5200,0.2551971075504644,60
850,5300,0.2551971075504644,60
851,5400,0.2551971075504644,60
852,5500,0.2636323234549104,60
853,5600,0.2636323234549104,60
854,5700,0.2636323234549104,60
855,5800,0.2636323234549104,60
856,5900,0.2636323234549104,60
857,6000,0.2636323234549104,60
858,6100,0.2636323234549104,60
859,6200,0.2636323234549104,60
860,6300,0.2728014470122968,60
861,6400,0.2728014470122968,60
862,6500,0.2728014470122968,60
863,6600,0.2728014470122968,60
864,6700,0.27417023176715594,60
865,6800,0.27417023176715594,60
866,6900,0.27417023176715594,60
867,7000,0.27417023176715594,60
868,7100,0.27417023176715594,60
869,7200,0.27417023176715594,60
870,7300,0.3146496675897686,60
871,7400,0.31672273387004474,60
872,7500,0.31672273387004474,60
873,7600,0.31672273387004474,60
874,7700,0.31672273387004474,60
875,7800,0.31672273387004474,60
876,7900,0.31672273387004474,60
877,8000,0.31672273387004474,60
878,8100,0.31672273387004474,60
879,8200,0.31672273387004474,60
880,8300,0.31672273387004474,60
881,8400,0.31672273387004474,60
882,8500,0.31672273387004474,60
883,8600,0.31672273387004474,60
884,8700,0.31672273387004474,60
885,8800,0.31672273387004474,60
886,8900,0.31672273387004474,60
887,9000,0.31672273387004474,60
888,9100,0.31672273387004474,60
889,9200,0.31672273387004474,60
890,9300,0.31672273387004474,60
891,9400,0.31672273387004474,60
892,9500,0.333168329592716,60
893,9600,0.333168329592716,60
894,9700,0.333168329592716,60
895,9800,0.333168329592716,60
896,9900,0.333168329592716,60
897,10369,0.333168329592716,60
898,10861,0.333168329592716,60
899,11353,0.333168329592716,60
900,11845,0.333168329592716,60
901,12337,0.333168329592716,60
902,12829,0.32916084431252435,60
903,13321,0.3335734521723315,60
904,13813,0.3335734521723315,60
905,14305,0.3335734521723315,60
906,14797,0.3335734521723315,60
907,15289,0.3335734521723315,60
908,15781,0.3335734521723315,60
909,16273,0.3335734521723315,60
910,16765,0.3335734521723315,60
911,17257,0.3107032918690865,60
912,17749,0.3107032918690865,60
913,18241,0.5000000000000004,60
914,18733,0.5000000000000004,60
915,19225,0.5000000000000004,60
916,19717,0.5000000000000004,60
917,20209,0.5000000000000004,60
918,20701,0.5000000000000004,60
919,21193,0.5000000000000004,60
920,21685,0.5000000000000004,60
921,22177,0.5000000000000004,60
922,22669,0.5000000000000004,60
923,23161,0.5000000000000004,60
924,23653,0.5000000000000004,60
925,24145,0.5000000000000004,60
926,24637,0.5000000000000004,60
927,25129,0.5000000000000004,60
928,25621,0.5000000000000004,60
929,26113,0.5000000000000004,60
930,26605,0.5000000000000004,60
931,27097,0.5000000000000004,60
932,27589,0.5000000000000004,60
933,28081,0.5000000000000004,60
934,28573,0.5000000000000004,60
935,29065,0.5000000000000004,60
936,29557,0.5000000000000004,60
937,30049,0.5000000000000004,60
938,30541,0.5000000000000004,60
939,31033,0.5000000000000004,60
940,31525,0.5000000000000004,60
941,32017,0.5000000000000004,60
942,32509,0.5000000000000004,60
943,33001,0.5000000000000004,60
944,33493,0.5000000000000004,60
945,33985,0.5000000000000004,60
946,34477,0.5000000000000004,60
947,34969,0.5000000000000004,60
948,35461,0.5000000000000004,60
949,35953,0.5000000000000004,60
950,36445,0.5000000000000004,60
951,36937,0.5000000000000004,60
952,37429,0.5000000000000004,60
953,37921,0.5000000000000004,60
954,38413,0.5000000000000004,60
955,38905,0.5000000000000004,60
956,39397,0.5000000000000004,60
957,39889,0.5000000000000004,60
958,40381,0.5000000000000004,60
959,40873,0.5000000000000004,60
960,41365,0.5000000000000004,60
961,41857,0.5000000000000004,60
962,42349,0.5000000000000004,60
963,42841,0.5000000000000004,60
964,43333,0.5000000000000004,60
965,43825,0.5000000000000004,60
966,44317,0.4341755316981619,60
967,44809,0.4341755316981619,60
968,45301,0.4341755316981619,60
969,45793,0.4341755316981619,60
970,46285,0.4341755316981619,60
971,46777,0.4341755316981619,60
972,47269,0.4341755316981619,60
973,47761,0.4341755316981619,60
974,48253,0.4341755316981619,60
975,48745,0.4341755316981619,60
976,49237,0.43416216555197756,60
977,49729,0.43416216555197756,60
978,50221,0.43416216555197756,60
979,50713,0.43416216555197756,60
980,51205,0.43416216555197756,60
981,51697,0.43416216555197756,60
982,52189,0.43416216555197756,60
983,52681,0.43416216555197756,60
984,53173,0.43416216555197756,60
985,53665,0.43416216555197756,60
986,54157,0.43416216555197756,60
987,54649,0.43416216555197756,60
988,55141,0.43416216555197756,60
989,55633,0.43416216555197756,60
990,56125,0.43416216555197756,60
991,56617,0.43416216555197756,60
992,57109,0.43416216555197756,60
993,57601,0.43416216555197756,60
994,58093,0.43416216555197756,60
995,58585,0.43416216555197756,60
996,59077,0.43416216555197756,60
997,60676,0.43416216555197756,60
998,62152,0.43416216555197756,60
999,63628,0.43416216555197756,60
1000,65104,0.43416216555197756,60
1001,66580,0.43416216555197756,60
1002,68056,0.43416216555197756,60
1003,69532,0.43416216555197756,60
1004,71008,0.43416216555197756,60
1005,72484,0.37707013141945,60
1006,73960,0.37707013141945,60
1007,75436,0.37707013141945,60
1008,76912,0.37707013141945,60
1009,78388,0.37707013141945,60
1010,79864,0.37707013141945,60
1011,81340,0.37707013141945,60
1012,82816,0.37707013141945,60
1013,84292,0.37707013141945,60
1014,85768,0.37707013141945,60
1015,87244,0.37707013141945,60
1016,88720,0.37707013141945,60
1017,90196,0.37707013141945,60
1018,91672,0.37707013141945,60
1019,93148,0.37707013141945,60
1020,94624,0.37707013141945,60
1021,96100,0.37707013141945,60
1022,97576,0.37707013141945,60
1023,99052,0.37707013141945,60
1024,100528,0.37707013141945,60
1025,102004,0.37707013141945,60
1026,103480,0.3771750652845936,60
1027,104956,0.3771750652845936,60
1028,106432,0.3771750652845936,60
1029,107908,0.3771750652845936,60
1030,109384,0.3771750652845936,60
1031,110860,0.3771750652845936,60
1032,112336,0.3771750652845936,60
1033,113812,0.3771750652845936,60
1034,115288,0.3771750652845936,60
1035,116764,0.3771750652845936,60
1036,118240,0.3771750652845936,60
1037,119716,0.4912782752544659,60
1038,121192,0.4912782752544659,60
1039,122668,0.4912782752544659,60
1040,124144,0.4912782752544659,60
1041,125620,0.3771749990723396,60
1042,127096,0.3771749990723396,60
1043,128572,0.3771749990723396,60
1044,130048,0.3771749990723396,60
1045,131524,0.3771749990723396,60
1046,133000,0.3771749990723396,60
1047,134476,0.3771749990723396,60
1048,135952,0.3771749990723396,60
1049,137428,0.3771749990723396,60
1050,138904,0.3771749990723396,60
1051,140380,0.3771749990723396,60
1052,141856,0.3771749990723396,60
1053,143332,0.37707013141945,60
1054,144808,0.37707013141945,60
1055,146284,0.37707013141945,60
1056,147760,0.37707013141945,60
1057,149236,0.37707013141945,60
1058,150712,0.37707013141945,60
1059,152188,0.37707013141945,60
1060,153664,0.37707013141945,60
1061,155140,0.37707013141945,60
1062,156616,0.37671959213065614,60
1063,158092,0.37671959213065614,60
1064,159568,0.37671959213065614,60
1065,161044,0.37671959213065614,60
1066,162520,0.37671959213065614,60
1067,163996,0.37671959213065614,60
1068,165472,0.37671959213065614,60
1069,166948,0.37671959213065614,60
1070,168424,0.37671959213065614,60
1071,169900,0.37671959213065614,60
1072,171376,0.37671959213065614,60
1073,172852,0.37671959213065614,60
1074,174328,0.37671959213065614,60
1075,175804,0.37671959213065614,60
1076,177280,0.37671959213065614,60
1077,178756,0.37671959213065614,60
1078,180232,0.37671959213065614,60
1079,181708,0.37671959213065614,60
1080,183184,0.3977362745631556,60
1081,184660,0.3977362745631556,60
1082,186136,0.3977362745631556,60
1083,187612,0.3977362745631556,60
1084,189088,0.37671959213065614,60
1085,190564,0.37671959213065614,60
1086,192040,0.37671959213065614,60
1087,193516,0.3765116255144389,60
1088,194992,0.3765116255144389,60
1089,196468,0.3765116255144389,60
1090,197944,0.3765116255144389,60
1091,199420,0.3765116255144389,60
1092,200896,0.3765116255144389,60
1093,202372,0.3765116255144389,60
1094,203848,0.3765116255144389,60
1095,205324,0.37500000000000044,60
1096,206800,0.37500000000000044,60
1097,210838,0.37500000000000044,60
1098,214254,0.37500000000000044,60
1099,217670,0.37500000000000044,60
1100,221086,0.37500000000000044,60
1101,224502,0.37500000000000044,60
1102,227918,0.37500000000000044,60
1103,231334,0.37500000000000044,60
1104,234750,0.37500000000000044,60
1105,238166,0.37500000000000044,60
1106,241582,0.37500000000000044,60
1107,244998,0.37500000000000044,60
1108,248414,0.37500000000000044,60
1109,251830,0.37500000000000044,60
1110,100,0.34705091252941733,90
1111,200,0.44691683140089095,90
1112,300,0.44691683140089095,90
1113,400,0.44691683140089095,90
1114,500,0.2827837853016909,90
1115,600,0.2827837853016909,90
1116,700,0.2827837853016909,90
1117,800,0.3061773560438872,90
1118,900,0.3061773560438872,90
1119,1000,0.3061773560438872,90
1120,1100,0.3081021908687578,90
1121,1200,0.3081021908687578,90
1122,1300,0.3081021908687578,90
1123,1400,0.3081021908687578,90
1124,1500,0.30866919942020044,90
1125,1600,0.30866919942020044,90
1126,1700,0.30866919942020044,90
1127,1800,0.30866919942020044,90
1128,1900,0.3081021908687578,90
1129,2000,0.3081021908687578,90
1130,2100,0.3081021908687578,90
1131,2200,0.3081021908687578,90
1132,2300,0.3081021908687578,90
1133,2400,0.31493961245689683,90
1134,2500,0.31493961245689683,90
1135,2600,0.31493961245689683,90
1136,2700,0.31493961245689683,90
1137,2800,0.31493961245689683,90
1138,2900,0.31493961245689683,90
1139,3000,0.31493961245689683,90
1140,3100,0.31823585652178976,90
1141,3200,0.31823585652178976,90
1142,3300,0.31823585652178976,90
1143,3400,0.31823585652178976,90
1144,3500,0.31823585652178976,90
1145,3600,0.31823585652178976,90
1146,3700,0.31823585652178976,90
1147,3800,0.31823585652178976,90
1148,3900,0.31823585652178976,90
1149,4000,0.31823585652178976,90
1150,4100,0.31823585652178976,90
1151,4200,0.31823585652178976,90
1152,4300,0.31823585652178976,90
1153,4400,0.31823585652178976,90
1154,4500,0.31823585652178976,90
1155,4600,0.31493961245689683,90
1156,4700,0.31493961245689683,90
1157,4800,0.31493961245689683,90
1158,4900,0.31493961245689683,90
1159,5000,0.31493961245689683,90
1160,5100,0.31493961245689683,90
1161,5200,0.31493961245689683,90
1162,5300,0.31493961245689683,90
1163,5400,0.31493961245689683,90
1164,5500,0.31493961245689683,90
1165,5600,0.31493961245689683,90
1166,5700,0.31493961245689683,90
1167,5800,0.31493961245689683,90
1168,5900,0.31493961245689683,90
1169,6000,0.31493961245689683,90
1170,6100,0.31493961245689683,90
1171,6200,0.31493961245689683,90
1172,6300,0.31493961245689683,90
1173,6400,0.31493961245689683,90
1174,6500,0.31493961245689683,90
1175,6600,0.31493961245689683,90
1176,6700,0.31493961245689683,90
1177,6800,0.31493961245689683,90
1178,6900,0.31493961245689683,90
1179,7000,0.31493961245689683,90
1180,7100,0.31493961245689683,90
1181,7200,0.31493961245689683,90
1182,7300,0.31493961245689683,90
1183,7400,0.31493961245689683,90
1184,7500,0.37500000000000044,90
1185,7600,0.37500000000000044,90
1186,7700,0.37500000000000044,90
1187,7800,0.37500000000000044,90
1188,7900,0.37500000000000044,90
1189,8000,0.37500000000000044,90
1190,8100,0.37500000000000044,90
1191,8200,0.37500000000000044,90
1192,8300,0.37500000000000044,90
1193,8400,0.37500000000000044,90
1194,8500,0.37500000000000044,90
1195,8600,0.37500000000000044,90
1196,8700,0.37500000000000044,90
1197,8800,0.37500000000000044,90
1198,8900,0.37500000000000044,90
1199,9000,0.37500000000000044,90
1200,9100,0.37500000000000044,90
1201,9200,0.37500000000000044,90
1202,9300,0.37500000000000044,90
1203,9400,0.37500000000000044,90
1204,9500,0.37500000000000044,90
1205,9600,0.37500000000000044,90
1206,9700,0.37500000000000044,90
1207,9800,0.37500000000000044,90
1208,9900,0.37500000000000044,90
1209,10570,0.37500000000000044,90
1210,11330,0.37500000000000044,90
1211,12090,0.37500000000000044,90
1212,12850,0.37500000000000044,90
1213,13610,0.37500000000000044,90
1214,14370,0.37500000000000044,90
1215,15130,0.37500000000000044,90
1216,15890,0.37500000000000044,90
1217,16650,0.37500000000000044,90
1218,17410,0.37500000000000044,90
1219,18170,0.37500000000000044,90
1220,18930,0.37500000000000044,90
1221,19690,0.37500000000000044,90
1222,20450,0.37500000000000044,90
1223,21210,0.37500000000000044,90
1224,21970,0.37500000000000044,90
1225,22730,0.37500000000000044,90
1226,23490,0.37500000000000044,90
1227,24250,0.37500000000000044,90
1228,25010,0.37500000000000044,90
1229,25770,0.37500000000000044,90
1230,26530,0.37500000000000044,90
1231,27290,0.37500000000000044,90
1232,28050,0.5,90
1233,28810,0.625,90
1234,29570,0.625,90
1235,30330,0.5,90
1236,31090,0.5,90
1237,31850,0.5,90
1238,32610,0.5,90
1239,33370,0.5,90
1240,34130,0.5,90
1241,34890,0.5,90
1242,35650,0.37500000000000044,90
1243,36410,0.37500000000000044,90
1244,37170,0.37500000000000044,90
1245,37930,0.37500000000000044,90
1246,38690,0.37500000000000044,90
1247,39450,0.37500000000000044,90
1248,40210,0.37500000000000044,90
1249,40970,0.37500000000000044,90
1250,41730,0.37500000000000044,90
1251,42490,0.37500000000000044,90
1252,43250,0.37500000000000044,90
1253,44010,0.5,90
1254,44770,0.5,90
1255,45530,0.5,90
1256,46290,0.5,90
1257,47050,0.5,90
1258,47810,0.5,90
1259,48570,0.5,90
1260,49330,0.5,90
1261,50090,0.5,90
1262,50850,0.5,90
1263,51610,0.5,90
1264,52370,0.5,90
1265,53130,0.5,90
1266,53890,0.5,90
1267,54650,0.5,90
1268,55410,0.5,90
1269,56170,0.5,90
1270,56930,0.5,90
1271,57690,0.5,90
1272,58450,0.5,90
1273,59210,0.5,90
1274,59970,0.5,90
1275,60730,0.5,90
1276,61490,0.5,90
1277,62250,0.5,90
1278,63010,0.5,90
1279,63770,0.5,90
1280,64530,0.5,90
1281,65290,0.5,90
1282,66050,0.5,90
1283,66810,0.5,90
1284,67570,0.5,90
1285,68330,0.625,90
1286,69090,0.625,90
1287,69850,0.625,90
1288,70610,0.625,90
1289,71370,0.625,90
1290,72130,0.625,90
1291,72890,0.625,90
1292,73650,0.625,90
1293,74410,0.625,90
1294,75170,0.625,90
1295,75930,0.625,90
1296,76690,0.625,90
1297,77450,0.625,90
1298,78210,0.625,90
1299,78970,0.625,90
1300,79730,0.625,90
1301,80490,0.625,90
1302,81250,0.625,90
1303,82010,0.625,90
1304,82770,0.625,90
1305,83530,0.625,90
1306,84290,0.625,90
1307,85050,0.5,90
1308,85810,0.5,90
1309,87992,0.5,90
1310,89888,0.5,90
1311,91784,0.5,90
1312,93680,0.5,90
1313,95576,0.5,90
1314,97472,0.5,90
1315,99368,0.5,90
1316,101264,0.5,90
1317,103160,0.5,90
1318,105056,0.5,90
1319,106952,0.5,90
1320,108848,0.5,90
1321,110744,0.5,90
1322,112640,0.5,90
1323,114536,0.5,90
1324,116432,0.5,90
1325,118328,0.5,90
1326,120224,0.5,90
1327,122120,0.5,90
1328,124016,0.5,90
1329,125912,0.5,90
1330,127808,0.5,90
1331,129704,0.5,90
1332,131600,0.5,90
1333,133496,0.5,90
1334,135392,0.5,90
1335,137288,0.5,90
1336,139184,0.5,90
1337,141080,0.5,90
1338,142976,0.5,90
1339,144872,0.5,90
1340,146768,0.5,90
1341,148664,0.5,90
1342,150560,0.5,90
1343,152456,0.5,90
1344,154352,0.5,90
1345,156248,0.5,90
1346,158144,0.5,90
1347,160040,0.5,90
1348,161936,0.5,90
1349,163832,0.5,90
1350,165728,0.5,90
1351,167624,0.5,90
1352,169520,0.5,90
1353,171416,0.5,90
1354,173312,0.5,90
1355,175208,0.5,90
1356,177104,0.5,90
1357,179000,0.5,90
1358,180896,0.5,90
1359,182792,0.5,90
1360,184688,0.5,90
1361,186584,0.5,90
1362,188480,0.5,90
1363,190376,0.5,90
1364,192272,0.5,90
1365,194168,0.5,90
1366,196064,0.5,90
1367,197960,0.5,90
1368,199856,0.5,90
1369,201752,0.5,90
1370,203648,0.5,90
1371,205544,0.5,90
1372,207440,0.5,90
1373,209336,0.5,90
1374,211232,0.5,90
1375,213128,0.5,90
1376,215024,0.5,90
1377,216920,0.5,90
1378,218816,0.5,90
1379,220712,0.5,90
1380,222608,0.5,90
1381,224504,0.5,90
1382,226400,0.5,90
1383,228296,0.5,90
1384,230192,0.5,90
1385,232088,0.5,90
1386,233984,0.5,90
1387,235880,0.5,90
1388,237776,0.5,90
1389,239672,0.5,90
1390,241568,0.5,90
1391,243464,0.5,90
1392,245360,0.5,90
1393,247256,0.5,90
1394,249152,0.5,90
1395,251048,0.5,90
1396,100,0.3033633677766571,20
1397,200,0.3033633677766571,20
1398,300,0.3033633677766571,20
1399,400,0.3033633677766571,20
1400,500,0.29741256210028993,20
1401,600,0.29741256210028993,20
1402,700,0.29741256210028993,20
1403,800,0.29741256210028993,20
1404,900,0.29741256210028993,20
1405,1000,0.29741256210028993,20
1406,1100,0.29741256210028993,20
1407,1200,0.29741256210028993,20
1408,1300,0.29741256210028993,20
1409,1400,0.29741256210028993,20
1410,1500,0.29741256210028993,20
1411,1600,0.29741256210028993,20
1412,1700,0.29741256210028993,20
1413,1800,0.29741256210028993,20
1414,1900,0.29741256210028993,20
1415,2000,0.29741256210028993,20
1416,2100,0.29741256210028993,20
1417,2200,0.29741256210028993,20
1418,2300,0.3069964915962076,20
1419,2400,0.3126839514233444,20
1420,2500,0.3126839514233444,20
1421,2600,0.3126839514233444,20
1422,2700,0.3126839514233444,20
1423,2800,0.31300436353996525,20
1424,2900,0.31300436353996525,20
1425,3000,0.31300436353996525,20
1426,3100,0.31300436353996525,20
1427,3200,0.31300436353996525,20
1428,3300,0.38676543742920316,20
1429,3400,0.38676543742920316,20
1430,3500,0.38676543742920316,20
1431,3600,0.38676543742920316,20
1432,3700,0.38676543742920316,20
1433,3800,0.38676543742920316,20
1434,3900,0.38676543742920316,20
1435,4000,0.38676543742920316,20
1436,4100,0.38676543742920316,20
1437,4200,0.38676543742920316,20
1438,4300,0.38676543742920316,20
1439,4400,0.38675463512445346,20
1440,4500,0.38675463512445346,20
1441,4600,0.38675463512445346,20
1442,4700,0.38675463512445346,20
1443,4800,0.38675463512445346,20
1444,4900,0.38675463512445346,20
1445,5000,0.38675463512445346,20
1446,5100,0.38675463512445346,20
1447,5200,0.38675463512445346,20
1448,5300,0.38675463512445346,20
1449,5400,0.38675463512445346,20
1450,5500,0.38675463512445346,20
1451,5600,0.38675463512445346,20
1452,5700,0.38675463512445346,20
1453,5800,0.38675463512445346,20
1454,5900,0.38675463512445346,20
1455,6000,0.38675463512445346,20
1456,6100,0.38675463512445346,20
1457,6200,0.38675463512445346,20
1458,6300,0.38675463512445346,20
1459,6400,0.38675463512445346,20
1460,6500,0.38675463512445346,20
1461,6600,0.38675463512445346,20
1462,6700,0.38675463512445346,20
1463,6800,0.38675463512445346,20
1464,6900,0.38675463512445346,20
1465,7000,0.38675463512445346,20
1466,7100,0.38675463512445346,20
1467,7200,0.3665797366204256,20
1468,7300,0.3665797366204256,20
1469,7400,0.3665797366204256,20
1470,7500,0.3665797366204256,20
1471,7600,0.3665797366204256,20
1472,7700,0.3665797366204256,20
1473,7800,0.3665797366204256,20
1474,7900,0.3665797366204256,20
1475,8000,0.3665797366204256,20
1476,8100,0.3665797366204256,20
1477,8200,0.3665797366204256,20
1478,8300,0.3665797366204256,20
1479,8400,0.37212975038771584,20
1480,8500,0.37212975038771584,20
1481,8600,0.36657914351873655,20
1482,8700,0.36657914351873655,20
1483,8800,0.36657914351873655,20
1484,8900,0.36649946783215015,20
1485,9000,0.36649946783215015,20
1486,9100,0.36649946783215015,20
1487,9200,0.36649946783215015,20
1488,9300,0.36649946783215015,20
1489,9400,0.36649946783215015,20
1490,9500,0.36686760798563245,20
1491,9600,0.36686760798563245,20
1492,9700,0.36686760798563245,20
1493,9800,0.36829113423558174,20
1494,9900,0.36829113423558174,20
1495,10645,0.36829113423558174,20
1496,11505,0.36829113423558174,20
1497,12365,0.36829113423558174,20
1498,13225,0.36829113423558174,20
1499,14085,0.36829113423558174,20
1500,14945,0.36829113423558174,20
1501,15805,0.36829113423558174,20
1502,16665,0.36829113423558174,20
1503,17525,0.36829113423558174,20
1504,18385,0.36829113423558174,20
1505,19245,0.36829113423558174,20
1506,20105,0.36829113423558174,20
1507,20965,0.36829113423558174,20
1508,21825,0.36829113423558174,20
1509,22685,0.36829113423558174,20
1510,23545,0.36829113423558174,20
1511,24405,0.36829113423558174,20
1512,25265,0.36829113423558174,20
1513,26125,0.36829113423558174,20
1514,26985,0.36829113423558174,20
1515,27845,0.36829113423558174,20
1516,28705,0.36829113423558174,20
1517,29565,0.36829113423558174,20
1518,30425,0.37500000000000044,20
1519,31285,0.37500000000000044,20
1520,32145,0.37500000000000044,20
1521,33005,0.37500000000000044,20
1522,33865,0.36829113423558174,20
1523,34725,0.36829113423558174,20
1524,35585,0.36829113423558174,20
1525,36445,0.36829113423558174,20
1526,37305,0.36829113423558174,20
1527,38165,0.375,20
1528,39025,0.375,20
1529,39885,0.375,20
1530,40745,0.38109549747258614,20
1531,41605,0.38109549747258614,20
1532,42465,0.38109549747258614,20
1533,43325,0.38109549747258614,20
1534,44185,0.38109549747258614,20
1535,45045,0.38109549747258614,20
1536,45905,0.38109549747258614,20
1537,46765,0.38109549747258614,20
1538,47625,0.38109549747258614,20
1539,48485,0.38109549747258614,20
1540,49345,0.38109549747258614,20
1541,50205,0.38109549747258614,20
1542,51065,0.375,20
1543,51925,0.375,20
1544,52785,0.375,20
1545,53645,0.375,20
1546,54505,0.375,20
1547,55365,0.375,20
1548,56225,0.375,20
1549,57085,0.375,20
1550,57945,0.375,20
1551,58805,0.375,20
1552,59665,0.375,20
1553,60525,0.375,20
1554,61385,0.375,20
1555,62245,0.375,20
1556,63105,0.375,20
1557,63965,0.375,20
1558,64825,0.375,20
1559,65685,0.375,20
1560,66545,0.375,20
1561,67405,0.37500000000000044,20
1562,68265,0.37500000000000044,20
1563,69125,0.37500000000000044,20
1564,69985,0.37500000000000044,20
1565,70845,0.37500000000000044,20
1566,71705,0.37500000000000044,20
1567,72565,0.37500000000000044,20
1568,73425,0.37500000000000044,20
1569,74285,0.37500000000000044,20
1570,75145,0.37500000000000044,20
1571,76005,0.37500000000000044,20
1572,76865,0.38746025166170567,20
1573,77725,0.38714962826149446,20
1574,78585,0.38714962826149446,20
1575,79445,0.38714962826149446,20
1576,80305,0.387149551200959,20
1577,81165,0.387149551200959,20
1578,82025,0.387149551200959,20
1579,82885,0.387149551200959,20
1580,83745,0.387149551200959,20
1581,84605,0.387149551200959,20
1582,85465,0.37500000000000044,20
1583,86325,0.37500000000000044,20
1584,87185,0.4066624596928897,20
1585,88045,0.4066624596928897,20
1586,88905,0.4066624596928897,20
1587,89765,0.4066624596928897,20
1588,90625,0.4066624596928897,20
1589,91485,0.4066624596928897,20
1590,92345,0.4066624596928897,20
1591,93205,0.4066624596928897,20
1592,94065,0.4066624596928897,20
1593,94925,0.4066624596928897,20
1594,95785,0.4066624596928897,20
1595,98610,0.4066624596928897,20
1596,101230,0.4066624596928897,20
1597,103850,0.4066624596928897,20
1598,106470,0.4066624596928897,20
1599,109090,0.4066624596928897,20
1600,111710,0.4066624596928897,20
1601,114330,0.37500000000000044,20
1602,116950,0.37500000000000044,20
1603,119570,0.37500000000000044,20
1604,122190,0.37500000000000044,20
1605,124810,0.37500000000000044,20
1606,127430,0.37500000000000044,20
1607,130050,0.37500000000000044,20
1608,132670,0.37500000000000044,20
1609,135290,0.5000000000000004,20
1610,137910,0.5000000000000004,20
1611,140530,0.5000000000000004,20
1612,143150,0.5000000000000004,20
1613,145770,0.5000000000000004,20
1614,148390,0.5000000000000004,20
1615,151010,0.5000000000000004,20
1616,153630,0.5000000000000004,20
1617,156250,0.5000000000000004,20
1618,158870,0.5000000000000004,20
1619,161490,0.5000000000000004,20
1620,164110,0.5000000000000004,20
1621,166730,0.5000000000000004,20
1622,169350,0.5000000000000004,20
1623,171970,0.5000000000000004,20
1624,174590,0.5000000000000004,20
1625,177210,0.5000000000000004,20
1626,179830,0.5000000000000004,20
1627,182450,0.5000000000000004,20
1628,185070,0.5000000000000004,20
1629,187690,0.5000000000000004,20
1630,190310,0.5000000000000004,20
1631,192930,0.5000000000000004,20
1632,195550,0.5,20
1633,198170,0.5,20
1634,200790,0.5,20
1635,203410,0.5,20
1636,206030,0.5,20
1637,208650,0.5,20
1638,211270,0.5,20
1639,213890,0.5,20
1640,216510,0.5,20
1641,219130,0.5,20
1642,221750,0.5,20
1643,224370,0.5,20
1644,226990,0.5,20
1645,229610,0.5,20
1646,232230,0.5,20
1647,234850,0.5,20
1648,237470,0.5,20
1649,240090,0.5,20
1650,242710,0.37500000000000044,20
1651,245330,0.37500000000000044,20
1652,247950,0.37500000000000044,20
1653,250570,0.37500000000000044,20
1654,100,0.31036952537919504,50
1655,200,0.306043270330084,50
1656,300,0.306043270330084,50
1657,400,0.2579164870149897,50
1658,500,0.2579164870149897,50
1659,600,0.2579164870149897,50
1660,700,0.2579164870149897,50
1661,800,0.2579164870149897,50
1662,900,0.2579164870149897,50
1663,1000,0.2579164870149897,50
1664,1100,0.2579164870149897,50
1665,1200,0.2579164870149897,50
1666,1300,0.26892225629769534,50
1667,1400,0.26892225629769534,50
1668,1500,0.26892225629769534,50
1669,1600,0.26892225629769534,50
1670,1700,0.26892225629769534,50
1671,1800,0.26892225629769534,50
1672,1900,0.26892225629769534,50
1673,2000,0.26892225629769534,50
1674,2100,0.3060442025885293,50
1675,2200,0.3060442025885293,50
1676,2300,0.3060442025885293,50
1677,2400,0.3060442025885293,50
1678,2500,0.3060442025885293,50
1679,2600,0.3060442025885293,50
1680,2700,0.3060442025885293,50
1681,2800,0.3060442025885293,50
1682,2900,0.3060442025885293,50
1683,3000,0.3060442025885293,50
1684,3100,0.3060442025885293,50
1685,3200,0.3060442025885293,50
1686,3300,0.3060442025885293,50
1687,3400,0.3060442025885293,50
1688,3500,0.3060442025885293,50
1689,3600,0.3060442025885293,50
1690,3700,0.3060442025885293,50
1691,3800,0.3060442025885293,50
1692,3900,0.3060442025885293,50
1693,4000,0.3060442025885293,50
1694,4100,0.3060442025885293,50
1695,4200,0.3060442025885293,50
1696,4300,0.3060442025885293,50
1697,4400,0.3060442025885293,50
1698,4500,0.3060442025885293,50
1699,4600,0.3060442025885293,50
1700,4700,0.3060442025885293,50
1701,4800,0.3060442025885293,50
1702,4900,0.3060442025885293,50
1703,5000,0.30511386616512404,50
1704,5100,0.30511386616512404,50
1705,5200,0.30511386616512404,50
1706,5300,0.30511386616512404,50
1707,5400,0.30511386616512404,50
1708,5500,0.30511386616512404,50
1709,5600,0.30511386616512404,50
1710,5700,0.30511386616512404,50
1711,5800,0.30511386616512404,50
1712,5900,0.30511386616512404,50
1713,6000,0.30511386616512404,50
1714,6100,0.30511386616512404,50
1715,6200,0.30511386616512404,50
1716,6300,0.30511386616512404,50
1717,6400,0.30511386616512404,50
1718,6500,0.30511386616512404,50
1719,6600,0.30511386616512404,50
1720,6700,0.30511386616512404,50
1721,6800,0.30511386616512404,50
1722,6900,0.30511386616512404,50
1723,7000,0.30511386616512404,50
1724,7100,0.30511386616512404,50
1725,7200,0.30511386616512404,50
1726,7300,0.30511386616512404,50
1727,7400,0.30511386616512404,50
1728,7500,0.30511386616512404,50
1729,7600,0.30511386616512404,50
1730,7700,0.30511386616512404,50
1731,7800,0.30511386616512404,50
1732,7900,0.30511386616512404,50
1733,8000,0.30511386616512404,50
1734,8100,0.30511386616512404,50
1735,8200,0.30511386616512404,50
1736,8300,0.30511386616512404,50
1737,8400,0.30511386616512404,50
1738,8500,0.30511386616512404,50
1739,8600,0.30511386616512404,50
1740,8700,0.30511386616512404,50
1741,8800,0.30511386616512404,50
1742,8900,0.30511386616512404,50
1743,9000,0.30511386616512404,50
1744,9100,0.30511386616512404,50
1745,9200,0.30511386616512404,50
1746,9300,0.30511386616512404,50
1747,9400,0.30511386616512404,50
1748,9500,0.25019637256040717,50
1749,9600,0.2668708381607331,50
1750,9700,0.2668708381607331,50
1751,9800,0.3101199508523896,50
1752,9900,0.3090805778761168,50
1753,10453,0.3090805778761168,50
1754,11057,0.3090805778761168,50
1755,11661,0.3090805778761168,50
1756,12265,0.3090805778761168,50
1757,12869,0.3090805778761168,50
1758,13473,0.3090805778761168,50
1759,14077,0.3090805778761168,50
1760,14681,0.3090805778761168,50
1761,15285,0.3090805778761168,50
1762,15889,0.3090805778761168,50
1763,16493,0.3090805778761168,50
1764,17097,0.3090805778761168,50
1765,17701,0.3090805778761168,50
1766,18305,0.3090805778761168,50
1767,18909,0.3090805778761168,50
1768,19513,0.3090805778761168,50
1769,20117,0.3090805778761168,50
1770,20721,0.3090805778761168,50
1771,21325,0.3090805778761168,50
1772,21929,0.3090805778761168,50
1773,22533,0.3090805778761168,50
1774,23137,0.3090805778761168,50
1775,23741,0.3090805778761168,50
1776,24345,0.3090805778761168,50
1777,24949,0.3090805778761168,50
1778,25553,0.3090805778761168,50
1779,26157,0.3090805778761168,50
1780,26761,0.3090805778761168,50
1781,27365,0.3090805778761168,50
1782,27969,0.3090805778761168,50
1783,28573,0.3090805778761168,50
1784,29177,0.3090805778761168,50
1785,29781,0.3090805778761168,50
1786,30385,0.3090805778761168,50
1787,30989,0.3090805778761168,50
1788,31593,0.3090805778761168,50
1789,32197,0.38702752728336587,50
1790,32801,0.38702752728336587,50
1791,33405,0.38702752728336587,50
1792,34009,0.38702752728336587,50
1793,34613,0.38702752728336587,50
1794,35217,0.38702752728336587,50
1795,35821,0.38702752728336587,50
1796,36425,0.38702752728336587,50
1797,37029,0.38702752728336587,50
1798,37633,0.38702752728336587,50
1799,38237,0.38702752728336587,50
1800,38841,0.38702752728336587,50
1801,39445,0.38702752728336587,50
1802,40049,0.38702752728336587,50
1803,40653,0.38702752728336587,50
1804,41257,0.38702752728336587,50
1805,41861,0.38702752728336587,50
1806,42465,0.38702752728336587,50
1807,43069,0.38702752728336587,50
1808,43673,0.38702752728336587,50
1809,44277,0.3906778169910497,50
1810,44881,0.4096355366098004,50
1811,45485,0.4096355366098004,50
1812,46089,0.4096355366098004,50
1813,46693,0.4096355366098004,50
1814,47297,0.4096355366098004,50
1815,47901,0.4141716596147867,50
1816,48505,0.4141716596147867,50
1817,49109,0.4141716596147867,50
1818,49713,0.4141716596147867,50
1819,50317,0.4141716596147867,50
1820,50921,0.4141716596147867,50
1821,51525,0.4141716596147867,50
1822,52129,0.4141716596147867,50
1823,52733,0.4141716596147867,50
1824,53337,0.4141716596147867,50
1825,53941,0.4141716596147867,50
1826,54545,0.4141716596147867,50
1827,55149,0.4141716596147867,50
1828,55753,0.4141716596147867,50
1829,56357,0.4141716596147867,50
1830,56961,0.4141716596147867,50
1831,57565,0.4141716596147867,50
1832,58169,0.4141716596147867,50
1833,58773,0.4141716596147867,50
1834,59377,0.4141716596147867,50
1835,59981,0.4141716596147867,50
1836,60585,0.4141716596147867,50
1837,61189,0.4141716596147867,50
1838,61793,0.4141716596147867,50
1839,62397,0.4141716596147867,50
1840,63001,0.4141716596147867,50
1841,63605,0.4141716596147867,50
1842,64209,0.4141716596147867,50
1843,64813,0.4141716596147867,50
1844,65417,0.4141716596147867,50
1845,66021,0.4141716596147867,50
1846,66625,0.4141716596147867,50
1847,67229,0.414981802313881,50
1848,67833,0.414981802313881,50
1849,68437,0.414981802313881,50
1850,69041,0.414981802313881,50
1851,69645,0.414981802313881,50
1852,70249,0.414981802313881,50
1853,72584,0.4141716596147867,50
1854,74892,0.4141716596147867,50
1855,77200,0.4141716596147867,50
1856,79508,0.4141716596147867,50
1857,81816,0.4141716596147867,50
1858,84124,0.4141716596147867,50
1859,86432,0.4141716596147867,50
1860,88740,0.4141716596147867,50
1861,91048,0.4141716596147867,50
1862,93356,0.4141716596147867,50
1863,95664,0.44392558369553964,50
1864,97972,0.44392558369553964,50
1865,100280,0.44392558369553964,50
1866,102588,0.44392558369553964,50
1867,104896,0.44392558369553964,50
1868,107204,0.44392558369553964,50
1869,109512,0.44392558369553964,50
1870,111820,0.4146555686692301,50
1871,114128,0.4146555686692301,50
1872,116436,0.4146555686692301,50
1873,118744,0.4146555686692301,50
1874,121052,0.4146555686692301,50
1875,123360,0.4146555686692301,50
1876,125668,0.4146555686692301,50
1877,127976,0.4233968093331021,50
1878,130284,0.4233968093331021,50
1879,132592,0.4233968093331021,50
1880,134900,0.4233968093331021,50
1881,137208,0.4233968093331021,50
1882,139516,0.4233968093331021,50
1883,141824,0.4233968093331021,50
1884,144132,0.4233968093331021,50
1885,146440,0.4233968093331021,50
1886,148748,0.4233968093331021,50
1887,151056,0.4233968093331021,50
1888,153364,0.4233968093331021,50
1889,155672,0.4233968093331021,50
1890,157980,0.4233968093331021,50
1891,160288,0.4233968093331021,50
1892,162596,0.4233968093331021,50
1893,164904,0.4233968093331021,50
1894,167212,0.4233968093331021,50
1895,169520,0.4233968093331021,50
1896,171828,0.4233968093331021,50
1897,174136,0.4233968093331021,50
1898,176444,0.4233968093331021,50
1899,178752,0.4233968093331021,50
1900,181060,0.4233968093331021,50
1901,183368,0.4233968093331021,50
1902,185676,0.4233968093331021,50
1903,187984,0.4233968093331021,50
1904,190292,0.4233968093331021,50
1905,192600,0.4233968093331021,50
1906,194908,0.4233968093331021,50
1907,197216,0.4233968093331021,50
1908,199524,0.4233968093331021,50
1909,201832,0.4233968093331021,50
1910,204140,0.42408482639327505,50
1911,206448,0.42408482639327505,50
1912,208756,0.42408482639327505,50
1913,211064,0.42408482639327505,50
1914,213372,0.42408482639327505,50
1915,215680,0.42408482639327505,50
1916,217988,0.42408482639327505,50
1917,220296,0.42408482639327505,50
1918,222604,0.42408482639327505,50
1919,224912,0.4234597051241449,50
1920,227220,0.4234597051241449,50
1921,229528,0.4234597051241449,50
1922,231836,0.4234597051241449,50
1923,234144,0.4234597051241449,50
1924,236452,0.4234597051241449,50
1925,238760,0.4234597051241449,50
1926,241068,0.4234597051241449,50
1927,243376,0.4234597051241449,50
1928,245684,0.4234597051241449,50
1929,247992,0.4234597051241449,50
1930,250300,0.4234597051241449,50
1931,100,0.1996138299378909,10
1932,200,0.33541283283090345,10
1933,300,0.33541283283090345,10
1934,400,0.33541283283090345,10
1935,500,0.33541283283090345,10
1936,600,0.33541283283090345,10
1937,700,0.37930498315705063,10
1938,800,0.37930498315705063,10
1939,900,0.37930498315705063,10
1940,1000,0.37930498315705063,10
1941,1100,0.37930498315705063,10
1942,1200,0.37930498315705063,10
1943,1300,0.37930498315705063,10
1944,1400,0.5000000000000004,10
1945,1500,0.5000000000000004,10
1946,1600,0.5000000000000004,10
1947,1700,0.5000000000000004,10
1948,1800,0.5000000000000004,10
1949,1900,0.5000000000000004,10
1950,2000,0.38687965986861195,10
1951,2100,0.3816206876473513,10
1952,2200,0.3816206876473513,10
1953,2300,0.3816206876473513,10
1954,2400,0.3816206876473513,10
1955,2500,0.3816206876473513,10
1956,2600,0.3816206876473513,10
1957,2700,0.3816206876473513,10
1958,2800,0.3816206876473513,10
1959,2900,0.3816206876473513,10
1960,3000,0.3816206876473513,10
1961,3100,0.3816206876473513,10
1962,3200,0.3816206876473513,10
1963,3300,0.38192699725132595,10
1964,3400,0.38192699725132595,10
1965,3500,0.38192699725132595,10
1966,3600,0.38192699725132595,10
1967,3700,0.38192699725132595,10
1968,3800,0.38192699725132595,10
1969,3900,0.38192699725132595,10
1970,4000,0.38192699725132595,10
1971,4100,0.38192699725132595,10
1972,4200,0.38192699725132595,10
1973,4300,0.38192699725132595,10
1974,4400,0.38192699725132595,10
1975,4500,0.37664099422230846,10
1976,4600,0.37664099422230846,10
1977,4700,0.37664099422230846,10
1978,4800,0.37664099422230846,10
1979,4900,0.38101482378015883,10
1980,5000,0.38096942729303473,10
1981,5100,0.38096942729303473,10
1982,5200,0.38096942729303473,10
1983,5300,0.38096942729303473,10
1984,5400,0.38096942729303473,10
1985,5500,0.38096942729303473,10
1986,5600,0.38096942729303473,10
1987,5700,0.38096942729303473,10
1988,5800,0.38096942729303473,10
1989,5900,0.38096942729303473,10
1990,6000,0.38096942729303473,10
1991,6100,0.38096942729303473,10
1992,6200,0.38096942729303473,10
1993,6300,0.38096942729303473,10
1994,6400,0.38096942729303473,10
1995,6500,0.38096942729303473,10
1996,6600,0.38096942729303473,10
1997,6700,0.38096942729303473,10
1998,6800,0.38096942729303473,10
1999,6900,0.38096942729303473,10
2000,7000,0.38096942729303473,10
2001,7100,0.38096942729303473,10
2002,7200,0.38096942729303473,10
2003,7300,0.38096942729303473,10
2004,7400,0.38096942729303473,10
2005,7500,0.38096942729303473,10
2006,7600,0.38096942729303473,10
2007,7700,0.38096942729303473,10
2008,7800,0.38096942729303473,10
2009,7900,0.38096942729303473,10
2010,8000,0.38096942729303473,10
2011,8100,0.38096942729303473,10
2012,8200,0.38096942729303473,10
2013,8300,0.38096942729303473,10
2014,8400,0.38096942729303473,10
2015,8500,0.38096942729303473,10
2016,8600,0.38096942729303473,10
2017,8700,0.38096942729303473,10
2018,8800,0.38096942729303473,10
2019,8900,0.34410530475706513,10
2020,9000,0.34410530475706513,10
2021,9100,0.34410530475706513,10
2022,9200,0.34410530475706513,10
2023,9300,0.34410530475706513,10
2024,9400,0.34410530475706513,10
2025,9500,0.34410530475706513,10
2026,9600,0.34410530475706513,10
2027,9700,0.34410530475706513,10
2028,9800,0.34410530475706513,10
2029,9900,0.34410530475706513,10
2030,10603,0.34410530475706513,10
2031,11407,0.38967354300258233,10
2032,12211,0.38967354300258233,10
2033,13015,0.38967354300258233,10
2034,13819,0.38967354300258233,10
2035,14623,0.38967354300258233,10
2036,15427,0.38967354300258233,10
2037,16231,0.38967354300258233,10
2038,17035,0.38967354300258233,10
2039,17839,0.38967354300258233,10
2040,18643,0.38967354300258233,10
2041,19447,0.38967354300258233,10
2042,20251,0.38967354300258233,10
2043,21055,0.38967354300258233,10
2044,21859,0.38967354300258233,10
2045,22663,0.38967354300258233,10
2046,23467,0.38967354300258233,10
2047,24271,0.38967354300258233,10
2048,25075,0.38967354300258233,10
2049,25879,0.38967354300258233,10
2050,26683,0.38967354300258233,10
2051,27487,0.38967354300258233,10
2052,28291,0.38967354300258233,10
2053,29095,0.38967354300258233,10
2054,29899,0.38967354300258233,10
2055,30703,0.38967354300258233,10
2056,31507,0.38967354300258233,10
2057,32311,0.38967354300258233,10
2058,33115,0.3484224821741778,10
2059,33919,0.3484224821741778,10
2060,34723,0.3484224821741778,10
2061,35527,0.3484224821741778,10
2062,36331,0.3484224821741778,10
2063,37135,0.3484224821741778,10
2064,37939,0.3484224821741778,10
2065,38743,0.3484224821741778,10
2066,39547,0.3484224821741778,10
2067,40351,0.3484224821741778,10
2068,41155,0.3484224821741778,10
2069,41959,0.3484224821741778,10
2070,42763,0.3484224821741778,10
2071,43567,0.3484224821741778,10
2072,44371,0.34783806263713757,10
2073,45175,0.34783806263713757,10
2074,45979,0.34783806263713757,10
2075,46783,0.35988020657796255,10
2076,47587,0.35988020657796255,10
2077,48391,0.35988020657796255,10
2078,49195,0.35988020657796255,10
2079,49999,0.34869876941150685,10
2080,50803,0.34869876941150685,10
2081,51607,0.34869876941150685,10
2082,52411,0.3553442103979016,10
2083,53215,0.3553442103979016,10
2084,54019,0.3553442103979016,10
2085,54823,0.3553442103979016,10
2086,55627,0.35251630437764164,10
2087,56431,0.35251630437764164,10
2088,57235,0.35251630437764164,10
2089,58039,0.35251630437764164,10
2090,58843,0.35251630437764164,10
2091,59647,0.35251630437764164,10
2092,60451,0.35251630437764164,10
2093,61255,0.375,10
2094,62059,0.375,10
2095,62863,0.375,10
2096,63667,0.375,10
2097,64471,0.375,10
2098,65275,0.375,10
2099,66079,0.375,10
2100,66883,0.375,10
2101,67687,0.35251630437764164,10
2102,68491,0.35251630437764164,10
2103,69295,0.3470494943488768,10
2104,70099,0.3470494943488768,10
2105,70903,0.3470494943488768,10
2106,71707,0.3470494943488768,10
2107,72511,0.3470494943488768,10
2108,73315,0.3470494943488768,10
2109,74119,0.3470494943488768,10
2110,74923,0.3470494943488768,10
2111,75727,0.3470494943488768,10
2112,76531,0.3470494943488768,10
2113,77335,0.3470494943488768,10
2114,78139,0.3470494943488768,10
2115,78943,0.3470494943488768,10
2116,79747,0.3470494943488768,10
2117,80551,0.3470494943488768,10
2118,81355,0.3470494943488768,10
2119,82159,0.3470494943488768,10
2120,82963,0.3470494943488768,10
2121,83767,0.3470494943488768,10
2122,84571,0.3470494943488768,10
2123,85375,0.3470494943488768,10
2124,86179,0.3470494943488768,10
2125,86983,0.3470494943488768,10
2126,87787,0.3470494943488768,10
2127,88591,0.375,10
2128,89395,0.375,10
2129,90199,0.375,10
2130,92650,0.375,10
2131,94846,0.375,10
2132,97042,0.375,10
2133,99238,0.375,10
2134,101434,0.375,10
2135,103630,0.375,10
2136,105826,0.375,10
2137,108022,0.375,10
2138,110218,0.375,10
2139,112414,0.3654517141692145,10
2140,114610,0.3654517141692145,10
2141,116806,0.3654517141692145,10
2142,119002,0.375,10
2143,121198,0.37500000000000044,10
2144,123394,0.37500000000000044,10
2145,125590,0.37500000000000044,10
2146,127786,0.5,10
2147,129982,0.5,10
2148,132178,0.5,10
2149,134374,0.37500000000000044,10
2150,136570,0.37500000000000044,10
2151,138766,0.37500000000000044,10
2152,140962,0.37500000000000044,10
2153,143158,0.37500000000000044,10
2154,145354,0.37500000000000044,10
2155,147550,0.37500000000000044,10
2156,149746,0.37500000000000044,10
2157,151942,0.37500000000000044,10
2158,154138,0.37500000000000044,10
2159,156334,0.37500000000000044,10
2160,158530,0.37500000000000044,10
2161,160726,0.37500000000000044,10
2162,162922,0.37500000000000044,10
2163,165118,0.37500000000000044,10
2164,167314,0.37500000000000044,10
2165,169510,0.37500000000000044,10
2166,171706,0.37500000000000044,10
2167,173902,0.37500000000000044,10
2168,176098,0.37500000000000044,10
2169,178294,0.37500000000000044,10
2170,180490,0.37500000000000044,10
2171,182686,0.37500000000000044,10
2172,184882,0.3351759910701141,10
2173,187078,0.3351759910701141,10
2174,189274,0.3351759910701141,10
2175,191470,0.3351759910701141,10
2176,193666,0.3351759910701141,10
2177,195862,0.3351759910701141,10
2178,198058,0.3351759910701141,10
2179,200254,0.3351759910701141,10
2180,202450,0.3351759910701141,10
2181,204646,0.375,10
2182,206842,0.375,10
2183,209038,0.375,10
2184,211234,0.3351759910701141,10
2185,213430,0.3351759910701141,10
2186,215626,0.3351759910701141,10
2187,217822,0.3351759910701141,10
2188,220018,0.3351759910701141,10
2189,222214,0.3351759910701141,10
2190,224410,0.3351759910701141,10
2191,226606,0.3351759910701141,10
2192,228802,0.3351759910701141,10
2193,230998,0.3351759910701141,10
2194,233194,0.33420150665508336,10
2195,235390,0.33420150665508336,10
2196,237586,0.33420150665508336,10
2197,239782,0.33420150665508336,10
2198,241978,0.33420150665508336,10
2199,244174,0.33420150665508336,10
2200,246370,0.33420150665508336,10
2201,248566,0.33420150665508336,10
2202,250762,0.33420150665508336,10
2203,100,0.26569652217890927,100
2204,200,0.2931485375461169,100
2205,300,0.3012604402327548,100
2206,400,0.2931485375461169,100
2207,500,0.2931485375461169,100
2208,600,0.2874321635162389,100
2209,700,0.3104335638104816,100
2210,800,0.3104335638104816,100
2211,900,0.3104335638104816,100
2212,1000,0.3104335638104816,100
2213,1100,0.3104335638104816,100
2214,1200,0.3104335638104816,100
2215,1300,0.3104335638104816,100
2216,1400,0.3104335638104816,100
2217,1500,0.30387036299427994,100
2218,1600,0.30387036299427994,100
2219,1700,0.30387036299427994,100
2220,1800,0.30387036299427994,100
2221,1900,0.30387036299427994,100
2222,2000,0.30387036299427994,100
2223,2100,0.30387036299427994,100
2224,2200,0.30387036299427994,100
2225,2300,0.30387036299427994,100
2226,2400,0.30387036299427994,100
2227,2500,0.30387036299427994,100
2228,2600,0.3258182712056847,100
2229,2700,0.3258182712056847,100
2230,2800,0.3258182712056847,100
2231,2900,0.3258182712056847,100
2232,3000,0.3258182712056847,100
2233,3100,0.3258182712056847,100
2234,3200,0.3258182712056847,100
2235,3300,0.30387036299427994,100
2236,3400,0.30387036299427994,100
2237,3500,0.30387036299427994,100
2238,3600,0.30387036299427994,100
2239,3700,0.30387036299427994,100
2240,3800,0.30387036299427994,100
2241,3900,0.30387036299427994,100
2242,4000,0.30387036299427994,100
2243,4100,0.30387036299427994,100
2244,4200,0.30387036299427994,100
2245,4300,0.30387036299427994,100
2246,4400,0.30387036299427994,100
2247,4500,0.30387036299427994,100
2248,4600,0.3810412091191987,100
2249,4700,0.3810412091191987,100
2250,4800,0.3810412091191987,100
2251,4900,0.3810412091191987,100
2252,5000,0.3810412091191987,100
2253,5100,0.41484244661836484,100
2254,5200,0.41484244661836484,100
2255,5300,0.41484244661836484,100
2256,5400,0.41484244661836484,100
2257,5500,0.41484244661836484,100
2258,5600,0.41484244661836484,100
2259,5700,0.41484244661836484,100
2260,5800,0.41484244661836484,100
2261,5900,0.41484244661836484,100
2262,6000,0.41484244661836484,100
2263,6100,0.41484244661836484,100
2264,6200,0.41484244661836484,100
2265,6300,0.41484244661836484,100
2266,6400,0.41484244661836484,100
2267,6500,0.41484244661836484,100
2268,6600,0.41484244661836484,100
2269,6700,0.41484244661836484,100
2270,6800,0.41484244661836484,100
2271,6900,0.41484244661836484,100
2272,7000,0.41484244661836484,100
2273,7100,0.41484244661836484,100
2274,7200,0.41484244661836484,100
2275,7300,0.41484244661836484,100
2276,7400,0.41484244661836484,100
2277,7500,0.41484244661836484,100
2278,7600,0.41484244661836484,100
2279,7700,0.41484244661836484,100
2280,7800,0.41484244661836484,100
2281,7900,0.41484244661836484,100
2282,8000,0.41484244661836484,100
2283,8100,0.41484244661836484,100
2284,8200,0.41484244661836484,100
2285,8300,0.41484244661836484,100
2286,8400,0.41484244661836484,100
2287,8500,0.41484244661836484,100
2288,8600,0.41484244661836484,100
2289,8700,0.41484244661836484,100
2290,8800,0.41484244661836484,100
2291,8900,0.41484244661836484,100
2292,9000,0.41484244661836484,100
2293,9100,0.41484244661836484,100
2294,9200,0.41484244661836484,100
2295,9300,0.41484244661836484,100
2296,9400,0.41484244661836484,100
2297,9500,0.41484244661836484,100
2298,9600,0.41484244661836484,100
2299,9700,0.41484244661836484,100
2300,9800,0.41484244661836484,100
2301,9900,0.41484244661836484,100
2302,10633,0.41484244661836484,100
2303,11477,0.41484244661836484,100
2304,12321,0.41484244661836484,100
2305,13165,0.41484244661836484,100
2306,14009,0.41484244661836484,100
2307,14853,0.41484244661836484,100
2308,15697,0.3941613181696684,100
2309,16541,0.3941613181696684,100
2310,17385,0.3941613181696684,100
2311,18229,0.3941613181696684,100
2312,19073,0.3941613181696684,100
2313,19917,0.3941613181696684,100
2314,20761,0.3941613181696684,100
2315,21605,0.3941613181696684,100
2316,22449,0.3941613181696684,100
2317,23293,0.3941613181696684,100
2318,24137,0.3941613181696684,100
2319,24981,0.38097885352297994,100
2320,25825,0.38097885352297994,100
2321,26669,0.38097885352297994,100
2322,27513,0.38097885352297994,100
2323,28357,0.38097885352297994,100
2324,29201,0.38097885352297994,100
2325,30045,0.38097885352297994,100
2326,30889,0.38097885352297994,100
2327,31733,0.38097885352297994,100
2328,32577,0.38097885352297994,100
2329,33421,0.38245784004516015,100
2330,34265,0.38245784004516015,100
2331,35109,0.38245784004516015,100
2332,35953,0.38245784004516015,100
2333,36797,0.38245784004516015,100
2334,37641,0.38245784004516015,100
2335,38485,0.38245784004516015,100
2336,39329,0.38245784004516015,100
2337,40173,0.38245784004516015,100
2338,41017,0.38245784004516015,100
2339,41861,0.38245784004516015,100
2340,42705,0.38245784004516015,100
2341,43549,0.38245784004516015,100
2342,44393,0.38245784004516015,100
2343,45237,0.38245784004516015,100
2344,46081,0.38245784004516015,100
2345,46925,0.38245784004516015,100
2346,47769,0.38245784004516015,100
2347,48613,0.38245784004516015,100
2348,49457,0.38245784004516015,100
2349,50301,0.38245784004516015,100
2350,51145,0.38245784004516015,100
2351,51989,0.38245784004516015,100
2352,52833,0.38245784004516015,100
2353,53677,0.38245784004516015,100
2354,54521,0.38245784004516015,100
2355,55365,0.38245784004516015,100
2356,56209,0.38245784004516015,100
2357,57053,0.40738301200044746,100
2358,57897,0.40738301200044746,100
2359,58741,0.40738301200044746,100
2360,59585,0.40738301200044746,100
2361,60429,0.40738301200044746,100
2362,61273,0.40738301200044746,100
2363,62117,0.40738301200044746,100
2364,62961,0.40738301200044746,100
2365,63805,0.40738301200044746,100
2366,64649,0.40738301200044746,100
2367,65493,0.40738301200044746,100
2368,66337,0.40738301200044746,100
2369,67181,0.40738301200044746,100
2370,68025,0.40738301200044746,100
2371,68869,0.40738301200044746,100
2372,69713,0.40738301200044746,100
2373,70557,0.40738301200044746,100
2374,71401,0.40738301200044746,100
2375,72245,0.40738301200044746,100
2376,73089,0.40738301200044746,100
2377,73933,0.40738301200044746,100
2378,74777,0.40738301200044746,100
2379,75621,0.40738301200044746,100
2380,76465,0.40738301200044746,100
2381,77309,0.40738301200044746,100
2382,78153,0.40738301200044746,100
2383,78997,0.40738301200044746,100
2384,79841,0.40738301200044746,100
2385,80685,0.40738301200044746,100
2386,81529,0.40738301200044746,100
2387,82373,0.40738301200044746,100
2388,83217,0.4189734249108815,100
2389,84061,0.4189734249108815,100
2390,84905,0.4189734249108815,100
2391,85749,0.4189734249108815,100
2392,86593,0.4189734249108815,100
2393,87437,0.4189734249108815,100
2394,88281,0.4189734249108815,100
2395,89125,0.4189734249108815,100
2396,89969,0.4189734249108815,100
2397,90813,0.4189734249108815,100
2398,91657,0.4189734249108815,100
2399,92501,0.4189734249108815,100
2400,93345,0.4189734249108815,100
2401,94189,0.4189734249108815,100
2402,97577,0.4189734249108815,100
2403,100969,0.4188193754264044,100
2404,104361,0.4188193754264044,100
2405,107753,0.4188193754264044,100
2406,111145,0.4188193754264044,100
2407,114537,0.4188193754264044,100
2408,117929,0.4188193754264044,100
2409,121321,0.4188193754264044,100
2410,124713,0.4188193754264044,100
2411,128105,0.4188193754264044,100
2412,131497,0.4188193754264044,100
2413,134889,0.4188193754264044,100
2414,138281,0.40738301200044746,100
2415,141673,0.40738301200044746,100
2416,145065,0.41763634057854493,100
2417,148457,0.41763634057854493,100
2418,151849,0.41763634057854493,100
2419,155241,0.41763634057854493,100
2420,158633,0.41763634057854493,100
2421,162025,0.41763634057854493,100
2422,165417,0.41763634057854493,100
2423,168809,0.41763634057854493,100
2424,172201,0.41763634057854493,100
2425,175593,0.41763634057854493,100
2426,178985,0.41763634057854493,100
2427,182377,0.41763634057854493,100
2428,185769,0.41763634057854493,100
2429,189161,0.41763634057854493,100
2430,192553,0.41763634057854493,100
2431,195945,0.41763634057854493,100
2432,199337,0.41763634057854493,100
2433,202729,0.41763634057854493,100
2434,206121,0.41763634057854493,100
2435,209513,0.41763634057854493,100
2436,212905,0.41763634057854493,100
2437,216297,0.41763634057854493,100
2438,219689,0.41763634057854493,100
2439,223081,0.41763634057854493,100
2440,226473,0.41763634057854493,100
2441,229865,0.41763634057854493,100
2442,233257,0.41763634057854493,100
2443,236649,0.41763634057854493,100
2444,240041,0.41763634057854493,100
2445,243433,0.41763634057854493,100
2446,246825,0.41763634057854493,100
2447,250217,0.41763634057854493,100
2448,100,0.30793185866536515,40
2449,200,0.2584318780572695,40
2450,300,0.2584318780572695,40
2451,400,0.2582257680945812,40
2452,500,0.2582257680945812,40
2453,600,0.30848948036002005,40
2454,700,0.30848948036002005,40
2455,800,0.30848948036002005,40
2456,900,0.30848948036002005,40
2457,1000,0.25672894749797504,40
2458,1100,0.25672894749797504,40
2459,1200,0.25672894749797504,40
2460,1300,0.25672894749797504,40
2461,1400,0.28815425994021593,40
2462,1500,0.25672894749797504,40
2463,1600,0.25672894749797504,40
2464,1700,0.25672894749797504,40
2465,1800,0.25672894749797504,40
2466,1900,0.25672894749797504,40
2467,2000,0.2870756746042239,40
2468,2100,0.2870756746042239,40
2469,2200,0.2870756746042239,40
2470,2300,0.2870756746042239,40
2471,2400,0.2870756746042239,40
2472,2500,0.2870756746042239,40
2473,2600,0.2870756746042239,40
2474,2700,0.2870756746042239,40
2475,2800,0.2870756746042239,40
2476,2900,0.2870756746042239,40
2477,3000,0.2870756746042239,40
2478,3100,0.2870756746042239,40
2479,3200,0.2870756746042239,40
2480,3300,0.2649084326083673,40
2481,3400,0.2649084326083673,40
2482,3500,0.2649084326083673,40
2483,3600,0.2649084326083673,40
2484,3700,0.2649084326083673,40
2485,3800,0.2649084326083673,40
2486,3900,0.2649084326083673,40
2487,4000,0.2649084326083673,40
2488,4100,0.2649084326083673,40
2489,4200,0.26428326279387865,40
2490,4300,0.26428326279387865,40
2491,4400,0.26428326279387865,40
2492,4500,0.26428326279387865,40
2493,4600,0.26428326279387865,40
2494,4700,0.24168526994902162,40
2495,4800,0.24168526994902162,40
2496,4900,0.24168526994902162,40
2497,5000,0.24168526994902162,40
2498,5100,0.24168526994902162,40
2499,5200,0.24168526994902162,40
2500,5300,0.24168526994902162,40
2501,5400,0.24168526994902162,40
2502,5500,0.24168526994902162,40
2503,5600,0.24168526994902162,40
2504,5700,0.24168526994902162,40
2505,5800,0.24168526994902162,40
2506,5900,0.24168526994902162,40
2507,6000,0.24168526994902162,40
2508,6100,0.24168526994902162,40
2509,6200,0.24168526994902162,40
2510,6300,0.24168526994902162,40
2511,6400,0.24168526994902162,40
2512,6500,0.2544239114300253,40
2513,6600,0.2544239114300253,40
2514,6700,0.2544239114300253,40
2515,6800,0.2608524422497167,40
2516,6900,0.2608524422497167,40
2517,7000,0.26477159141280326,40
2518,7100,0.2608524422497167,40
2519,7200,0.2608524422497167,40
2520,7300,0.26875943221749643,40
2521,7400,0.26875943221749643,40
2522,7500,0.26875943221749643,40
2523,7600,0.26875943221749643,40
2524,7700,0.26875943221749643,40
2525,7800,0.26875943221749643,40
2526,7900,0.26875943221749643,40
2527,8000,0.26875943221749643,40
2528,8100,0.26875943221749643,40
2529,8200,0.26875943221749643,40
2530,8300,0.26875943221749643,40
2531,8400,0.26875943221749643,40
2532,8500,0.26875943221749643,40
2533,8600,0.26875943221749643,40
2534,8700,0.26875943221749643,40
2535,8800,0.26875943221749643,40
2536,8900,0.26875943221749643,40
2537,9000,0.26875943221749643,40
2538,9100,0.26875943221749643,40
2539,9200,0.26875943221749643,40
2540,9300,0.26875943221749643,40
2541,9400,0.26875943221749643,40
2542,9500,0.26875943221749643,40
2543,9600,0.26875943221749643,40
2544,9700,0.26875943221749643,40
2545,9800,0.26875943221749643,40
2546,9900,0.26875943221749643,40
2547,10369,0.26875943221749643,40
2548,10861,0.26875943221749643,40
2549,11353,0.26875943221749643,40
2550,11845,0.26875943221749643,40
2551,12337,0.26875943221749643,40
2552,12829,0.26875943221749643,40
2553,13321,0.26875943221749643,40
2554,13813,0.26875943221749643,40
2555,14305,0.26875943221749643,40
2556,14797,0.26666473291225,40
2557,15289,0.26666473291225,40
2558,15781,0.26666473291225,40
2559,16273,0.26666473291225,40
2560,16765,0.26666473291225,40
2561,17257,0.26666473291225,40
2562,17749,0.24495550928788445,40
2563,18241,0.24495550928788445,40
2564,18733,0.24534093989793204,40
2565,19225,0.24534093989793204,40
2566,19717,0.24742661655915843,40
2567,20209,0.26579467395949335,40
2568,20701,0.26579467395949335,40
2569,21193,0.26579467395949335,40
2570,21685,0.26579467395949335,40
2571,22177,0.26579467395949335,40
2572,22669,0.26579467395949335,40
2573,23161,0.26579467395949335,40
2574,23653,0.26579467395949335,40
2575,24145,0.26579467395949335,40
2576,24637,0.26579467395949335,40
2577,25129,0.26579467395949335,40
2578,25621,0.26579467395949335,40
2579,26113,0.26579467395949335,40
2580,26605,0.25758069829877905,40
2581,27097,0.2584676048404711,40
2582,27589,0.2584676048404711,40
2583,28081,0.25758069829877905,40
2584,28573,0.25758069829877905,40
2585,29065,0.25758069829877905,40
2586,29557,0.25758069829877905,40
2587,30049,0.25758069829877905,40
2588,30541,0.26008296921601176,40
2589,31033,0.25758069829877905,40
2590,31525,0.24742661655915843,40
2591,32017,0.24742661655915843,40
2592,32509,0.24742661655915843,40
2593,33001,0.24742661655915843,40
2594,33493,0.24742661655915843,40
2595,33985,0.24742661655915843,40
2596,34477,0.24742661655915843,40
2597,34969,0.24742661655915843,40
2598,35461,0.24742661655915843,40
2599,35953,0.26124711249401195,40
2600,36445,0.24742661655915843,40
2601,36937,0.24742661655915843,40
2602,37429,0.24742661655915843,40
2603,37921,0.24742661655915843,40
2604,38413,0.24742661655915843,40
2605,38905,0.24742661655915843,40
2606,39397,0.24742661655915843,40
2607,39889,0.24742661655915843,40
2608,40381,0.2566769652034382,40
2609,40873,0.2566769652034382,40
2610,41365,0.2566769652034382,40
2611,41857,0.2566769652034382,40
2612,42349,0.2566769652034382,40
2613,42841,0.2566769652034382,40
2614,43333,0.2566769652034382,40
2615,43825,0.2566769652034382,40
2616,44317,0.4719341688752566,40
2617,44809,0.4719341688752566,40
2618,45301,0.4719341688752566,40
2619,45793,0.4719341688752566,40
2620,46285,0.4719341688752566,40
2621,46777,0.4719341688752566,40
2622,47269,0.4719341688752566,40
2623,47761,0.2764408020088513,40
2624,48253,0.2764408020088513,40
2625,48745,0.2764408020088513,40
2626,49237,0.2764408020088513,40
2627,49729,0.2764408020088513,40
2628,50221,0.2764408020088513,40
2629,50713,0.2764408020088513,40
2630,51205,0.2764408020088513,40
2631,51697,0.2764408020088513,40
2632,52189,0.2764408020088513,40
2633,52681,0.2764408020088513,40
2634,53173,0.2764408020088513,40
2635,53665,0.2764408020088513,40
2636,54157,0.2764408020088513,40
2637,54649,0.2764408020088513,40
2638,55141,0.2764408020088513,40
2639,55633,0.2764408020088513,40
2640,56125,0.2764408020088513,40
2641,56617,0.2764408020088513,40
2642,57109,0.2764408020088513,40
2643,57601,0.2764408020088513,40
2644,58093,0.2764408020088513,40
2645,58585,0.2764408020088513,40
2646,59077,0.2764408020088513,40
2647,60493,0.2764408020088513,40
2648,61725,0.2764408020088513,40
2649,62957,0.2764408020088513,40
2650,64189,0.2764408020088513,40
2651,65421,0.2764408020088513,40
2652,66653,0.2764408020088513,40
2653,67885,0.2764408020088513,40
2654,69117,0.2764408020088513,40
2655,70349,0.2764408020088513,40
2656,71581,0.2764408020088513,40
2657,72813,0.2764408020088513,40
2658,74045,0.2764408020088513,40
2659,75277,0.2764408020088513,40
2660,76509,0.2764408020088513,40
2661,77741,0.2764408020088513,40
2662,78973,0.2764408020088513,40
2663,80205,0.2764408020088513,40
2664,81437,0.2764408020088513,40
2665,82669,0.2764408020088513,40
2666,83901,0.2764408020088513,40
2667,85133,0.2764408020088513,40
2668,86365,0.2764408020088513,40
2669,87597,0.2764408020088513,40
2670,88829,0.2764408020088513,40
2671,90061,0.2764408020088513,40
2672,91293,0.2764408020088513,40
2673,92525,0.2764408020088513,40
2674,93757,0.2764408020088513,40
2675,94989,0.2764408020088513,40
2676,96221,0.2764408020088513,40
2677,97453,0.2764408020088513,40
2678,98685,0.2764408020088513,40
2679,99917,0.2764408020088513,40
2680,101149,0.2764408020088513,40
2681,102381,0.2764408020088513,40
2682,103613,0.2764408020088513,40
2683,104845,0.2764408020088513,40
2684,106077,0.2764408020088513,40
2685,107309,0.2764408020088513,40
2686,108541,0.2764408020088513,40
2687,109773,0.2764408020088513,40
2688,111005,0.2764408020088513,40
2689,112237,0.2764408020088513,40
2690,113469,0.24969157548584586,40
2691,114701,0.24969157548584586,40
2692,115933,0.24969157548584586,40
2693,117165,0.24969157548584586,40
2694,118397,0.24969157548584586,40
2695,119629,0.24969157548584586,40
2696,120861,0.24969157548584586,40
2697,122093,0.24969157548584586,40
2698,123325,0.24969157548584586,40
2699,124557,0.24969157548584586,40
2700,125789,0.24969157548584586,40
2701,127021,0.24969157548584586,40
2702,128253,0.24969157548584586,40
2703,129485,0.24969157548584586,40
2704,130717,0.24969157548584586,40
2705,131949,0.3092589128364621,40
2706,133181,0.3092589128364621,40
2707,134413,0.3092589128364621,40
2708,135645,0.3092589128364621,40
2709,136877,0.3092589128364621,40
2710,138109,0.3092589128364621,40
2711,139341,0.3092589128364621,40
2712,140573,0.3092589128364621,40
2713,141805,0.3092589128364621,40
2714,143037,0.3092589128364621,40
2715,144269,0.33085355929675864,40
2716,145501,0.33085355929675864,40
2717,146733,0.33085355929675864,40
2718,147965,0.33085355929675864,40
2719,149197,0.33085355929675864,40
2720,150429,0.33085355929675864,40
2721,151661,0.33085355929675864,40
2722,152893,0.33085355929675864,40
2723,154125,0.33085355929675864,40
2724,155357,0.33085355929675864,40
2725,156589,0.33085355929675864,40
2726,157821,0.33085355929675864,40
2727,159053,0.33085355929675864,40
2728,160285,0.33085355929675864,40
2729,161517,0.33085355929675864,40
2730,162749,0.33085355929675864,40
2731,163981,0.33085355929675864,40
2732,165213,0.33085355929675864,40
2733,166445,0.33085355929675864,40
2734,167677,0.35938372533499163,40
2735,168909,0.35938372533499163,40
2736,170141,0.35938372533499163,40
2737,171373,0.35938372533499163,40
2738,172605,0.35938372533499163,40
2739,173837,0.35938372533499163,40
2740,175069,0.35938372533499163,40
2741,176301,0.35938372533499163,40
2742,177533,0.3635750884110217,40
2743,178765,0.37500000000000044,40
2744,179997,0.37500000000000044,40
2745,181229,0.37500000000000044,40
2746,182461,0.3635750884110217,40
2747,185934,0.3635750884110217,40
2748,188922,0.3635750884110217,40
2749,191910,0.3635750884110217,40
2750,194898,0.3635750884110217,40
2751,197886,0.35584153867635826,40
2752,200874,0.35584153867635826,40
2753,203862,0.362315927179755,40
2754,206850,0.375,40
2755,209838,0.375,40
2756,212826,0.375,40
2757,215814,0.375,40
2758,218802,0.375,40
2759,221790,0.362315927179755,40
2760,224778,0.362315927179755,40
2761,227766,0.362315927179755,40
2762,230754,0.362315927179755,40
2763,233742,0.362315927179755,40
2764,236730,0.362315927179755,40
2765,239718,0.362315927179755,40
2766,242706,0.3147324716827805,40
2767,245694,0.3147324716827805,40
2768,248682,0.3147324716827805,40
2769,251670,0.3147324716827805,40
