,nfe,ei,seed
0,100,1.0,70
1,200,0.5978777331270656,70
2,300,0.5978777331270656,70
3,400,0.5978777331270656,70
4,500,0.5978777331270656,70
5,600,0.5978777331270656,70
6,700,0.5751211144302125,70
7,800,0.5751211144302125,70
8,900,0.5751211144302125,70
9,1000,0.5783502146277374,70
10,1100,0.5783502146277374,70
11,1200,0.5783502146277374,70
12,1300,0.5783502146277374,70
13,1400,0.5783502146277374,70
14,1500,0.5783502146277374,70
15,1600,0.5783502146277374,70
16,1700,0.5783502146277374,70
17,1800,0.5596277624625164,70
18,1900,0.5596277624625164,70
19,2000,0.5515829467662737,70
20,2100,0.5515829467662737,70
21,2200,0.46951663411205224,70
22,2300,0.46951663411205224,70
23,2400,0.46951663411205224,70
24,2500,0.46951663411205224,70
25,2600,0.46951663411205224,70
26,2700,0.46951663411205224,70
27,2800,0.4587689652963346,70
28,2900,0.4587689652963346,70
29,3000,0.44294293820186814,70
30,3100,0.44294293820186814,70
31,3200,0.44294293820186814,70
32,3300,0.44294293820186814,70
33,3400,0.4426705528228493,70
34,3500,0.4426705528228493,70
35,3600,0.4426705528228493,70
36,3700,0.4426705528228493,70
37,3800,0.40800387448728515,70
38,3900,0.40228593421460135,70
39,4000,0.40228593421460135,70
40,4100,0.40228593421460135,70
41,4200,0.40228593421460135,70
42,4300,0.40228593421460135,70
43,4400,0.40228593421460135,70
44,4500,0.40228593421460135,70
45,4600,0.40228593421460135,70
46,4700,0.40228593421460135,70
47,4800,0.38211342966689604,70
48,4900,0.373713152705048,70
49,5000,0.373713152705048,70
50,5100,0.373713152705048,70
51,5200,0.373713152705048,70
52,5300,0.373713152705048,70
53,5400,0.373713152705048,70
54,5500,0.373713152705048,70
55,5600,0.373713152705048,70
56,5700,0.373713152705048,70
57,5800,0.373713152705048,70
58,5900,0.373713152705048,70
59,6000,0.373713152705048,70
60,6100,0.373713152705048,70
61,6200,0.373713152705048,70
62,6300,0.373713152705048,70
63,6400,0.373713152705048,70
64,6500,0.373713152705048,70
65,6600,0.373713152705048,70
66,6700,0.373713152705048,70
67,6800,0.373713152705048,70
68,6900,0.373713152705048,70
69,7000,0.373713152705048,70
70,7100,0.373713152705048,70
71,7200,0.373713152705048,70
72,7300,0.373713152705048,70
73,7400,0.373713152705048,70
74,7500,0.373713152705048,70
75,7600,0.36310324204109473,70
76,7700,0.36310324204109473,70
77,7800,0.36310324204109473,70
78,7900,0.36310324204109473,70
79,8000,0.36310324204109473,70
80,8100,0.36310324204109473,70
81,8200,0.36310324204109473,70
82,8300,0.36310324204109473,70
83,8400,0.4382153786161555,70
84,8500,0.43000854651299625,70
85,8600,0.43000854651299625,70
86,8700,0.43000854651299625,70
87,8800,0.4225240054884628,70
88,8900,0.4225240054884628,70
89,9000,0.4225240054884628,70
90,9100,0.42891599729317914,70
91,9200,0.42891599729317914,70
92,9300,0.42891599729317914,70
93,9400,0.42891599729317914,70
94,9500,0.42891599729317914,70
95,9600,0.42891599729317914,70
96,9700,0.42891599729317914,70
97,9800,0.43000854651299625,70
98,9900,0.43000854651299625,70
99,10582,0.43000854651299625,70
100,11358,0.4164599177595605,70
101,12134,0.37663188955650106,70
102,12910,0.37663188955650106,70
103,13686,0.41718179337818423,70
104,14462,0.41716179525601577,70
105,15238,0.3558827979973286,70
106,16014,0.3558827979973286,70
107,16790,0.3558827979973286,70
108,17566,0.39438779414502856,70
109,18342,0.3655121967665327,70
110,19118,0.3655121967665327,70
111,19894,0.40834993490531113,70
112,20670,0.3434836408762192,70
113,21446,0.3434836408762192,70
114,22222,0.32187990744059336,70
115,22998,0.32187990744059336,70
116,23774,0.32187990744059336,70
117,24550,0.32187990744059336,70
118,25326,0.32187990744059336,70
119,26102,0.3457457682012331,70
120,26878,0.3457457682012331,70
121,27654,0.3457457682012331,70
122,28430,0.3581070540504117,70
123,29206,0.3581070540504117,70
124,29982,0.3581070540504117,70
125,30758,0.3581070540504117,70
126,31534,0.3581070540504117,70
127,32310,0.3995277457556996,70
128,33086,0.3995277457556996,70
129,33862,0.3995277457556996,70
130,34638,0.38476283823662427,70
131,35414,0.3350160500802423,70
132,36190,0.4036580934879602,70
133,36966,0.38476283823662427,70
134,37742,0.38476283823662427,70
135,38518,0.38476283823662427,70
136,39294,0.3839118614986877,70
137,40070,0.37265872655112353,70
138,40846,0.418088669155802,70
139,41622,0.418088669155802,70
140,42398,0.418088669155802,70
141,43174,0.3433119779583289,70
142,43950,0.3433119779583289,70
143,44726,0.3433119779583289,70
144,45502,0.3282030117145609,70
145,46278,0.3257191467883197,70
146,47054,0.33975470801615465,70
147,47830,0.31353970828885896,70
148,48606,0.3236039328762803,70
149,49382,0.3236039328762803,70
150,50158,0.3236039328762803,70
151,50934,0.3236039328762803,70
152,51710,0.3236039328762803,70
153,52486,0.3236039328762803,70
154,53262,0.3236039328762803,70
155,54038,0.3236039328762803,70
156,54814,0.3236039328762803,70
157,55590,0.3036925477334616,70
158,56366,0.3036925477334616,70
159,57142,0.3036925477334616,70
160,57918,0.3036925477334616,70
161,58694,0.3036925477334616,70
162,59470,0.3036925477334616,70
163,60246,0.3695915757387919,70
164,61022,0.3273362583035928,70
165,61798,0.3273362583035928,70
166,62574,0.3209241164508847,70
167,63350,0.3209241164508847,70
168,64126,0.3209241164508847,70
169,64902,0.3209241164508847,70
170,65678,0.3209241164508847,70
171,66454,0.3209241164508847,70
172,67230,0.31704327073707145,70
173,68006,0.30479195709113266,70
174,68782,0.30479195709113266,70
175,69558,0.30479195709113266,70
176,70334,0.30479195709113266,70
177,71110,0.30479195709113266,70
178,71886,0.30479195709113266,70
179,72662,0.30040318165715135,70
180,73438,0.30040318165715135,70
181,74214,0.2963425944767424,70
182,74990,0.2963425944767424,70
183,75766,0.2963425944767424,70
184,76542,0.2963425944767424,70
185,77318,0.2963425944767424,70
186,78094,0.2963425944767424,70
187,78870,0.2963425944767424,70
188,79646,0.2963425944767424,70
189,80422,0.2963425944767424,70
190,81198,0.2963425944767424,70
191,81974,0.2963425944767424,70
192,82750,0.2963425944767424,70
193,83526,0.2963425944767424,70
194,84302,0.2963425944767424,70
195,85078,0.2963425944767424,70
196,85854,0.2963425944767424,70
197,86630,0.2963425944767424,70
198,87406,0.2903776958391423,70
199,91866,0.2903776958391423,70
200,96778,0.28637227809396715,70
201,101690,0.29036157015410136,70
202,106602,0.2951165493557458,70
203,111514,0.30481761856135237,70
204,116426,0.2951165493557458,70
205,121338,0.2706981085907457,70
206,126250,0.2706981085907457,70
207,131162,0.27296929329186376,70
208,136074,0.28785951135189036,70
209,140986,0.32687690925471,70
210,145898,0.32687690925471,70
211,150810,0.32687690925471,70
212,155722,0.3201320931810724,70
213,160634,0.3201320931810724,70
214,165546,0.3201320931810724,70
215,170458,0.3035988260399506,70
216,175370,0.27739922016414614,70
217,180282,0.29799833216624605,70
218,185194,0.29799833216624605,70
219,190106,0.29799833216624605,70
220,195018,0.29799833216624605,70
221,199930,0.29799833216624605,70
222,204842,0.31215058480388636,70
223,209754,0.31215058480388636,70
224,214666,0.31215058480388636,70
225,219578,0.31215058480388636,70
226,224490,0.31215058480388636,70
227,229402,0.2811643092870823,70
228,234314,0.3150210299564373,70
229,239226,0.3150210299564373,70
230,244138,0.49222535631532394,70
231,249050,0.49222535631532394,70
232,253962,0.49222535631532394,70
233,100,1.0,80
234,200,0.6556843443093455,80
235,300,0.6556843443093455,80
236,400,0.6556843443093455,80
237,500,0.6556843443093455,80
238,600,0.6556843443093455,80
239,700,0.6556843443093455,80
240,800,0.6556843443093455,80
241,900,0.6556843443093455,80
242,1000,0.6556843443093455,80
243,1100,0.6640750555773117,80
244,1200,0.6640750555773117,80
245,1300,0.6640750555773117,80
246,1400,0.6640750555773117,80
247,1500,0.6640750555773117,80
248,1600,0.6640750555773117,80
249,1700,0.6640750555773117,80
250,1800,0.6640750555773117,80
251,1900,0.6640750555773117,80
252,2000,0.6640750555773117,80
253,2100,0.6588319976630307,80
254,2200,0.6588319976630307,80
255,2300,0.6588319976630307,80
256,2400,0.6588319976630307,80
257,2500,0.6588319976630307,80
258,2600,0.6588319976630307,80
259,2700,0.6588319976630307,80
260,2800,0.6588319976630307,80
261,2900,0.6588319976630307,80
262,3000,0.6588319976630307,80
263,3100,0.6588319976630307,80
264,3200,0.6588319976630307,80
265,3300,0.6588319976630307,80
266,3400,0.6588319976630307,80
267,3500,0.6588319976630307,80
268,3600,0.6588319976630307,80
269,3700,0.6588319976630307,80
270,3800,0.6588319976630307,80
271,3900,0.6588319976630307,80
272,4000,0.6588319976630307,80
273,4100,0.6588319976630307,80
274,4200,0.6588319976630307,80
275,4300,0.6588319976630307,80
276,4400,0.6588319976630307,80
277,4500,0.6588319976630307,80
278,4600,0.6588319976630307,80
279,4700,0.6588319976630307,80
280,4800,0.6588319976630307,80
281,4900,0.6588319976630307,80
282,5000,0.6588319976630307,80
283,5100,0.6588319976630307,80
284,5200,0.6588319976630307,80
285,5300,0.6588319976630307,80
286,5400,0.6588319976630307,80
287,5500,0.6588319976630307,80
288,5600,0.6588319976630307,80
289,5700,0.6588319976630307,80
290,5800,0.6588319976630307,80
291,5900,0.6588319976630307,80
292,6000,0.6588319976630307,80
293,6100,0.6588319976630307,80
294,6200,0.6588319976630307,80
295,6300,0.6588319976630307,80
296,6400,0.6588319976630307,80
297,6500,0.6588319976630307,80
298,6600,0.6588319976630307,80
299,6700,0.6426077346003575,80
300,6800,0.6426077346003575,80
301,6900,0.6426077346003575,80
302,7000,0.6426077346003575,80
303,7100,0.6426077346003575,80
304,7200,0.6426077346003575,80
305,7300,0.6426077346003575,80
306,7400,0.6426077346003575,80
307,7500,0.6426077346003575,80
308,7600,0.6426077346003575,80
309,7700,0.6426077346003575,80
310,7800,0.6426077346003575,80
311,7900,0.6426077346003575,80
312,8000,0.6426077346003575,80
313,8100,0.6426077346003575,80
314,8200,0.6426077346003575,80
315,8300,0.6426077346003575,80
316,8400,0.6426077346003575,80
317,8500,0.6426077346003575,80
318,8600,0.6426077346003575,80
319,8700,0.6426077346003575,80
320,8800,0.6426077346003575,80
321,8900,0.6426077346003575,80
322,9000,0.6426077346003575,80
323,9100,0.6426077346003575,80
324,9200,0.6426077346003575,80
325,9300,0.6426077346003575,80
326,9400,0.6426077346003575,80
327,9500,0.6426077346003575,80
328,9600,0.6426077346003575,80
329,9700,0.6426077346003575,80
330,9800,0.6426077346003575,80
331,9900,0.6426077346003575,80
332,10543,0.6426077346003575,80
333,11267,0.6426077346003575,80
334,11991,0.6426077346003575,80
335,12715,0.6426077346003575,80
336,13439,0.6426077346003575,80
337,14163,0.6426077346003575,80
338,14887,0.6426077346003575,80
339,15611,0.6426077346003575,80
340,16335,0.6426077346003575,80
341,17059,0.6426077346003575,80
342,17783,0.5987631313214422,80
343,18507,0.5987631313214422,80
344,19231,0.5987631313214422,80
345,19955,0.5987631313214422,80
346,20679,0.5987631313214422,80
347,21403,0.5987631313214422,80
348,22127,0.5987631313214422,80
349,22851,0.5700653994164279,80
350,23575,0.5700653994164279,80
351,24299,0.5700653994164279,80
352,25023,0.5700653994164279,80
353,25747,0.5670165358877378,80
354,26471,0.5632844384903851,80
355,27195,0.5632844384903851,80
356,27919,0.4999999999999982,80
357,28643,0.4999999999999982,80
358,29367,0.4999999999999982,80
359,30091,0.4999999999999982,80
360,30815,0.4999999999999982,80
361,31539,0.4999999999999982,80
362,32263,0.4776977375930561,80
363,32987,0.4776977375930561,80
364,33711,0.47545449440169407,80
365,34435,0.467250406224444,80
366,35159,0.46187171049858966,80
367,35883,0.46187171049858966,80
368,36607,0.4603524371116178,80
369,37331,0.43966062695327224,80
370,38055,0.43966062695327224,80
371,38779,0.43966062695327224,80
372,39503,0.43966062695327224,80
373,40227,0.49423385716889834,80
374,40951,0.49423385716889834,80
375,41675,0.47528885500576157,80
376,42399,0.47528885500576157,80
377,43123,0.47528885500576157,80
378,43847,0.4771484653152791,80
379,44571,0.4543249463007759,80
380,45295,0.45855529726587163,80
381,46019,0.45855529726587163,80
382,46743,0.4537293908323512,80
383,47467,0.4537293908323512,80
384,48191,0.4243820137608423,80
385,48915,0.4088560968209477,80
386,49639,0.4088560968209477,80
387,50363,0.4243820137608423,80
388,51087,0.4035301774701323,80
389,51811,0.4035301774701323,80
390,52535,0.4035301774701323,80
391,53259,0.4035301774701323,80
392,53983,0.4035301774701323,80
393,54707,0.4035301774701323,80
394,55431,0.4035301774701323,80
395,56155,0.4035301774701323,80
396,56879,0.4035301774701323,80
397,57603,0.3948206384472642,80
398,58327,0.3948206384472642,80
399,59051,0.3948206384472642,80
400,59775,0.3948206384472642,80
401,60499,0.3948206384472642,80
402,61223,0.4035301774701323,80
403,61947,0.4035301774701323,80
404,62671,0.4035301774701323,80
405,63395,0.4035301774701323,80
406,64119,0.44657311125554966,80
407,64843,0.4035301774701323,80
408,65567,0.428930300354449,80
409,66291,0.4529499637179153,80
410,67015,0.428930300354449,80
411,67739,0.4999999999999982,80
412,68463,0.4999999999999982,80
413,69187,0.4999999999999982,80
414,69911,0.4999999999999982,80
415,70635,0.4404388364445899,80
416,71359,0.4404388364445899,80
417,72083,0.43113711124461024,80
418,72807,0.43113711124461024,80
419,73531,0.40054927610235314,80
420,74255,0.40054927610235314,80
421,74979,0.40054927610235314,80
422,75703,0.3870913570867402,80
423,76427,0.40953645542978856,80
424,77151,0.40651978800433475,80
425,77875,0.41819565291501737,80
426,78599,0.45290577624140566,80
427,79323,0.45290577624140566,80
428,80047,0.48955381627078437,80
429,80771,0.48955381627078437,80
430,81495,0.48955381627078437,80
431,82219,0.48761819603303325,80
432,84740,0.48761819603303325,80
433,87136,0.48761819603303325,80
434,89532,0.48761819603303325,80
435,91928,0.48761819603303325,80
436,94324,0.48761819603303325,80
437,96720,0.4293306792190084,80
438,99116,0.4298765513725715,80
439,101512,0.4563302058715884,80
440,103908,0.4563302058715884,80
441,106304,0.481854925129999,80
442,108700,0.5000000000000018,80
443,111096,0.5000000000000018,80
444,113492,0.5000000000000018,80
445,115888,0.5000000000000018,80
446,118284,0.5000000000000018,80
447,120680,0.5000000000000018,80
448,123076,0.5000000000000018,80
449,125472,0.47502635942381016,80
450,127868,0.47502635942381016,80
451,130264,0.46097705147002493,80
452,132660,0.4451497846348018,80
453,135056,0.5000000000000018,80
454,137452,0.5000000000000018,80
455,139848,0.5000000000000018,80
456,142244,0.5000000000000018,80
457,144640,0.5000000000000018,80
458,147036,0.4782312893944276,80
459,149432,0.4782312893944276,80
460,151828,0.4782312893944276,80
461,154224,0.4782312893944276,80
462,156620,0.4782312893944276,80
463,159016,0.4782312893944276,80
464,161412,0.4782312893944276,80
465,163808,0.4782312893944276,80
466,166204,0.4782312893944276,80
467,168600,0.4782312893944276,80
468,170996,0.4782312893944276,80
469,173392,0.47713788875724417,80
470,175788,0.5000000000000018,80
471,178184,0.5000000000000018,80
472,180580,0.5000000000000018,80
473,182976,0.5000000000000018,80
474,185372,0.5000000000000018,80
475,187768,0.5000000000000018,80
476,190164,0.5000000000000018,80
477,192560,0.5000000000000018,80
478,194956,0.5000000000000018,80
479,197352,0.5000000000000018,80
480,199748,0.5000000000000018,80
481,202144,0.5000000000000018,80
482,204540,0.4891250833421069,80
483,206936,0.4891250833421069,80
484,209332,0.4891250833421069,80
485,211728,0.4891250833421069,80
486,214124,0.4891250833421069,80
487,216520,0.5000000000000018,80
488,218916,0.5000000000000018,80
489,221312,0.5000000000000018,80
490,223708,0.5000000000000018,80
491,226104,0.5000000000000018,80
492,228500,0.5000000000000018,80
493,230896,0.5000000000000018,80
494,233292,0.5000000000000018,80
495,235688,0.5000000000000018,80
496,238084,0.5000000000000018,80
497,240480,0.5000000000000018,80
498,242876,0.5000000000000018,80
499,245272,0.5000000000000018,80
500,247668,0.5000000000000018,80
501,250064,0.5000000000000018,80
502,100,0.7864746357912329,30
503,200,0.7864746357912329,30
504,300,0.7034055711073509,30
505,400,0.7034055711073509,30
506,500,0.6782083957374091,30
507,600,0.6737774725817106,30
508,700,0.6737774725817106,30
509,800,0.6737774725817106,30
510,900,0.6737774725817106,30
511,1000,0.6737774725817106,30
512,1100,0.6737774725817106,30
513,1200,0.6734586058746906,30
514,1300,0.6734586058746906,30
515,1400,0.6734586058746906,30
516,1500,0.6734586058746906,30
517,1600,0.6734586058746906,30
518,1700,0.6734586058746906,30
519,1800,0.6734586058746906,30
520,1900,0.6734586058746906,30
521,2000,0.6734586058746906,30
522,2100,0.6734586058746906,30
523,2200,0.6793728653158997,30
524,2300,0.6751519147106095,30
525,2400,0.6734586058746906,30
526,2500,0.6734586058746906,30
527,2600,0.6734586058746906,30
528,2700,0.6734586058746906,30
529,2800,0.6734586058746906,30
530,2900,0.6734586058746906,30
531,3000,0.6734586058746906,30
532,3100,0.6734586058746906,30
533,3200,0.6734586058746906,30
534,3300,0.6734586058746906,30
535,3400,0.6734586058746906,30
536,3500,0.6734586058746906,30
537,3600,0.6734586058746906,30
538,3700,0.6734586058746906,30
539,3800,0.6734586058746906,30
540,3900,0.6734586058746906,30
541,4000,0.6734586058746906,30
542,4100,0.6734586058746906,30
543,4200,0.6734586058746906,30
544,4300,0.6734586058746906,30
545,4400,0.6734586058746906,30
546,4500,0.6734586058746906,30
547,4600,0.6657833025213334,30
548,4700,0.6657833025213334,30
549,4800,0.6475313112557873,30
550,4900,0.6475313112557873,30
551,5000,0.6475313112557873,30
552,5100,0.6475313112557873,30
553,5200,0.5904492620083756,30
554,5300,0.5904492620083756,30
555,5400,0.5904492620083756,30
556,5500,0.5904492620083756,30
557,5600,0.5904492620083756,30
558,5700,0.5904492620083756,30
559,5800,0.5904492620083756,30
560,5900,0.5904492620083756,30
561,6000,0.5904492620083756,30
562,6100,0.5904492620083756,30
563,6200,0.5904492620083756,30
564,6300,0.588505130847356,30
565,6400,0.588505130847356,30
566,6500,0.588505130847356,30
567,6600,0.588505130847356,30
568,6700,0.588505130847356,30
569,6800,0.588505130847356,30
570,6900,0.5877011734639573,30
571,7000,0.5877011734639573,30
572,7100,0.5877011734639573,30
573,7200,0.5877011734639573,30
574,7300,0.5877011734639573,30
575,7400,0.5877011734639573,30
576,7500,0.5877011734639573,30
577,7600,0.5877011734639573,30
578,7700,0.5877011734639573,30
579,7800,0.5877011734639573,30
580,7900,0.5877011734639573,30
581,8000,0.5877011734639573,30
582,8100,0.5877011734639573,30
583,8200,0.5877011734639573,30
584,8300,0.5815014843310472,30
585,8400,0.5815014843310472,30
586,8500,0.5815014843310472,30
587,8600,0.5527831096668909,30
588,8700,0.5527831096668909,30
589,8800,0.5527831096668909,30
590,8900,0.5527831096668909,30
591,9000,0.5527831096668909,30
592,9100,0.5527831096668909,30
593,9200,0.5527831096668909,30
594,9300,0.5527831096668909,30
595,9400,0.5527831096668909,30
596,9500,0.5527831096668909,30
597,9600,0.5527831096668909,30
598,9700,0.5527831096668909,30
599,9800,0.5010677662913117,30
600,9900,0.5010677662913117,30
601,10474,0.5010677662913117,30
602,11106,0.5010677662913117,30
603,11738,0.5010677662913117,30
604,12370,0.5010677662913117,30
605,13002,0.5010677662913117,30
606,13634,0.5010677662913117,30
607,14266,0.4852417391968452,30
608,14898,0.4852417391968452,30
609,15530,0.4852417391968452,30
610,16162,0.4770184512891783,30
611,16794,0.4770184512891783,30
612,17426,0.4770184512891783,30
613,18058,0.4770184512891783,30
614,18690,0.4705977513493005,30
615,19322,0.4705977513493005,30
616,19954,0.4770184512891783,30
617,20586,0.4712318822875321,30
618,21218,0.44994616266567045,30
619,21850,0.44994616266567045,30
620,22482,0.43555055323686975,30
621,23114,0.43555055323686975,30
622,23746,0.43555055323686975,30
623,24378,0.43555055323686975,30
624,25010,0.5000000000000018,30
625,25642,0.43555055323686975,30
626,26274,0.43555055323686975,30
627,26906,0.43555055323686975,30
628,27538,0.43555055323686975,30
629,28170,0.43555055323686975,30
630,28802,0.43555055323686975,30
631,29434,0.4842897270346367,30
632,30066,0.4842897270346367,30
633,30698,0.4276667180483975,30
634,31330,0.3625907026573343,30
635,31962,0.3625907026573343,30
636,32594,0.3625907026573343,30
637,33226,0.3625907026573343,30
638,33858,0.3625907026573343,30
639,34490,0.3625907026573343,30
640,35122,0.3625907026573343,30
641,35754,0.3625907026573343,30
642,36386,0.3625907026573343,30
643,37018,0.3625907026573343,30
644,37650,0.3625907026573343,30
645,38282,0.3625907026573343,30
646,38914,0.3625907026573343,30
647,39546,0.3625907026573343,30
648,40178,0.3625907026573343,30
649,40810,0.3625907026573343,30
650,41442,0.3625907026573343,30
651,42074,0.3625907026573343,30
652,42706,0.3625907026573343,30
653,43338,0.3625907026573343,30
654,43970,0.3625907026573343,30
655,44602,0.3625907026573343,30
656,45234,0.3625907026573343,30
657,45866,0.3625907026573343,30
658,46498,0.3625907026573343,30
659,47130,0.3625907026573343,30
660,47762,0.3625907026573343,30
661,48394,0.3625907026573343,30
662,49026,0.3625907026573343,30
663,49658,0.3625907026573343,30
664,50290,0.3625907026573343,30
665,50922,0.3625907026573343,30
666,51554,0.3625907026573343,30
667,52186,0.3625907026573343,30
668,52818,0.3625907026573343,30
669,53450,0.3625907026573343,30
670,54082,0.3625907026573343,30
671,54714,0.3625907026573343,30
672,55346,0.3625907026573343,30
673,55978,0.3625907026573343,30
674,56610,0.3625907026573343,30
675,57242,0.3625907026573343,30
676,57874,0.3625907026573343,30
677,58506,0.3625907026573343,30
678,59138,0.3625907026573343,30
679,59770,0.3625907026573343,30
680,60402,0.3617776810105222,30
681,61034,0.3617776810105222,30
682,61666,0.3617776810105222,30
683,62298,0.3578335513449197,30
684,62930,0.3578335513449197,30
685,63562,0.3578335513449197,30
686,64194,0.3578335513449197,30
687,64826,0.3578335513449197,30
688,65458,0.3578335513449197,30
689,66090,0.3578335513449197,30
690,66722,0.3557433542242081,30
691,67354,0.3557433542242081,30
692,67986,0.3557433542242081,30
693,68618,0.34595165391605576,30
694,69250,0.34595165391605576,30
695,69882,0.34595165391605576,30
696,70514,0.34595165391605576,30
697,71146,0.34595165391605576,30
698,71778,0.34595165391605576,30
699,72410,0.34595165391605576,30
700,73042,0.34595165391605576,30
701,75096,0.38636786508327126,30
702,76992,0.38636786508327126,30
703,78888,0.38636786508327126,30
704,80784,0.38636786508327126,30
705,82680,0.38636786508327126,30
706,84576,0.38636786508327126,30
707,86472,0.3875829969351825,30
708,88368,0.38636786508327126,30
709,90264,0.3874871719334244,30
710,92160,0.3874871719334244,30
711,94056,0.3874871719334244,30
712,95952,0.3874871719334244,30
713,97848,0.3874871719334244,30
714,99744,0.37877705592024746,30
715,101640,0.3937855525802564,30
716,103536,0.4166562998433896,30
717,105432,0.35809426675139955,30
718,107328,0.33128234663710127,30
719,109224,0.3475886955234457,30
720,111120,0.33128234663710127,30
721,113016,0.33128234663710127,30
722,114912,0.33128234663710127,30
723,116808,0.33128234663710127,30
724,118704,0.33128234663710127,30
725,120600,0.33128234663710127,30
726,122496,0.3283192603378249,30
727,124392,0.33128234663710127,30
728,126288,0.3250744257702172,30
729,128184,0.3250744257702172,30
730,130080,0.3250744257702172,30
731,131976,0.3250744257702172,30
732,133872,0.3250744257702172,30
733,135768,0.3052772070564661,30
734,137664,0.3052772070564661,30
735,139560,0.3052772070564661,30
736,141456,0.3052772070564661,30
737,143352,0.29809803508734267,30
738,145248,0.29809803508734267,30
739,147144,0.29700637897076027,30
740,149040,0.29700637897076027,30
741,150936,0.29700637897076027,30
742,152832,0.29700637897076027,30
743,154728,0.29700637897076027,30
744,156624,0.3025888938361366,30
745,158520,0.296342610509682,30
746,160416,0.296342610509682,30
747,162312,0.296342610509682,30
748,164208,0.296342610509682,30
749,166104,0.3023764164690112,30
750,168000,0.3023764164690112,30
751,169896,0.40457993836766837,30
752,171792,0.40457993836766837,30
753,173688,0.40457993836766837,30
754,175584,0.40457993836766837,30
755,177480,0.36046739418469037,30
756,179376,0.36046739418469037,30
757,181272,0.40457993836766837,30
758,183168,0.40457993836766837,30
759,185064,0.40457993836766837,30
760,186960,0.37266347552249846,30
761,188856,0.37266347552249846,30
762,190752,0.37266347552249846,30
763,192648,0.3481617879555028,30
764,194544,0.3481617879555028,30
765,196440,0.34661380927388763,30
766,198336,0.34661380927388763,30
767,200232,0.34661380927388763,30
768,202128,0.3705768342864805,30
769,204024,0.3705768342864805,30
770,205920,0.3705768342864805,30
771,207816,0.3705768342864805,30
772,209712,0.3682140351551584,30
773,211608,0.3682140351551584,30
774,213504,0.3682140351551584,30
775,215400,0.3682140351551584,30
776,217296,0.3682140351551584,30
777,219192,0.39575789430742336,30
778,221088,0.39575789430742336,30
779,222984,0.3954069657211017,30
780,224880,0.3954069657211017,30
781,226776,0.3954069657211017,30
782,228672,0.3954069657211017,30
783,230568,0.3682140351551584,30
784,232464,0.3682140351551584,30
785,234360,0.3682140351551584,30
786,236256,0.3682140351551584,30
787,238152,0.3682140351551584,30
788,240048,0.3682140351551584,30
789,241944,0.38193665539023647,30
790,243840,0.38193665539023647,30
791,245736,0.38193665539023647,30
792,247632,0.3854130423918296,30
793,249528,0.3854130423918296,30
794,251424,0.3862897004275896,30
795,100,0.6837084458628179,60
796,200,0.6837084458628179,60
797,300,1.0,60
798,400,0.9379111345959553,60
799,500,0.678436720205475,60
800,600,0.6642611015971273,60
801,700,0.6642611015971273,60
802,800,0.6642611015971273,60
803,900,0.6642611015971273,60
804,1000,0.6642611015971273,60
805,1100,0.6642611015971273,60
806,1200,0.6642611015971273,60
807,1300,0.6642611015971273,60
808,1400,0.6642611015971273,60
809,1500,0.6630341462761115,60
810,1600,0.6630341462761115,60
811,1700,0.6630341462761115,60
812,1800,0.6630341462761115,60
813,1900,0.6155121291351341,60
814,2000,0.6155121291351341,60
815,2100,0.6155121291351341,60
816,2200,0.6138806314686419,60
817,2300,0.6128519480795859,60
818,2400,0.6128519480795859,60
819,2500,0.6128519480795859,60
820,2600,0.6128519480795859,60
821,2700,0.6128519480795859,60
822,2800,0.6128519480795859,60
823,2900,0.6128519480795859,60
824,3000,0.5718464387765151,60
825,3100,0.5368069678015762,60
826,3200,0.5368069678015762,60
827,3300,0.5368069678015762,60
828,3400,0.5368069678015762,60
829,3500,0.5368069678015762,60
830,3600,0.5368069678015762,60
831,3700,0.5340820864311643,60
832,3800,0.5340820864311643,60
833,3900,0.5340820864311643,60
834,4000,0.5340820864311643,60
835,4100,0.4883976988279939,60
836,4200,0.4883976988279939,60
837,4300,0.4883976988279939,60
838,4400,0.4883976988279939,60
839,4500,0.4999999999999982,60
840,4600,0.4883130056016288,60
841,4700,0.4883130056016288,60
842,4800,0.4883130056016288,60
843,4900,0.48655228631678904,60
844,5000,0.48655228631678904,60
845,5100,0.48655228631678904,60
846,5200,0.48655228631678904,60
847,5300,0.47151549885512434,60
848,5400,0.47151549885512434,60
849,5500,0.47151549885512434,60
850,5600,0.47151549885512434,60
851,5700,0.47151549885512434,60
852,5800,0.47151549885512434,60
853,5900,0.47151549885512434,60
854,6000,0.47151549885512434,60
855,6100,0.47151549885512434,60
856,6200,0.47151549885512434,60
857,6300,0.47151549885512434,60
858,6400,0.47151549885512434,60
859,6500,0.47151549885512434,60
860,6600,0.47151549885512434,60
861,6700,0.47151549885512434,60
862,6800,0.47151549885512434,60
863,6900,0.47151549885512434,60
864,7000,0.47151549885512434,60
865,7100,0.47151549885512434,60
866,7200,0.47151549885512434,60
867,7300,0.47151549885512434,60
868,7400,0.45483357849402767,60
869,7500,0.45483357849402767,60
870,7600,0.45483357849402767,60
871,7700,0.45483357849402767,60
872,7800,0.45483357849402767,60
873,7900,0.45483357849402767,60
874,8000,0.45483357849402767,60
875,8100,0.45483357849402767,60
876,8200,0.45483357849402767,60
877,8300,0.45315762476139165,60
878,8400,0.45315762476139165,60
879,8500,0.45315762476139165,60
880,8600,0.44666122540917985,60
881,8700,0.44666122540917985,60
882,8800,0.44666122540917985,60
883,8900,0.44666122540917985,60
884,9000,0.44666122540917985,60
885,9100,0.43556777491072685,60
886,9200,0.43556777491072685,60
887,9300,0.4312344513657921,60
888,9400,0.4312344513657921,60
889,9500,0.41363597720008327,60
890,9600,0.39366539934635947,60
891,9700,0.40488110505291935,60
892,9800,0.40488110505291935,60
893,9900,0.40488110505291935,60
894,10510,0.40488110505291935,60
895,11190,0.4008748919378124,60
896,11870,0.39366539934635947,60
897,12550,0.3819446339873175,60
898,13230,0.39366539934635947,60
899,13910,0.4802646390426236,60
900,14590,0.4802646390426236,60
901,15270,0.46731254320124443,60
902,15950,0.39767771857975764,60
903,16630,0.40393472794642005,60
904,17310,0.3819446339873175,60
905,17990,0.3819446339873175,60
906,18670,0.3819446339873175,60
907,19350,0.3736869790730768,60
908,20030,0.3736869790730768,60
909,20710,0.31983865353510055,60
910,21390,0.31983865353510055,60
911,22070,0.3828675713324355,60
912,22750,0.3828675713324355,60
913,23430,0.3708509321674276,60
914,24110,0.37241013376865995,60
915,24790,0.37241013376865995,60
916,25470,0.37241013376865995,60
917,26150,0.3386449317029887,60
918,26830,0.3301803936649333,60
919,27510,0.3301803936649333,60
920,28190,0.32577120567485185,60
921,28870,0.32577120567485185,60
922,29550,0.32577120567485185,60
923,30230,0.32577120567485185,60
924,30910,0.3150157971317227,60
925,31590,0.3120809122634127,60
926,32270,0.3120809122634127,60
927,32950,0.3120809122634127,60
928,33630,0.3006887558411402,60
929,34310,0.3006887558411402,60
930,34990,0.3006887558411402,60
931,35670,0.3006887558411402,60
932,36350,0.3006887558411402,60
933,37030,0.3006887558411402,60
934,37710,0.31474427632633206,60
935,38390,0.31474427632633206,60
936,39070,0.25224620125894015,60
937,39750,0.25224620125894015,60
938,40430,0.25224620125894015,60
939,41110,0.2699798728112774,60
940,41790,0.2699798728112774,60
941,42470,0.2699798728112774,60
942,43150,0.2699798728112774,60
943,43830,0.31474427632633206,60
944,44510,0.31474427632633206,60
945,45190,0.31474427632633206,60
946,45870,0.31474427632633206,60
947,46550,0.3124102510599207,60
948,47230,0.3124102510599207,60
949,47910,0.3124102510599207,60
950,48590,0.2323502263835073,60
951,49270,0.23561949096358326,60
952,49950,0.3129300492453919,60
953,50630,0.3129300492453919,60
954,51310,0.3129300492453919,60
955,51990,0.3129300492453919,60
956,52670,0.32850963273891587,60
957,53350,0.32850963273891587,60
958,54030,0.32850963273891587,60
959,54710,0.32850963273891587,60
960,55390,0.32850963273891587,60
961,56070,0.32850963273891587,60
962,56750,0.29625471877763787,60
963,57430,0.29625471877763787,60
964,58110,0.29625471877763787,60
965,58790,0.28214972841909514,60
966,59470,0.28214972841909514,60
967,60150,0.28214972841909514,60
968,60830,0.28214972841909514,60
969,61510,0.28214972841909514,60
970,62190,0.28214972841909514,60
971,62870,0.29787183490028624,60
972,63550,0.29787183490028624,60
973,64230,0.29787183490028624,60
974,64910,0.29201202558029715,60
975,65590,0.29201202558029715,60
976,66270,0.27964327013075063,60
977,66950,0.27964327013075063,60
978,67630,0.27964327013075063,60
979,68310,0.27964327013075063,60
980,68990,0.27964327013075063,60
981,69670,0.27590900288636244,60
982,70350,0.27590900288636244,60
983,71030,0.27590900288636244,60
984,71710,0.27590900288636244,60
985,72390,0.27590900288636244,60
986,73070,0.27590900288636244,60
987,73750,0.27590900288636244,60
988,74430,0.27590900288636244,60
989,75110,0.27590900288636244,60
990,75790,0.27590900288636244,60
991,76470,0.27590900288636244,60
992,77150,0.27590900288636244,60
993,77830,0.27590900288636244,60
994,81513,0.27590900288636244,60
995,85517,0.27590900288636244,60
996,89521,0.305543874267064,60
997,93525,0.30745849324260055,60
998,97529,0.3599489182346513,60
999,101533,0.3599489182346513,60
1000,105537,0.27896520110667666,60
1001,109541,0.3122029118198088,60
1002,113545,0.30491745559843314,60
1003,117549,0.30491745559843314,60
1004,121553,0.30491745559843314,60
1005,125557,0.3599489182346513,60
1006,129561,0.3599489182346513,60
1007,133565,0.3599489182346513,60
1008,137569,0.3978668499281094,60
1009,141573,0.3898664866899384,60
1010,145577,0.389906839024342,60
1011,149581,0.389906839024342,60
1012,153585,0.389906839024342,60
1013,157589,0.389906839024342,60
1014,161593,0.345242198222678,60
1015,165597,0.345242198222678,60
1016,169601,0.345242198222678,60
1017,173605,0.345242198222678,60
1018,177609,0.345242198222678,60
1019,181613,0.3362303831949238,60
1020,185617,0.3362303831949238,60
1021,189621,0.3126080447037558,60
1022,193625,0.3126080447037558,60
1023,197629,0.3126080447037558,60
1024,201633,0.37251575075238863,60
1025,205637,0.31254006928218514,60
1026,209641,0.29718347354257635,60
1027,213645,0.29718347354257635,60
1028,217649,0.29718347354257635,60
1029,221653,0.28821845014609115,60
1030,225657,0.28821845014609115,60
1031,229661,0.2876713061343905,60
1032,233665,0.3000783763426273,60
1033,237669,0.3000783763426273,60
1034,241673,0.3000783763426273,60
1035,245677,0.3000783763426273,60
1036,249681,0.3000783763426273,60
1037,253685,0.3000783763426273,60
1038,100,0.720692170645742,90
1039,200,1.0,90
1040,300,0.6907344417190241,90
1041,400,0.6907344417190241,90
1042,500,0.6907344417190241,90
1043,600,0.678282555704996,90
1044,700,0.678282555704996,90
1045,800,0.678282555704996,90
1046,900,0.6606868593122509,90
1047,1000,1.0,90
1048,1100,1.0,90
1049,1200,1.0,90
1050,1300,1.0,90
1051,1400,1.0,90
1052,1500,1.0,90
1053,1600,1.0,90
1054,1700,1.0,90
1055,1800,1.0,90
1056,1900,1.0,90
1057,2000,1.0,90
1058,2100,1.0,90
1059,2200,1.0,90
1060,2300,1.0,90
1061,2400,1.0,90
1062,2500,1.0,90
1063,2600,1.0,90
1064,2700,1.0,90
1065,2800,0.7752612518878729,90
1066,2900,0.7752612518878729,90
1067,3000,0.7752612518878729,90
1068,3100,0.7752612518878729,90
1069,3200,0.7752612518878729,90
1070,3300,0.7752612518878729,90
1071,3400,0.7752612518878729,90
1072,3500,0.7752612518878729,90
1073,3600,0.7752612518878729,90
1074,3700,0.7752612518878729,90
1075,3800,0.7752612518878729,90
1076,3900,0.7752612518878729,90
1077,4000,0.7752612518878729,90
1078,4100,1.0,90
1079,4200,1.0,90
1080,4300,1.0,90
1081,4400,0.6087275439946392,90
1082,4500,0.6087275439946392,90
1083,4600,0.6087275439946392,90
1084,4700,0.6087275439946392,90
1085,4800,0.920892775726327,90
1086,4900,0.6041877669679502,90
1087,5000,0.6041877669679502,90
1088,5100,0.6041877669679502,90
1089,5200,0.6041877669679502,90
1090,5300,0.6041877669679502,90
1091,5400,0.6041877669679502,90
1092,5500,0.6041877669679502,90
1093,5600,0.5753204379139246,90
1094,5700,0.5753204379139246,90
1095,5800,0.5753204379139246,90
1096,5900,0.5753204379139246,90
1097,6000,0.5753204379139246,90
1098,6100,0.5753204379139246,90
1099,6200,0.5237954919807001,90
1100,6300,0.5237954919807001,90
1101,6400,0.5237954919807001,90
1102,6500,0.5237954919807001,90
1103,6600,0.5237954919807001,90
1104,6700,0.5237954919807001,90
1105,6800,0.5237954919807001,90
1106,6900,0.5237954919807001,90
1107,7000,0.5237954919807001,90
1108,7100,0.5237954919807001,90
1109,7200,0.5237954919807001,90
1110,7300,0.5237954919807001,90
1111,7400,0.5237954919807001,90
1112,7500,0.5237954919807001,90
1113,7600,0.5237954919807001,90
1114,7700,0.5237954919807001,90
1115,7800,0.5237954919807001,90
1116,7900,0.4452479452553305,90
1117,8000,0.4452479452553305,90
1118,8100,0.4452479452553305,90
1119,8200,0.4452479452553305,90
1120,8300,0.4452479452553305,90
1121,8400,0.4452479452553305,90
1122,8500,0.4452479452553305,90
1123,8600,0.4452479452553305,90
1124,8700,0.4452479452553305,90
1125,8800,0.4452479452553305,90
1126,8900,0.4452479452553305,90
1127,9000,0.4452479452553305,90
1128,9100,0.4452479452553305,90
1129,9200,0.4452479452553305,90
1130,9300,0.4452479452553305,90
1131,9400,0.4452479452553305,90
1132,9500,0.4452479452553305,90
1133,9600,0.40787852736086905,90
1134,9700,0.40787852736086905,90
1135,9800,0.40787852736086905,90
1136,9900,0.386095661751916,90
1137,10519,0.386095661751916,90
1138,11211,0.386095661751916,90
1139,11903,0.386095661751916,90
1140,12595,0.386095661751916,90
1141,13287,0.386095661751916,90
1142,13979,0.386095661751916,90
1143,14671,0.386095661751916,90
1144,15363,0.386095661751916,90
1145,16055,0.386095661751916,90
1146,16747,0.386095661751916,90
1147,17439,0.386095661751916,90
1148,18131,0.386095661751916,90
1149,18823,0.386095661751916,90
1150,19515,0.386095661751916,90
1151,20207,0.386095661751916,90
1152,20899,0.386095661751916,90
1153,21591,0.386095661751916,90
1154,22283,0.386095661751916,90
1155,22975,0.386095661751916,90
1156,23667,0.386095661751916,90
1157,24359,0.42995920510412755,90
1158,25051,0.42995920510412755,90
1159,25743,0.42995920510412755,90
1160,26435,0.4276412870255111,90
1161,27127,0.4276412870255111,90
1162,27819,0.41971296784948264,90
1163,28511,0.42933298953627663,90
1164,29203,0.42933298953627663,90
1165,29895,0.42933298953627663,90
1166,30587,0.42933298953627663,90
1167,31279,0.4201216057432482,90
1168,31971,0.4140607277191698,90
1169,32663,0.40898954220915484,90
1170,33355,0.4042731139089514,90
1171,34047,0.4042731139089514,90
1172,34739,0.3491852640750823,90
1173,35431,0.3491852640750823,90
1174,36123,0.3491852640750823,90
1175,36815,0.3491852640750823,90
1176,37507,0.3491852640750823,90
1177,38199,0.3491852640750823,90
1178,38891,0.3491852640750823,90
1179,39583,0.3491852640750823,90
1180,40275,0.3491852640750823,90
1181,40967,0.3491852640750823,90
1182,41659,0.3491852640750823,90
1183,42351,0.3491852640750823,90
1184,43043,0.3491852640750823,90
1185,43735,0.3491852640750823,90
1186,44427,0.3491852640750823,90
1187,45119,0.3491852640750823,90
1188,45811,0.3491852640750823,90
1189,46503,0.3491852640750823,90
1190,47195,0.3491852640750823,90
1191,47887,0.3491852640750823,90
1192,48579,0.3491852640750823,90
1193,49271,0.3491852640750823,90
1194,49963,0.35267537993081366,90
1195,50655,0.35267537993081366,90
1196,51347,0.35267537993081366,90
1197,52039,0.3487773129941101,90
1198,52731,0.3487773129941101,90
1199,53423,0.3487773129941101,90
1200,54115,0.3487773129941101,90
1201,54807,0.3487773129941101,90
1202,55499,0.3487773129941101,90
1203,56191,0.3487773129941101,90
1204,56883,0.3487773129941101,90
1205,57575,0.3487773129941101,90
1206,58267,0.3487773129941101,90
1207,58959,0.3487773129941101,90
1208,59651,0.3487773129941101,90
1209,60343,0.35267537993081366,90
1210,61035,0.35267537993081366,90
1211,61727,0.34792289684594113,90
1212,62419,0.34281898079242723,90
1213,63111,0.34281898079242723,90
1214,63803,0.34281898079242723,90
1215,64495,0.34281898079242723,90
1216,65187,0.34281898079242723,90
1217,65879,0.34281898079242723,90
1218,66571,0.34281898079242723,90
1219,67263,0.34281898079242723,90
1220,67955,0.34281898079242723,90
1221,68647,0.34281898079242723,90
1222,69339,0.34281898079242723,90
1223,70031,0.34281898079242723,90
1224,70723,0.34281898079242723,90
1225,71415,0.34281898079242723,90
1226,72107,0.34281898079242723,90
1227,72799,0.34281898079242723,90
1228,73491,0.34281898079242723,90
1229,74183,0.34281898079242723,90
1230,74875,0.34281898079242723,90
1231,75567,0.34281898079242723,90
1232,76259,0.34281898079242723,90
1233,76951,0.34281898079242723,90
1234,77643,0.34281898079242723,90
1235,78335,0.34281898079242723,90
1236,79027,0.34402883217346814,90
1237,82236,0.34281898079242723,90
1238,85592,0.34281898079242723,90
1239,88948,0.34281898079242723,90
1240,92304,0.34281898079242723,90
1241,95660,0.3402154842507972,90
1242,99016,0.3402154842507972,90
1243,102372,0.33694252409042136,90
1244,105728,0.33694252409042136,90
1245,109084,0.3402154842507972,90
1246,112440,0.3516925727771172,90
1247,115796,0.35231674853059736,90
1248,119152,0.35231674853059736,90
1249,122508,0.3253659463460763,90
1250,125864,0.3118959970087316,90
1251,129220,0.35231674853059736,90
1252,132576,0.35231674853059736,90
1253,135932,0.35231674853059736,90
1254,139288,0.34867289983713046,90
1255,142644,0.3555137356989802,90
1256,146000,0.3555137356989802,90
1257,149356,0.3555137356989802,90
1258,152712,0.3555137356989802,90
1259,156068,0.3555137356989802,90
1260,159424,0.3555137356989802,90
1261,162780,0.3555137356989802,90
1262,166136,0.3555137356989802,90
1263,169492,0.3555137356989802,90
1264,172848,0.3555137356989802,90
1265,176204,0.3367996365149529,90
1266,179560,0.3367996365149529,90
1267,182916,0.3367996365149529,90
1268,186272,0.3367996365149529,90
1269,189628,0.3657081997654469,90
1270,192984,0.37561034076669964,90
1271,196340,0.37561034076669964,90
1272,199696,0.3743695005964024,90
1273,203052,0.4078359976099828,90
1274,206408,0.4078359976099828,90
1275,209764,0.35997379414335073,90
1276,213120,0.35997379414335073,90
1277,216476,0.35997379414335073,90
1278,219832,0.35997379414335073,90
1279,223188,0.3495303218640663,90
1280,226544,0.3495303218640663,90
1281,229900,0.3505960872832858,90
1282,233256,0.3505960872832858,90
1283,236612,0.34816514917869057,90
1284,239968,0.2918450501212253,90
1285,243324,0.2918450501212253,90
1286,246680,0.2918450501212253,90
1287,250036,0.2918450501212253,90
1288,100,0.671924666073778,20
1289,200,0.671924666073778,20
1290,300,0.6711814331626248,20
1291,400,0.6640689821202398,20
1292,500,0.6451331147253007,20
1293,600,0.6451331147253007,20
1294,700,0.6451331147253007,20
1295,800,0.6451331147253007,20
1296,900,0.6451331147253007,20
1297,1000,0.6451331147253007,20
1298,1100,0.6451331147253007,20
1299,1200,0.6451331147253007,20
1300,1300,0.6451331147253007,20
1301,1400,0.6451331147253007,20
1302,1500,0.6451331147253007,20
1303,1600,0.6451331147253007,20
1304,1700,0.6451331147253007,20
1305,1800,0.6451331147253007,20
1306,1900,0.6451331147253007,20
1307,2000,0.6451331147253007,20
1308,2100,0.6451331147253007,20
1309,2200,0.6451331147253007,20
1310,2300,0.6451331147253007,20
1311,2400,0.6451331147253007,20
1312,2500,0.6451331147253007,20
1313,2600,0.6451331147253007,20
1314,2700,0.6451331147253007,20
1315,2800,0.6451331147253007,20
1316,2900,0.6451331147253007,20
1317,3000,0.6451331147253007,20
1318,3100,0.6451331147253007,20
1319,3200,0.6451331147253007,20
1320,3300,0.6451331147253007,20
1321,3400,0.6451331147253007,20
1322,3500,0.6451331147253007,20
1323,3600,0.6451331147253007,20
1324,3700,0.6451331147253007,20
1325,3800,0.6451331147253007,20
1326,3900,0.6451331147253007,20
1327,4000,0.6451331147253007,20
1328,4100,0.6451331147253007,20
1329,4200,0.6451331147253007,20
1330,4300,0.6451331147253007,20
1331,4400,0.6451331147253007,20
1332,4500,0.6451331147253007,20
1333,4600,0.6395988580297246,20
1334,4700,0.6395988580297246,20
1335,4800,0.6395988580297246,20
1336,4900,0.6395988580297246,20
1337,5000,0.6395988580297246,20
1338,5100,0.6395988580297246,20
1339,5200,0.6395988580297246,20
1340,5300,0.6395941205818437,20
1341,5400,0.6372783229316942,20
1342,5500,0.6372783229316942,20
1343,5600,0.6372783229316942,20
1344,5700,0.6372783229316942,20
1345,5800,0.6372783229316942,20
1346,5900,0.6372783229316942,20
1347,6000,0.6184094764465401,20
1348,6100,0.6184094764465401,20
1349,6200,0.6184094764465401,20
1350,6300,0.6184094764465401,20
1351,6400,0.6184094764465401,20
1352,6500,0.6184094764465401,20
1353,6600,0.6184094764465401,20
1354,6700,0.6184094764465401,20
1355,6800,0.6184094764465401,20
1356,6900,0.6184094764465401,20
1357,7000,0.6184094764465401,20
1358,7100,0.6184094764465401,20
1359,7200,0.6184094764465401,20
1360,7300,0.6184094764465401,20
1361,7400,0.6025530515668748,20
1362,7500,0.6025530515668748,20
1363,7600,0.6025530515668748,20
1364,7700,0.6025530515668748,20
1365,7800,0.6025530515668748,20
1366,7900,0.6025530515668748,20
1367,8000,0.5779256970718857,20
1368,8100,0.5779256970718857,20
1369,8200,0.5806661464483299,20
1370,8300,0.5789888625032663,20
1371,8400,0.5460011894967759,20
1372,8500,0.5460011894967759,20
1373,8600,0.5358739706435143,20
1374,8700,0.5358739706435143,20
1375,8800,0.531889562973149,20
1376,8900,0.531889562973149,20
1377,9000,0.5190503253888447,20
1378,9100,0.5190503253888447,20
1379,9200,0.5190503253888447,20
1380,9300,0.5190503253888447,20
1381,9400,0.5190503253888447,20
1382,9500,0.5001440150327119,20
1383,9600,0.4808755101024008,20
1384,9700,0.4808755101024008,20
1385,9800,0.4808755101024008,20
1386,9900,0.47825710991416703,20
1387,10618,0.47825710991416703,20
1388,11442,0.47825710991416703,20
1389,12266,0.4649323137314233,20
1390,13090,0.4649323137314233,20
1391,13914,0.4722677717317754,20
1392,14738,0.27634664566529765,20
1393,15562,0.27634664566529765,20
1394,16386,0.2733228941949437,20
1395,17210,0.22376949737770047,20
1396,18034,0.22376949737770047,20
1397,18858,0.22376949737770047,20
1398,19682,0.45018087554559577,20
1399,20506,0.45018087554559577,20
1400,21330,0.45018087554559577,20
1401,22154,0.45018087554559577,20
1402,22978,0.4935945026550361,20
1403,23802,0.4935945026550361,20
1404,24626,0.4935945026550361,20
1405,25450,0.4935945026550361,20
1406,26274,0.4935945026550361,20
1407,27098,0.4935945026550361,20
1408,27922,0.4935945026550361,20
1409,28746,0.4935945026550361,20
1410,29570,0.3698190033179941,20
1411,30394,0.3698190033179941,20
1412,31218,0.3698190033179941,20
1413,32042,0.36821649026238146,20
1414,32866,0.36821649026238146,20
1415,33690,0.36821649026238146,20
1416,34514,0.36821649026238146,20
1417,35338,0.36821649026238146,20
1418,36162,0.36821649026238146,20
1419,36986,0.36821649026238146,20
1420,37810,0.3168631894473978,20
1421,38634,0.25664784149515385,20
1422,39458,0.25664784149515385,20
1423,40282,0.3168631894473978,20
1424,41106,0.3168631894473978,20
1425,41930,0.3168631894473978,20
1426,42754,0.3168631894473978,20
1427,43578,0.3168631894473978,20
1428,44402,0.3168631894473978,20
1429,45226,0.2079436066390617,20
1430,46050,0.2079436066390617,20
1431,46874,0.2079436066390617,20
1432,47698,0.2079436066390617,20
1433,48522,0.2079436066390617,20
1434,49346,0.2079436066390617,20
1435,50170,0.2079436066390617,20
1436,50994,0.2079436066390617,20
1437,51818,0.2079436066390617,20
1438,52642,0.2079436066390617,20
1439,53466,0.2079436066390617,20
1440,54290,0.2079436066390617,20
1441,55114,0.2528317233069979,20
1442,55938,0.2528317233069979,20
1443,56762,0.2528317233069979,20
1444,57586,0.2528317233069979,20
1445,58410,0.2528317233069979,20
1446,59234,0.2528317233069979,20
1447,60058,0.2528317233069979,20
1448,60882,0.2528317233069979,20
1449,61706,0.2528317233069979,20
1450,62530,0.2870669352906655,20
1451,63354,0.2870669352906655,20
1452,64178,0.2870669352906655,20
1453,65002,0.2870669352906655,20
1454,65826,0.2870669352906655,20
1455,66650,0.263817876777924,20
1456,67474,0.263817876777924,20
1457,68298,0.263817876777924,20
1458,69122,0.263817876777924,20
1459,69946,0.263817876777924,20
1460,70770,0.30136970597066537,20
1461,71594,0.266374435862127,20
1462,72418,0.266374435862127,20
1463,73242,0.266374435862127,20
1464,74066,0.266374435862127,20
1465,74890,0.266374435862127,20
1466,75714,0.266374435862127,20
1467,76538,0.30923098820576694,20
1468,77362,0.28116611560074667,20
1469,78186,0.28116611560074667,20
1470,79010,0.28116611560074667,20
1471,79834,0.28116611560074667,20
1472,80658,0.28116611560074667,20
1473,81482,0.28116611560074667,20
1474,82306,0.28116611560074667,20
1475,83130,0.28116611560074667,20
1476,83954,0.28116611560074667,20
1477,84778,0.28874884883496044,20
1478,85602,0.23248928171306793,20
1479,86426,0.23248928171306793,20
1480,87250,0.23248928171306793,20
1481,88074,0.20604754559108554,20
1482,88898,0.20604754559108554,20
1483,89722,0.1954376562938317,20
1484,90546,0.1954376562938317,20
1485,91370,0.1954376562938317,20
1486,92194,0.1954376562938317,20
1487,96003,0.1954376562938317,20
1488,99983,0.1954376562938317,20
1489,103963,0.20385165378901615,20
1490,107943,0.20385165378901615,20
1491,111923,0.20385165378901615,20
1492,115903,0.27089783587340277,20
1493,119883,0.2949085619319861,20
1494,123863,0.3446621956138274,20
1495,127843,0.34730924954754827,20
1496,131823,0.21074046133834282,20
1497,135803,0.21074046133834282,20
1498,139783,0.1158974941376281,20
1499,143763,0.1158974941376281,20
1500,147743,0.1158974941376281,20
1501,151723,0.1158974941376281,20
1502,155703,0.1158974941376281,20
1503,159683,0.34879087074859916,20
1504,163663,0.34879087074859916,20
1505,167643,0.34879087074859916,20
1506,171623,0.5000000000000018,20
1507,175603,0.5000000000000018,20
1508,179583,0.5000000000000018,20
1509,183563,0.4763494490852922,20
1510,187543,0.4763494490852922,20
1511,191523,0.47794180186423985,20
1512,195503,0.47794180186423985,20
1513,199483,0.47794180186423985,20
1514,203463,0.47794180186423985,20
1515,207443,0.47794180186423985,20
1516,211423,0.4628473514732104,20
1517,215403,0.4628473514732104,20
1518,219383,0.4628473514732104,20
1519,223363,0.4628473514732104,20
1520,227343,0.4628473514732104,20
1521,231323,0.4555618952518347,20
1522,235303,0.4555618952518347,20
1523,239283,0.4858391528243602,20
1524,243263,0.4858391528243602,20
1525,247243,0.4858391528243602,20
1526,251223,0.4858391528243602,20
1527,100,1.0,50
1528,200,0.705232741301805,50
1529,300,0.724131200727145,50
1530,400,1.0,50
1531,500,0.6675574857392753,50
1532,600,0.6675574857392753,50
1533,700,0.6675574857392753,50
1534,800,0.6675574857392753,50
1535,900,0.6675574857392753,50
1536,1000,0.6675574857392753,50
1537,1100,0.6675574857392753,50
1538,1200,0.6675574857392753,50
1539,1300,0.6675574857392753,50
1540,1400,0.6675574857392753,50
1541,1500,0.6675574857392753,50
1542,1600,0.6675574857392753,50
1543,1700,0.6620181256666747,50
1544,1800,0.6620181256666747,50
1545,1900,0.6620181256666747,50
1546,2000,0.6620181256666747,50
1547,2100,0.6620181256666747,50
1548,2200,0.6620181256666747,50
1549,2300,0.6620181256666747,50
1550,2400,0.6620181256666747,50
1551,2500,0.6620181256666747,50
1552,2600,0.6620181256666747,50
1553,2700,0.6620181256666747,50
1554,2800,0.6620181256666747,50
1555,2900,0.6620181256666747,50
1556,3000,0.6620181256666747,50
1557,3100,0.6512922275364262,50
1558,3200,0.6337235623763787,50
1559,3300,0.6337235623763787,50
1560,3400,0.6337235623763787,50
1561,3500,0.6337235623763787,50
1562,3600,0.6337235623763787,50
1563,3700,0.6337235623763787,50
1564,3800,0.6337235623763787,50
1565,3900,0.6337235623763787,50
1566,4000,0.6337235623763787,50
1567,4100,0.6028079748512981,50
1568,4200,0.6028079748512981,50
1569,4300,0.564260967541926,50
1570,4400,0.564260967541926,50
1571,4500,0.564260967541926,50
1572,4600,0.539076837983585,50
1573,4700,0.539076837983585,50
1574,4800,0.539076837983585,50
1575,4900,0.5349586076837823,50
1576,5000,0.5349586076837823,50
1577,5100,0.5349586076837823,50
1578,5200,0.5349586076837823,50
1579,5300,0.5349586076837823,50
1580,5400,0.5349586076837823,50
1581,5500,0.5349586076837823,50
1582,5600,0.5349586076837823,50
1583,5700,0.5349586076837823,50
1584,5800,0.5349586076837823,50
1585,5900,0.5349586076837823,50
1586,6000,0.5349586076837823,50
1587,6100,0.5349586076837823,50
1588,6200,0.5349586076837823,50
1589,6300,0.5349586076837823,50
1590,6400,0.5349586076837823,50
1591,6500,0.5349586076837823,50
1592,6600,0.5349586076837823,50
1593,6700,0.5349586076837823,50
1594,6800,0.5349586076837823,50
1595,6900,0.5349586076837823,50
1596,7000,0.5349586076837823,50
1597,7100,0.5349586076837823,50
1598,7200,0.5349586076837823,50
1599,7300,0.5349586076837823,50
1600,7400,0.5290779708700344,50
1601,7500,0.5290779708700344,50
1602,7600,0.5290779708700344,50
1603,7700,0.5290779708700344,50
1604,7800,0.5290779708700344,50
1605,7900,0.5290779708700344,50
1606,8000,0.5290779708700344,50
1607,8100,0.5290779708700344,50
1608,8200,0.5290779708700344,50
1609,8300,0.5290779708700344,50
1610,8400,0.528047419215898,50
1611,8500,0.528047419215898,50
1612,8600,0.5070847978374764,50
1613,8700,0.5070847978374764,50
1614,8800,0.5070847978374764,50
1615,8900,0.5070847978374764,50
1616,9000,0.5070847978374764,50
1617,9100,0.5070847978374764,50
1618,9200,0.5098553461795917,50
1619,9300,0.5098553461795917,50
1620,9400,0.5098553461795917,50
1621,9500,0.5098553461795917,50
1622,9600,0.5098553461795917,50
1623,9700,0.5098553461795917,50
1624,9800,0.5098553461795917,50
1625,9900,0.5098553461795917,50
1626,10501,0.5098553461795917,50
1627,11169,0.49402931908512526,50
1628,11837,0.49402931908512526,50
1629,12505,0.49402931908512526,50
1630,13173,0.49402931908512526,50
1631,13841,0.49402931908512526,50
1632,14509,0.49402931908512526,50
1633,15177,0.47657628463877433,50
1634,15845,0.47657628463877433,50
1635,16513,0.46556881729323996,50
1636,17181,0.46556881729323996,50
1637,17849,0.44799649649288353,50
1638,18517,0.44799649649288353,50
1639,19185,0.44799649649288353,50
1640,19853,0.44799649649288353,50
1641,20521,0.3704455863262399,50
1642,21189,0.3704455863262399,50
1643,21857,0.3704455863262399,50
1644,22525,0.3704455863262399,50
1645,23193,0.3704455863262399,50
1646,23861,0.3704455863262399,50
1647,24529,0.3704455863262399,50
1648,25197,0.3704455863262399,50
1649,25865,0.3704455863262399,50
1650,26533,0.3704455863262399,50
1651,27201,0.3704455863262399,50
1652,27869,0.3704455863262399,50
1653,28537,0.3704455863262399,50
1654,29205,0.3704455863262399,50
1655,29873,0.3704455863262399,50
1656,30541,0.3704455863262399,50
1657,31209,0.3704455863262399,50
1658,31877,0.3704455863262399,50
1659,32545,0.3704455863262399,50
1660,33213,0.3704455863262399,50
1661,33881,0.35282892432616186,50
1662,34549,0.34150204822174257,50
1663,35217,0.3310838653167272,50
1664,35885,0.334068604108263,50
1665,36553,0.3310838653167272,50
1666,37221,0.3310838653167272,50
1667,37889,0.3310838653167272,50
1668,38557,0.3310838653167272,50
1669,39225,0.2693840291780353,50
1670,39893,0.2693840291780353,50
1671,40561,0.2693840291780353,50
1672,41229,0.2693840291780353,50
1673,41897,0.2693840291780353,50
1674,42565,0.2693840291780353,50
1675,43233,0.2640962002613722,50
1676,43901,0.2640962002613722,50
1677,44569,0.2640962002613722,50
1678,45237,0.2640962002613722,50
1679,45905,0.2640962002613722,50
1680,46573,0.2640962002613722,50
1681,47241,0.2640962002613722,50
1682,47909,0.2640962002613722,50
1683,48577,0.2640962002613722,50
1684,49245,0.2640962002613722,50
1685,49913,0.2640962002613722,50
1686,50581,0.2640962002613722,50
1687,51249,0.2640962002613722,50
1688,51917,0.26768340256924483,50
1689,52585,0.26768340256924483,50
1690,53253,0.32780166280477163,50
1691,53921,0.26768340256924483,50
1692,54589,0.26768340256924483,50
1693,55257,0.26768340256924483,50
1694,55925,0.32780166280477163,50
1695,56593,0.32780166280477163,50
1696,57261,0.32780166280477163,50
1697,57929,0.32780166280477163,50
1698,58597,0.28068102502808945,50
1699,59265,0.28068102502808945,50
1700,59933,0.28068102502808945,50
1701,60601,0.28068102502808945,50
1702,61269,0.28068102502808945,50
1703,61937,0.24509238779027717,50
1704,62605,0.3097325924077812,50
1705,63273,0.3113906616536507,50
1706,63941,0.3113906616536507,50
1707,64609,0.3113906616536507,50
1708,65277,0.3113906616536507,50
1709,65945,0.3113906616536507,50
1710,66613,0.3113906616536507,50
1711,67281,0.31062523945610215,50
1712,67949,0.31062523945610215,50
1713,68617,0.29987552977419285,50
1714,69285,0.29987552977419285,50
1715,69953,0.29987552977419285,50
1716,70621,0.29987552977419285,50
1717,71289,0.29987552977419285,50
1718,71957,0.29987552977419285,50
1719,72625,0.29115394738566913,50
1720,73293,0.29115394738566913,50
1721,73961,0.29115394738566913,50
1722,74629,0.29115394738566913,50
1723,75297,0.2859795792687399,50
1724,75965,0.2859795792687399,50
1725,76633,0.28710604236432835,50
1726,79326,0.28710604236432835,50
1727,82026,0.2988156813399345,50
1728,84726,0.30547338863128304,50
1729,87426,0.29340797383247735,50
1730,90126,0.2846614817783707,50
1731,92826,0.283998839486449,50
1732,95526,0.283998839486449,50
1733,98226,0.283998839486449,50
1734,100926,0.28868261956467556,50
1735,103626,0.28868261956467556,50
1736,106326,0.5000000000000018,50
1737,109026,0.3248132430223512,50
1738,111726,0.3397028131197132,50
1739,114426,0.3397028131197132,50
1740,117126,0.2826731060981892,50
1741,119826,0.2991127291471122,50
1742,122526,0.3278175412765961,50
1743,125226,0.3278175412765961,50
1744,127926,0.3278175412765961,50
1745,130626,0.3278175412765961,50
1746,133326,0.3278175412765961,50
1747,136026,0.3278175412765961,50
1748,138726,0.3278175412765961,50
1749,141426,0.3278175412765961,50
1750,144126,0.3278175412765961,50
1751,146826,0.3278175412765961,50
1752,149526,0.3278175412765961,50
1753,152226,0.3278175412765961,50
1754,154926,0.3278175412765961,50
1755,157626,0.3278175412765961,50
1756,160326,0.3269340586042271,50
1757,163026,0.3269340586042271,50
1758,165726,0.3269340586042271,50
1759,168426,0.3269340586042271,50
1760,171126,0.3269340586042271,50
1761,173826,0.3269340586042271,50
1762,176526,0.32337962348914084,50
1763,179226,0.32337962348914084,50
1764,181926,0.32337962348914084,50
1765,184626,0.24106881509799027,50
1766,187326,0.24106881509799027,50
1767,190026,0.2541270735602565,50
1768,192726,0.2541270735602565,50
1769,195426,0.2541270735602565,50
1770,198126,0.2541270735602565,50
1771,200826,0.2541270735602565,50
1772,203526,0.2541270735602565,50
1773,206226,0.27950077717294897,50
1774,208926,0.27950077717294897,50
1775,211626,0.27950077717294897,50
1776,214326,0.27950077717294897,50
1777,217026,0.27950077717294897,50
1778,219726,0.27950077717294897,50
1779,222426,0.27950077717294897,50
1780,225126,0.27950077717294897,50
1781,227826,0.2431139081132565,50
1782,230526,0.2431139081132565,50
1783,233226,0.27950077717294897,50
1784,235926,0.27950077717294897,50
1785,238626,0.27950077717294897,50
1786,241326,0.27950077717294897,50
1787,244026,0.27950077717294897,50
1788,246726,0.27950077717294897,50
1789,249426,0.2232481343049545,50
1790,252126,0.24582007272503886,50
1791,100,0.6634268187818161,10
1792,200,0.6634268187818161,10
1793,300,0.6634268187818161,10
1794,400,0.6634268187818161,10
1795,500,0.6634268187818161,10
1796,600,0.6634268187818161,10
1797,700,0.6621381279853896,10
1798,800,0.6621381279853896,10
1799,900,0.6621381279853896,10
1800,1000,0.6621381279853896,10
1801,1100,0.6462519694802619,10
1802,1200,0.6462519694802619,10
1803,1300,0.6462519694802619,10
1804,1400,0.6462519694802619,10
1805,1500,0.6462519694802619,10
1806,1600,0.6462519694802619,10
1807,1700,1.0,10
1808,1800,1.0,10
1809,1900,1.0,10
1810,2000,1.0,10
1811,2100,1.0,10
1812,2200,1.0,10
1813,2300,1.0,10
1814,2400,0.6785951320580225,10
1815,2500,0.6785951320580225,10
1816,2600,0.6462519694802619,10
1817,2700,0.6462519694802619,10
1818,2800,0.6462519694802619,10
1819,2900,0.6462519694802619,10
1820,3000,0.6462519694802619,10
1821,3100,0.6462519694802619,10
1822,3200,0.6462519694802619,10
1823,3300,0.6462519694802619,10
1824,3400,0.6462519694802619,10
1825,3500,0.6462519694802619,10
1826,3600,0.6462519694802619,10
1827,3700,0.6507652769928979,10
1828,3800,0.6507652769928979,10
1829,3900,0.6507652769928979,10
1830,4000,0.6507652769928979,10
1831,4100,0.6507652769928979,10
1832,4200,0.6507652769928979,10
1833,4300,0.6507652769928979,10
1834,4400,0.6507652769928979,10
1835,4500,0.6507652769928979,10
1836,4600,0.6507652769928979,10
1837,4700,0.6507652769928979,10
1838,4800,0.6507652769928979,10
1839,4900,0.6507652769928979,10
1840,5000,0.6496439053690161,10
1841,5100,0.6496439053690161,10
1842,5200,0.6496439053690161,10
1843,5300,0.6496439053690161,10
1844,5400,0.6496439053690161,10
1845,5500,0.6496439053690161,10
1846,5600,0.6496439053690161,10
1847,5700,0.6496439053690161,10
1848,5800,0.6496439053690161,10
1849,5900,0.6496439053690161,10
1850,6000,0.6496439053690161,10
1851,6100,0.6496439053690161,10
1852,6200,0.6496439053690161,10
1853,6300,0.6163648438281987,10
1854,6400,0.6163648438281987,10
1855,6500,0.6163648438281987,10
1856,6600,0.6163648438281987,10
1857,6700,0.6163648438281987,10
1858,6800,0.6163648438281987,10
1859,6900,0.6163648438281987,10
1860,7000,0.6163648438281987,10
1861,7100,0.6163648438281987,10
1862,7200,0.6163648438281987,10
1863,7300,0.6163648438281987,10
1864,7400,0.6163648438281987,10
1865,7500,0.6163648438281987,10
1866,7600,0.6163648438281987,10
1867,7700,0.6163648438281987,10
1868,7800,0.6163648438281987,10
1869,7900,0.6007803018765333,10
1870,8000,0.6007803018765333,10
1871,8100,0.6007803018765333,10
1872,8200,0.6007803018765333,10
1873,8300,0.6007803018765333,10
1874,8400,0.6007803018765333,10
1875,8500,0.6007803018765333,10
1876,8600,0.6007803018765333,10
1877,8700,0.6007803018765333,10
1878,8800,0.6007803018765333,10
1879,8900,0.5883985419336414,10
1880,9000,0.5883985419336414,10
1881,9100,0.5883985419336414,10
1882,9200,0.5542208530705758,10
1883,9300,0.5542208530705758,10
1884,9400,0.5542208530705758,10
1885,9500,0.5542208530705758,10
1886,9600,0.5542208530705758,10
1887,9700,0.5542208530705758,10
1888,9800,0.5542208530705758,10
1889,9900,0.5542208530705758,10
1890,10264,0.5352102768003899,10
1891,10616,0.5352102768003899,10
1892,10968,0.5352102768003899,10
1893,11320,0.5352102768003899,10
1894,11672,0.5352102768003899,10
1895,12024,0.5352102768003899,10
1896,12376,0.5352102768003899,10
1897,12728,0.5352102768003899,10
1898,13080,0.5352102768003899,10
1899,13432,0.5922978356346421,10
1900,13784,0.5922978356346421,10
1901,14136,0.5922978356346421,10
1902,14488,0.5683571206367505,10
1903,14840,0.5683571206367505,10
1904,15192,0.5683571206367505,10
1905,15544,0.5922646029864611,10
1906,15896,0.5922646029864611,10
1907,16248,0.5922646029864611,10
1908,16600,0.5922646029864611,10
1909,16952,0.5922978356346421,10
1910,17304,0.5922978356346421,10
1911,17656,0.5922978356346421,10
1912,18008,0.5922978356346421,10
1913,18360,0.5922978356346421,10
1914,18712,0.5922978356346421,10
1915,19064,0.5683571206367505,10
1916,19416,0.5683571206367505,10
1917,19768,0.554348016438306,10
1918,20120,0.554348016438306,10
1919,20472,0.554348016438306,10
1920,20824,0.5000000000000018,10
1921,21176,0.5000000000000018,10
1922,21528,0.5000000000000018,10
1923,21880,0.5000000000000018,10
1924,22232,0.5000000000000018,10
1925,22584,0.554348016438306,10
1926,22936,0.5000000000000018,10
1927,23288,0.5000000000000018,10
1928,23640,0.5000000000000018,10
1929,23992,0.5000000000000018,10
1930,24344,0.5000000000000018,10
1931,24696,0.5000000000000018,10
1932,25048,0.5000000000000018,10
1933,25400,0.5000000000000018,10
1934,25752,0.5000000000000018,10
1935,26104,0.5000000000000018,10
1936,26456,0.5000000000000018,10
1937,26808,0.5000000000000018,10
1938,27160,0.5000000000000018,10
1939,27512,0.5000000000000018,10
1940,27864,0.5000000000000018,10
1941,28216,0.5000000000000018,10
1942,28568,0.5000000000000018,10
1943,28920,0.5000000000000018,10
1944,29272,0.5000000000000018,10
1945,29624,0.4999999999999982,10
1946,29976,0.4999999999999982,10
1947,30328,0.4999999999999982,10
1948,30680,0.4999999999999982,10
1949,31032,0.4999999999999982,10
1950,31384,0.4999999999999982,10
1951,31736,0.4999999999999982,10
1952,32088,0.4999999999999982,10
1953,32440,0.4999999999999982,10
1954,32792,0.4999999999999982,10
1955,33144,0.4999999999999982,10
1956,33496,0.4999999999999982,10
1957,33848,0.4999999999999982,10
1958,34200,0.4999999999999982,10
1959,34552,0.46620077854885505,10
1960,34904,0.46620077854885505,10
1961,35256,0.46620077854885505,10
1962,35608,0.46620077854885505,10
1963,35960,0.46620077854885505,10
1964,36312,0.46620077854885505,10
1965,36664,0.46620077854885505,10
1966,37016,0.46620077854885505,10
1967,37368,0.46620077854885505,10
1968,37720,0.4771266265052545,10
1969,38072,0.4771266265052545,10
1970,38424,0.4771266265052545,10
1971,38776,0.4771266265052545,10
1972,39128,0.4771266265052545,10
1973,39480,0.4771266265052545,10
1974,39832,0.4733151817198912,10
1975,40184,0.4733151817198912,10
1976,40536,0.4733151817198912,10
1977,40888,0.4733151817198912,10
1978,41240,0.4733151817198912,10
1979,41592,0.4733151817198912,10
1980,41944,0.4298681860841299,10
1981,42296,0.4298681860841299,10
1982,42648,0.4298681860841299,10
1983,43000,0.4298681860841299,10
1984,43352,0.4298681860841299,10
1985,43704,0.39469483862677124,10
1986,44056,0.39469483862677124,10
1987,44408,0.39469483862677124,10
1988,44760,0.39469483862677124,10
1989,45112,0.39469483862677124,10
1990,46727,0.39469483862677124,10
1991,48411,0.39469483862677124,10
1992,50095,0.39469483862677124,10
1993,51779,0.39469483862677124,10
1994,53463,0.39469483862677124,10
1995,55147,0.47673721353716425,10
1996,56831,0.47673721353716425,10
1997,58515,0.47673721353716425,10
1998,60199,0.46002402113909485,10
1999,61883,0.46002402113909485,10
2000,63567,0.46002402113909485,10
2001,65251,0.438785882272773,10
2002,66935,0.438785882272773,10
2003,68619,0.4153614730030554,10
2004,70303,0.4093963392385851,10
2005,71987,0.3939624974345268,10
2006,73671,0.3939624974345268,10
2007,75355,0.3939624974345268,10
2008,77039,0.4093963392385851,10
2009,78723,0.4093963392385851,10
2010,80407,0.4093963392385851,10
2011,82091,0.4093963392385851,10
2012,83775,0.4093963392385851,10
2013,85459,0.4039026512236431,10
2014,87143,0.3939624974345268,10
2015,88827,0.3939624974345268,10
2016,90511,0.4703711560523809,10
2017,92195,0.4703711560523809,10
2018,93879,0.42519240451266893,10
2019,95563,0.42519240451266893,10
2020,97247,0.42519240451266893,10
2021,98931,0.42519240451266893,10
2022,100615,0.42519240451266893,10
2023,102299,0.42519240451266893,10
2024,103983,0.45853758739136274,10
2025,105667,0.45853758739136274,10
2026,107351,0.45853758739136274,10
2027,109035,0.4018479503849123,10
2028,110719,0.4018479503849123,10
2029,112403,0.3874072824335699,10
2030,114087,0.37808126956955357,10
2031,115771,0.37808126956955357,10
2032,117455,0.42334217863347945,10
2033,119139,0.42334217863347945,10
2034,120823,0.42334217863347945,10
2035,122507,0.42334217863347945,10
2036,124191,0.42334217863347945,10
2037,125875,0.42334217863347945,10
2038,127559,0.42334217863347945,10
2039,129243,0.42334217863347945,10
2040,130927,0.42334217863347945,10
2041,132611,0.42334217863347945,10
2042,134295,0.42334217863347945,10
2043,135979,0.38696190631424054,10
2044,137663,0.38696190631424054,10
2045,139347,0.38696190631424054,10
2046,141031,0.38696190631424054,10
2047,142715,0.38696190631424054,10
2048,144399,0.38696190631424054,10
2049,146083,0.38696190631424054,10
2050,147767,0.38696190631424054,10
2051,149451,0.38696190631424054,10
2052,151135,0.3578504899207866,10
2053,152819,0.3578504899207866,10
2054,154503,0.3578504899207866,10
2055,156187,0.3578504899207866,10
2056,157871,0.3578504899207866,10
2057,159555,0.3578504899207866,10
2058,161239,0.3578504899207866,10
2059,162923,0.3578504899207866,10
2060,164607,0.3578504899207866,10
2061,166291,0.3578504899207866,10
2062,167975,0.3395871264611828,10
2063,169659,0.3395871264611828,10
2064,171343,0.3395871264611828,10
2065,173027,0.3395871264611828,10
2066,174711,0.3395871264611828,10
2067,176395,0.3395871264611828,10
2068,178079,0.3395871264611828,10
2069,179763,0.3395871264611828,10
2070,181447,0.3395871264611828,10
2071,183131,0.3395871264611828,10
2072,184815,0.3395871264611828,10
2073,186499,0.3395871264611828,10
2074,188183,0.3395871264611828,10
2075,189867,0.3395871264611828,10
2076,191551,0.3395871264611828,10
2077,193235,0.3395871264611828,10
2078,194919,0.3395871264611828,10
2079,196603,0.3395871264611828,10
2080,198287,0.3395871264611828,10
2081,199971,0.3395871264611828,10
2082,201655,0.3395871264611828,10
2083,203339,0.3395871264611828,10
2084,205023,0.3395871264611828,10
2085,206707,0.3395871264611828,10
2086,208391,0.3395871264611828,10
2087,210075,0.3395871264611828,10
2088,211759,0.3578504899207866,10
2089,213443,0.3578504899207866,10
2090,219210,0.3578504899207866,10
2091,224654,0.3665947611825653,10
2092,230098,0.3930117841045636,10
2093,235542,0.3930117841045636,10
2094,240986,0.37434868075782296,10
2095,246430,0.37434868075782296,10
2096,251874,0.37434868075782296,10
2097,100,0.7073620064413843,100
2098,200,0.7073620064413843,100
2099,300,0.7073620064413843,100
2100,400,0.7212017696083355,100
2101,500,0.6859714931835666,100
2102,600,0.6859714931835666,100
2103,700,0.6859714931835666,100
2104,800,0.6859714931835666,100
2105,900,0.6859714931835666,100
2106,1000,0.6620299160086799,100
2107,1100,0.6620299160086799,100
2108,1200,0.6620299160086799,100
2109,1300,0.6620299160086799,100
2110,1400,0.6620299160086799,100
2111,1500,0.6620299160086799,100
2112,1600,0.6620299160086799,100
2113,1700,0.6561759632194862,100
2114,1800,0.6561759632194862,100
2115,1900,0.6561759632194862,100
2116,2000,0.6124417925246156,100
2117,2100,0.6124417925246156,100
2118,2200,0.6124417925246156,100
2119,2300,0.6124417925246156,100
2120,2400,0.6124417925246156,100
2121,2500,0.6073764044724809,100
2122,2600,0.6073764044724809,100
2123,2700,0.6073764044724809,100
2124,2800,0.6073764044724809,100
2125,2900,0.5742645063950852,100
2126,3000,0.5634734011997419,100
2127,3100,0.5634734011997419,100
2128,3200,0.5634734011997419,100
2129,3300,0.5634734011997419,100
2130,3400,0.5634734011997419,100
2131,3500,0.5634734011997419,100
2132,3600,0.5634734011997419,100
2133,3700,0.5000000000000018,100
2134,3800,0.5000000000000018,100
2135,3900,0.6416444052828484,100
2136,4000,0.5000000000000018,100
2137,4100,0.5000000000000018,100
2138,4200,0.5000000000000018,100
2139,4300,0.5000000000000018,100
2140,4400,0.5000000000000018,100
2141,4500,0.5000000000000018,100
2142,4600,0.42206669857017876,100
2143,4700,0.4110420554063521,100
2144,4800,0.4110420554063521,100
2145,4900,0.3795030905604787,100
2146,5000,0.3795030905604787,100
2147,5100,0.3795030905604787,100
2148,5200,0.3795030905604787,100
2149,5300,0.3795030905604787,100
2150,5400,0.3911202534101814,100
2151,5500,0.3911202534101814,100
2152,5600,0.3911202534101814,100
2153,5700,0.38289057982326247,100
2154,5800,0.38289057982326247,100
2155,5900,0.38289057982326247,100
2156,6000,0.4230240501486996,100
2157,6100,0.4230240501486996,100
2158,6200,0.4059765210004119,100
2159,6300,0.4999999999999982,100
2160,6400,0.45197359974873375,100
2161,6500,0.44874073666128467,100
2162,6600,0.44874073666128467,100
2163,6700,0.3245429327293228,100
2164,6800,0.3245429327293228,100
2165,6900,0.3245429327293228,100
2166,7000,0.3245429327293228,100
2167,7100,0.31640272861204477,100
2168,7200,0.31640272861204477,100
2169,7300,0.31640272861204477,100
2170,7400,0.2825517323519623,100
2171,7500,0.2825517323519623,100
2172,7600,0.2825517323519623,100
2173,7700,0.27247806847451944,100
2174,7800,0.27247806847451944,100
2175,7900,0.27247806847451944,100
2176,8000,0.27247806847451944,100
2177,8100,0.24841984061985833,100
2178,8200,0.24841984061985833,100
2179,8300,0.24832390400878163,100
2180,8400,0.24832390400878163,100
2181,8500,0.24093402549543785,100
2182,8600,0.24093402549543785,100
2183,8700,0.24093402549543785,100
2184,8800,0.24093402549543785,100
2185,8900,0.23451141541900927,100
2186,9000,0.23451141541900927,100
2187,9100,0.23451141541900927,100
2188,9200,0.23451141541900927,100
2189,9300,0.23715335657706704,100
2190,9400,0.23715335657706704,100
2191,9500,0.23451141541900927,100
2192,9600,0.23451141541900927,100
2193,9700,0.23451141541900927,100
2194,9800,0.23451141541900927,100
2195,9900,0.23451141541900927,100
2196,10603,0.23451141541900927,100
2197,11407,0.23451141541900927,100
2198,12211,0.23616407899813363,100
2199,13015,0.23286285210249708,100
2200,13819,0.23451141541900927,100
2201,14623,0.2359292818970884,100
2202,15427,0.2359292818970884,100
2203,16231,0.24292731442294146,100
2204,17035,0.24292731442294146,100
2205,17839,0.2393095441241092,100
2206,18643,0.2393095441241092,100
2207,19447,0.2393095441241092,100
2208,20251,0.22703887809365625,100
2209,21055,0.24575910858151567,100
2210,21859,0.24575910858151567,100
2211,22663,0.24575910858151567,100
2212,23467,0.24575910858151567,100
2213,24271,0.24575910858151567,100
2214,25075,0.24575910858151567,100
2215,25879,0.27698161426836426,100
2216,26683,0.27698161426836426,100
2217,27487,0.27698161426836426,100
2218,28291,0.27547914755806335,100
2219,29095,0.2831084156346535,100
2220,29899,0.2831084156346535,100
2221,30703,0.2861492369034028,100
2222,31507,0.2861492369034028,100
2223,32311,0.3153859031385127,100
2224,33115,0.3153859031385127,100
2225,33919,0.5000000000000018,100
2226,34723,0.35145920675651876,100
2227,35527,0.35145920675651876,100
2228,36331,0.35145920675651876,100
2229,37135,0.35145920675651876,100
2230,37939,0.5000000000000018,100
2231,38743,0.5000000000000018,100
2232,39547,0.4291118334994038,100
2233,40351,0.5000000000000018,100
2234,41155,0.5000000000000018,100
2235,41959,0.5000000000000018,100
2236,42763,0.5000000000000018,100
2237,43567,0.5000000000000018,100
2238,44371,0.5000000000000018,100
2239,45175,0.5000000000000018,100
2240,45979,0.33106035007445767,100
2241,46783,0.33106035007445767,100
2242,47587,0.33106035007445767,100
2243,48391,0.33106035007445767,100
2244,49195,0.5000000000000018,100
2245,49999,0.5000000000000018,100
2246,50803,0.5000000000000018,100
2247,51607,0.5000000000000018,100
2248,52411,0.5000000000000018,100
2249,53215,0.5000000000000018,100
2250,54019,0.3400070741521506,100
2251,54823,0.3400070741521506,100
2252,55627,0.3569479487557014,100
2253,56431,0.3569479487557014,100
2254,57235,0.3569479487557014,100
2255,58039,0.3569479487557014,100
2256,58843,0.3443344588602866,100
2257,59647,0.3443344588602866,100
2258,60451,0.3443344588602866,100
2259,61255,0.3443344588602866,100
2260,62059,0.3443344588602866,100
2261,62863,0.3443344588602866,100
2262,63667,0.3443344588602866,100
2263,64471,0.3443344588602866,100
2264,65275,0.3443344588602866,100
2265,66079,0.3443344588602866,100
2266,66883,0.3443344588602866,100
2267,67687,0.3443344588602866,100
2268,68491,0.3443344588602866,100
2269,69295,0.3443344588602866,100
2270,70099,0.3443344588602866,100
2271,70903,0.3443344588602866,100
2272,71707,0.3443344588602866,100
2273,72511,0.3443344588602866,100
2274,73315,0.3443344588602866,100
2275,74119,0.3443344588602866,100
2276,74923,0.3443344588602866,100
2277,75727,0.3443344588602866,100
2278,76531,0.3443344588602866,100
2279,77335,0.3443344588602866,100
2280,78139,0.3443344588602866,100
2281,78943,0.3443344588602866,100
2282,79747,0.3443344588602866,100
2283,80551,0.3443344588602866,100
2284,81355,0.3443344588602866,100
2285,82159,0.30573075979542685,100
2286,82963,0.3054095026789681,100
2287,83767,0.3054095026789681,100
2288,84571,0.3054095026789681,100
2289,85375,0.3054095026789681,100
2290,86179,0.3054095026789681,100
2291,86983,0.3054095026789681,100
2292,87787,0.3054095026789681,100
2293,88591,0.3054095026789681,100
2294,89395,0.3054095026789681,100
2295,90199,0.3054095026789681,100
2296,93286,0.3054095026789681,100
2297,96330,0.3253648714754048,100
2298,99374,0.3253648714754048,100
2299,102418,0.3347712701281996,100
2300,105462,0.3385820077151874,100
2301,108506,0.34077198579710555,100
2302,111550,0.3443344588602866,100
2303,114594,0.5000000000000018,100
2304,117638,0.5000000000000018,100
2305,120682,0.5000000000000018,100
2306,123726,0.5000000000000018,100
2307,126770,0.5000000000000018,100
2308,129814,0.5000000000000018,100
2309,132858,0.5000000000000018,100
2310,135902,0.5000000000000018,100
2311,138946,0.5000000000000018,100
2312,141990,0.5000000000000018,100
2313,145034,0.5000000000000018,100
2314,148078,0.5000000000000018,100
2315,151122,0.5000000000000018,100
2316,154166,0.5000000000000018,100
2317,157210,0.5000000000000018,100
2318,160254,0.5000000000000018,100
2319,163298,0.5000000000000018,100
2320,166342,0.5000000000000018,100
2321,169386,0.5000000000000018,100
2322,172430,0.5000000000000018,100
2323,175474,0.5000000000000018,100
2324,178518,0.5000000000000018,100
2325,181562,0.5000000000000018,100
2326,184606,0.5000000000000018,100
2327,187650,0.5000000000000018,100
2328,190694,0.5000000000000018,100
2329,193738,0.5000000000000018,100
2330,196782,0.4034618666957792,100
2331,199826,0.4034618666957792,100
2332,202870,0.4034618666957792,100
2333,205914,0.4034618666957792,100
2334,208958,0.4034618666957792,100
2335,212002,0.4034618666957792,100
2336,215046,0.4034618666957792,100
2337,218090,0.4034618666957792,100
2338,221134,0.4034618666957792,100
2339,224178,0.4034618666957792,100
2340,227222,0.4034618666957792,100
2341,230266,0.4034618666957792,100
2342,233310,0.3338816671851962,100
2343,236354,0.3338816671851962,100
2344,239398,0.3338816671851962,100
2345,242442,0.3338816671851962,100
2346,245486,0.3338816671851962,100
2347,248530,0.3338816671851962,100
2348,251574,0.3338816671851962,100
2349,100,0.720600180696232,40
2350,200,0.7021663618958678,40
2351,300,0.6645565150326361,40
2352,400,0.6645565150326361,40
2353,500,0.6645565150326361,40
2354,600,0.5748899068606471,40
2355,700,0.5748899068606471,40
2356,800,0.5748899068606471,40
2357,900,0.5748899068606471,40
2358,1000,0.5748899068606471,40
2359,1100,0.5748899068606471,40
2360,1200,0.5748899068606471,40
2361,1300,0.5748899068606471,40
2362,1400,0.5748899068606471,40
2363,1500,0.5748899068606471,40
2364,1600,0.5748899068606471,40
2365,1700,0.5748899068606471,40
2366,1800,0.5748899068606471,40
2367,1900,0.5748899068606471,40
2368,2000,0.5748899068606471,40
2369,2100,0.5748899068606471,40
2370,2200,0.5748899068606471,40
2371,2300,0.5748899068606471,40
2372,2400,0.5748899068606471,40
2373,2500,0.5748899068606471,40
2374,2600,0.5748899068606471,40
2375,2700,0.5748899068606471,40
2376,2800,0.5748899068606471,40
2377,2900,0.5467558052040846,40
2378,3000,0.5467558052040846,40
2379,3100,0.5467558052040846,40
2380,3200,0.5467558052040846,40
2381,3300,0.5467558052040846,40
2382,3400,0.5392907319610053,40
2383,3500,0.5392907319610053,40
2384,3600,0.5392907319610053,40
2385,3700,0.5392907319610053,40
2386,3800,0.5392907319610053,40
2387,3900,0.5392907319610053,40
2388,4000,0.5392907319610053,40
2389,4100,0.5392907319610053,40
2390,4200,0.5392907319610053,40
2391,4300,0.5392907319610053,40
2392,4400,0.5392907319610053,40
2393,4500,0.5392907319610053,40
2394,4600,0.5392907319610053,40
2395,4700,0.5392907319610053,40
2396,4800,0.487556292900198,40
2397,4900,0.487556292900198,40
2398,5000,0.446237260138462,40
2399,5100,0.446237260138462,40
2400,5200,0.446237260138462,40
2401,5300,0.446237260138462,40
2402,5400,0.446237260138462,40
2403,5500,0.446237260138462,40
2404,5600,0.446237260138462,40
2405,5700,0.446237260138462,40
2406,5800,0.446237260138462,40
2407,5900,0.446237260138462,40
2408,6000,0.446237260138462,40
2409,6100,0.43926923980356336,40
2410,6200,0.43926923980356336,40
2411,6300,0.43926923980356336,40
2412,6400,0.35262382493213756,40
2413,6500,0.35262382493213756,40
2414,6600,0.35262382493213756,40
2415,6700,0.35262382493213756,40
2416,6800,0.35262382493213756,40
2417,6900,0.3118767782121131,40
2418,7000,0.3118767782121131,40
2419,7100,0.3118767782121131,40
2420,7200,0.31187897053935887,40
2421,7300,0.31187897053935887,40
2422,7400,0.30849706488564044,40
2423,7500,0.32160532856605417,40
2424,7600,0.32160532856605417,40
2425,7700,0.32160532856605417,40
2426,7800,0.32160532856605417,40
2427,7900,0.32160532856605417,40
2428,8000,0.32160532856605417,40
2429,8100,0.32160532856605417,40
2430,8200,0.32160532856605417,40
2431,8300,0.32160532856605417,40
2432,8400,0.32160532856605417,40
2433,8500,0.32160532856605417,40
2434,8600,0.34706760973355355,40
2435,8700,0.34706760973355355,40
2436,8800,0.44233190644795534,40
2437,8900,0.44233190644795534,40
2438,9000,0.44233190644795534,40
2439,9100,0.44233190644795534,40
2440,9200,0.5000000000000018,40
2441,9300,0.5000000000000018,40
2442,9400,0.5000000000000018,40
2443,9500,0.5000000000000018,40
2444,9600,0.5000000000000018,40
2445,9700,0.5000000000000018,40
2446,9800,0.5000000000000018,40
2447,9900,0.5000000000000018,40
2448,10405,0.5000000000000018,40
2449,10945,0.5000000000000018,40
2450,11485,0.5000000000000018,40
2451,12025,0.5000000000000018,40
2452,12565,0.5000000000000018,40
2453,13105,0.33669173443295586,40
2454,13645,0.2842910468173937,40
2455,14185,0.2842910468173937,40
2456,14725,0.2842910468173937,40
2457,15265,0.3566948377245984,40
2458,15805,0.34695301713594,40
2459,16345,0.3234842812373334,40
2460,16885,0.3234842812373334,40
2461,17425,0.3234842812373334,40
2462,17965,0.3566948377245984,40
2463,18505,0.4042688773473564,40
2464,19045,0.3122156419421992,40
2465,19585,0.3077319339170492,40
2466,20125,0.3077319339170492,40
2467,20665,0.3077319339170492,40
2468,21205,0.3077319339170492,40
2469,21745,0.3077319339170492,40
2470,22285,0.30736684365450395,40
2471,22825,0.30736684365450395,40
2472,23365,0.3317483291791736,40
2473,23905,0.30736684365450395,40
2474,24445,0.28040415932643653,40
2475,24985,0.2831160554879749,40
2476,25525,0.2831160554879749,40
2477,26065,0.2831160554879749,40
2478,26605,0.2831160554879749,40
2479,27145,0.2831160554879749,40
2480,27685,0.3008284740809623,40
2481,28225,0.3008284740809623,40
2482,28765,0.3008284740809623,40
2483,29305,0.3008284740809623,40
2484,29845,0.3311990562956018,40
2485,30385,0.3354639679500499,40
2486,30925,0.3354639679500499,40
2487,31465,0.3354639679500499,40
2488,32005,0.3354639679500499,40
2489,32545,0.3354639679500499,40
2490,33085,0.3354639679500499,40
2491,33625,0.3354639679500499,40
2492,34165,0.3034310714362022,40
2493,34705,0.3034310714362022,40
2494,35245,0.33985378871932914,40
2495,35785,0.33985378871932914,40
2496,36325,0.33985378871932914,40
2497,36865,0.33985378871932914,40
2498,37405,0.33985378871932914,40
2499,37945,0.33985378871932914,40
2500,38485,0.33985378871932914,40
2501,39025,0.33985378871932914,40
2502,39565,0.28549499155968316,40
2503,40105,0.3022261251454824,40
2504,40645,0.3022261251454824,40
2505,41185,0.3309334790754406,40
2506,41725,0.3309334790754406,40
2507,42265,0.291781038845683,40
2508,42805,0.291781038845683,40
2509,43345,0.3022261251454824,40
2510,43885,0.291781038845683,40
2511,44425,0.291781038845683,40
2512,44965,0.291781038845683,40
2513,45505,0.291781038845683,40
2514,46045,0.291781038845683,40
2515,46585,0.29290930546547883,40
2516,47125,0.29290930546547883,40
2517,47665,0.29290930546547883,40
2518,48205,0.24455081097396153,40
2519,48745,0.24455081097396153,40
2520,49285,0.24455081097396153,40
2521,49825,0.24455081097396153,40
2522,50365,0.24455081097396153,40
2523,50905,0.24455081097396153,40
2524,51445,0.24455081097396153,40
2525,51985,0.24455081097396153,40
2526,52525,0.250731119260655,40
2527,53065,0.250731119260655,40
2528,53605,0.2459161968658321,40
2529,54145,0.2459161968658321,40
2530,54685,0.2459161968658321,40
2531,55225,0.2459161968658321,40
2532,55765,0.2459161968658321,40
2533,56305,0.2459161968658321,40
2534,56845,0.2459161968658321,40
2535,57385,0.2459161968658321,40
2536,57925,0.2459161968658321,40
2537,58465,0.2459161968658321,40
2538,59005,0.2459161968658321,40
2539,59545,0.23593305378566065,40
2540,60085,0.23593305378566065,40
2541,60625,0.23593305378566065,40
2542,61165,0.23593305378566065,40
2543,61705,0.23593305378566065,40
2544,62245,0.23593305378566065,40
2545,62785,0.23593305378566065,40
2546,63325,0.23593305378566065,40
2547,63865,0.23593305378566065,40
2548,66508,0.23593305378566065,40
2549,69312,0.23593305378566065,40
2550,72116,0.25894592141802947,40
2551,74920,0.26021439140570035,40
2552,77724,0.27497629090791526,40
2553,80528,0.26623137763940513,40
2554,83332,0.2597672099349804,40
2555,86136,0.26623137763940513,40
2556,88940,0.3023084136814437,40
2557,91744,0.3023084136814437,40
2558,94548,0.3023084136814437,40
2559,97352,0.3023084136814437,40
2560,100156,0.31512516418311803,40
2561,102960,0.31512516418311803,40
2562,105764,0.30783970796174237,40
2563,108568,0.30783970796174237,40
2564,111372,0.30783970796174237,40
2565,114176,0.30783970796174237,40
2566,116980,0.31512516418311803,40
2567,119784,0.31512516418311803,40
2568,122588,0.31512516418311803,40
2569,125392,0.31512516418311803,40
2570,128196,0.31512516418311803,40
2571,131000,0.31512516418311803,40
2572,133804,0.30783970796174237,40
2573,136608,0.30783970796174237,40
2574,139412,0.3238657480140692,40
2575,142216,0.3238657480140692,40
2576,145020,0.3238657480140692,40
2577,147824,0.3238657480140692,40
2578,150628,0.32617667641927295,40
2579,153432,0.37337898495015004,40
2580,156236,0.37337898495015004,40
2581,159040,0.37337898495015004,40
2582,161844,0.37337898495015004,40
2583,164648,0.37337898495015004,40
2584,167452,0.37337898495015004,40
2585,170256,0.46078573981719656,40
2586,173060,0.46078573981719656,40
2587,175864,0.3475297598431618,40
2588,178668,0.3475297598431618,40
2589,181472,0.3475297598431618,40
2590,184276,0.3475297598431618,40
2591,187080,0.3475297598431618,40
2592,189884,0.3475297598431618,40
2593,192688,0.3475297598431618,40
2594,195492,0.35334632240952646,40
2595,198296,0.35334632240952646,40
2596,201100,0.35334632240952646,40
2597,203904,0.35334632240952646,40
2598,206708,0.35334632240952646,40
2599,209512,0.3867087764817724,40
2600,212316,0.30419350957066904,40
2601,215120,0.30419350957066904,40
2602,217924,0.33177197674291037,40
2603,220728,0.33177197674291037,40
2604,223532,0.33177197674291037,40
2605,226336,0.33177197674291037,40
2606,229140,0.33177197674291037,40
2607,231944,0.33177197674291037,40
2608,234748,0.33177197674291037,40
2609,237552,0.33177197674291037,40
2610,240356,0.33177197674291037,40
2611,243160,0.33177197674291037,40
2612,245964,0.33177197674291037,40
2613,248768,0.33177197674291037,40
2614,251572,0.33177197674291037,40
