,nfe,gd,seed
0,100,0.14269714423912708,70
1,200,0.10328941292454732,70
2,300,0.12982653324941879,70
3,400,0.08485358532514246,70
4,500,0.0874453276500918,70
5,600,0.06969938660586847,70
6,700,0.0692852645863052,70
7,800,0.051994942450557455,70
8,900,0.06002877399131794,70
9,1000,0.04340953793838529,70
10,1100,0.03716249006737318,70
11,1200,0.0444103050845765,70
12,1300,0.04302794075128133,70
13,1400,0.03770438167468564,70
14,1500,0.03612967489530413,70
15,1600,0.03498357097040327,70
16,1700,0.03362208275583094,70
17,1800,0.036115098474250235,70
18,1900,0.03551540076455996,70
19,2000,0.03551540076455996,70
20,2100,0.035935667761565045,70
21,2200,0.037486565684574605,70
22,2300,0.0368555185624762,70
23,2400,0.03525126283157025,70
24,2500,0.03479469779995235,70
25,2600,0.03475785200161209,70
26,2700,0.034597762194072866,70
27,2800,0.034597762194072866,70
28,2900,0.03320479041685092,70
29,3000,0.03225249395640988,70
30,3100,0.033092467315816915,70
31,3200,0.032653991706296695,70
32,3300,0.03219306712852323,70
33,3400,0.0313088484807454,70
34,3500,0.03096297346803071,70
35,3600,0.033674528515608766,70
36,3700,0.031315207929293376,70
37,3800,0.03015087284356318,70
38,3900,0.029799132670925103,70
39,4000,0.03155683764732799,70
40,4100,0.03165316679866452,70
41,4200,0.03125849515362718,70
42,4300,0.03129827611585274,70
43,4400,0.03046342071033637,70
44,4500,0.02966053456496564,70
45,4600,0.028616126061141414,70
46,4700,0.02768234220360074,70
47,4800,0.027138721049835668,70
48,4900,0.027148838142748665,70
49,5000,0.027793507591687312,70
50,5100,0.02742677145872077,70
51,5200,0.027426850291252077,70
52,5300,0.02724329465503168,70
53,5400,0.02819699391619699,70
54,5500,0.027779085749994808,70
55,5600,0.029289129841359205,70
56,5700,0.028391800232075732,70
57,5800,0.028720729628239332,70
58,5900,0.028428550067198285,70
59,6000,0.027856884830314312,70
60,6100,0.02759442986141289,70
61,6200,0.023260323135272754,70
62,6300,0.022673629531107253,70
63,6400,0.02191361189003483,70
64,6500,0.021789821183177183,70
65,6600,0.02161786635018934,70
66,6700,0.020996378774526703,70
67,6800,0.02072199921466854,70
68,6900,0.020506988999126872,70
69,7000,0.02066751806528062,70
70,7100,0.020089839238039912,70
71,7200,0.020700830501695532,70
72,7300,0.020533065625136075,70
73,7400,0.02067954643381422,70
74,7500,0.020461067551613404,70
75,7600,0.020060212189610873,70
76,7700,0.020229269713021157,70
77,7800,0.01991456514795729,70
78,7900,0.0198181569070115,70
79,8000,0.01964995758028219,70
80,8100,0.01908050631342122,70
81,8200,0.01898087359244968,70
82,8300,0.01874539901334107,70
83,8400,0.018638605793171236,70
84,8500,0.018505894645679324,70
85,8600,0.01816738723915656,70
86,8700,0.017999092001779973,70
87,8800,0.018079221800275803,70
88,8900,0.0178783599944705,70
89,9000,0.018199808129041532,70
90,9100,0.0186207672244013,70
91,9200,0.018461089434606684,70
92,9300,0.018269732345310066,70
93,9400,0.018036459561226636,70
94,9500,0.017913564365873786,70
95,9600,0.017798671808464735,70
96,9700,0.017576186268923932,70
97,9800,0.01735844689934321,70
98,9900,0.01735844689934321,70
99,10408,0.01880224581042543,70
100,10952,0.019316215639482565,70
101,11496,0.01728688605552469,70
102,12040,0.016342456487519138,70
103,12584,0.015730262054020182,70
104,13128,0.015586783261116082,70
105,13672,0.01632682978023731,70
106,14216,0.015348154877314581,70
107,14760,0.014687542391225447,70
108,15304,0.014369551324675644,70
109,15848,0.014419463745201005,70
110,16392,0.014059214042599457,70
111,16936,0.013616588303525355,70
112,17480,0.013669502068389452,70
113,18024,0.01341590905786015,70
114,18568,0.013706405885437043,70
115,19112,0.012896400467665587,70
116,19656,0.012945593358314349,70
117,20200,0.011937013541093356,70
118,20744,0.012634766582185044,70
119,21288,0.013138789601745835,70
120,21832,0.013260411277429362,70
121,22376,0.013590811782314518,70
122,22920,0.013469023980228645,70
123,23464,0.013682629175287541,70
124,24008,0.0146354912758333,70
125,24552,0.014573876750776524,70
126,25096,0.014593060193805806,70
127,25640,0.014960834295514643,70
128,26184,0.015646481937358667,70
129,26728,0.016012626397525362,70
130,27272,0.015990325074254567,70
131,27816,0.016302761442866305,70
132,28360,0.016824306878401026,70
133,28904,0.0165645021109087,70
134,29448,0.01678854675721817,70
135,29992,0.017032812083147497,70
136,30536,0.017160819540021636,70
137,31080,0.01695692459421295,70
138,31624,0.017166416058274684,70
139,32168,0.017045474828898607,70
140,32712,0.016979575997969263,70
141,33256,0.017040678729697424,70
142,33800,0.017004178756597047,70
143,34344,0.017203414846932216,70
144,34888,0.017512280304559685,70
145,35432,0.017322441259378613,70
146,35976,0.017575800578117775,70
147,36520,0.01754434750581303,70
148,37064,0.017724608303545716,70
149,37608,0.017559054065562078,70
150,38152,0.017424898376375637,70
151,38696,0.017380943184865248,70
152,39240,0.017173139418753813,70
153,39784,0.01711709070608633,70
154,40328,0.016905781045425734,70
155,40872,0.017637672723180474,70
156,41416,0.018733011619342887,70
157,41960,0.018713602901654296,70
158,42504,0.018409023061085775,70
159,43048,0.01815094378795833,70
160,43592,0.01806726644309172,70
161,44136,0.01790242468935043,70
162,44680,0.017804525209628337,70
163,45224,0.017626428774751537,70
164,45768,0.017357407680784673,70
165,46312,0.017464017884873825,70
166,46856,0.017602468445903664,70
167,47400,0.017514643486319804,70
168,47944,0.01753597856526454,70
169,48488,0.01724616703079356,70
170,49032,0.01722187717581651,70
171,49576,0.017282663755687832,70
172,50120,0.017220595676480707,70
173,50664,0.017242812423813033,70
174,51208,0.01706027613546572,70
175,51752,0.01701275164024128,70
176,52296,0.017143297858998346,70
177,52840,0.017152952015983595,70
178,53384,0.017046806477294705,70
179,53928,0.016331747672685262,70
180,54472,0.016348426520906265,70
181,55016,0.0163122369231773,70
182,55560,0.016427618798109993,70
183,56104,0.016049966937688457,70
184,56648,0.01594230840371594,70
185,57192,0.016013251583908737,70
186,57736,0.01593020930574885,70
187,58280,0.015883038659537614,70
188,58824,0.01578367380729394,70
189,59368,0.015843440158475424,70
190,59912,0.01575062283696967,70
191,60456,0.015519926583174621,70
192,61000,0.015514442944532001,70
193,61544,0.014979200296416594,70
194,62088,0.015258703885049397,70
195,62632,0.015595795725425835,70
196,63176,0.0155010034492409,70
197,63720,0.015573983785777719,70
198,64264,0.01552216215703202,70
199,66398,0.015462178113120463,70
200,68518,0.01522060401395993,70
201,70638,0.015555100961969832,70
202,72758,0.015551547310858473,70
203,74878,0.016277118026008324,70
204,76998,0.016743757409875833,70
205,79118,0.016559637906580875,70
206,81238,0.017052802684142315,70
207,83358,0.01662182085719128,70
208,85478,0.01617632497063698,70
209,87598,0.015731207006995658,70
210,89718,0.01535218189508188,70
211,91838,0.015262379482346614,70
212,93958,0.014758096529120636,70
213,96078,0.01494437803146777,70
214,98198,0.014534940912689054,70
215,100318,0.014490198213714528,70
216,102438,0.013991387303244169,70
217,104558,0.014167405158130803,70
218,106678,0.01403388940100175,70
219,108798,0.01402715070172045,70
220,110918,0.01417087376173416,70
221,113038,0.014026506068845649,70
222,115158,0.014002372776831935,70
223,117278,0.013917888788800334,70
224,119398,0.013796543577754419,70
225,121518,0.013459883874110404,70
226,123638,0.01317324995371487,70
227,125758,0.013256664730905001,70
228,127878,0.013078892179962892,70
229,129998,0.013121288264924017,70
230,132118,0.013202198766864905,70
231,134238,0.013189409571936416,70
232,136358,0.013106549257777883,70
233,138478,0.012849550723474306,70
234,140598,0.012878386310200518,70
235,142718,0.012730870372093542,70
236,144838,0.012819846225767796,70
237,146958,0.012759170019679274,70
238,149078,0.012642716397268518,70
239,151198,0.012619284539843947,70
240,153318,0.01259304611472646,70
241,155438,0.012471967535137334,70
242,157558,0.012572727030469145,70
243,159678,0.01234004023982521,70
244,161798,0.012278763415681572,70
245,163918,0.01254084299176756,70
246,166038,0.012476940508471965,70
247,168158,0.012534640194021928,70
248,170278,0.01238649524450549,70
249,172398,0.012431841102865633,70
250,174518,0.01232954381158877,70
251,176638,0.012254435337322239,70
252,178758,0.01231071402774488,70
253,180878,0.01228342469744571,70
254,182998,0.012282308130069778,70
255,185118,0.012355639719805234,70
256,187238,0.012389407164684967,70
257,189358,0.012468670438638597,70
258,191478,0.012482573470897082,70
259,193598,0.012513126735839207,70
260,195718,0.012511020721948424,70
261,197838,0.012507641797214366,70
262,199958,0.012484690340381757,70
263,202078,0.012508222734166357,70
264,204198,0.012440764137033761,70
265,206318,0.012528642967997756,70
266,208438,0.012460771893647953,70
267,210558,0.01244800673236809,70
268,212678,0.012410941608552772,70
269,214798,0.01231042557779801,70
270,216918,0.012223592409715989,70
271,219038,0.01223957979393122,70
272,221158,0.012352566549598546,70
273,223278,0.012368763730247088,70
274,225398,0.012313912082777335,70
275,227518,0.012210953093171611,70
276,229638,0.012142798537756929,70
277,231758,0.012131013434184094,70
278,233878,0.012233193464886367,70
279,235998,0.012209643157988887,70
280,238118,0.012069105772805257,70
281,240238,0.011954674933859185,70
282,242358,0.011966457982886489,70
283,244478,0.012030107928787821,70
284,246598,0.0118110895201388,70
285,248718,0.01176004479027894,70
286,250838,0.01170458009651988,70
287,100,0.10742495489309058,80
288,200,0.08967872362012956,80
289,300,0.06626522632281927,80
290,400,0.06521757738325777,80
291,500,0.052010823782392315,80
292,600,0.051645472967068784,80
293,700,0.04751254545960652,80
294,800,0.052217097954564626,80
295,900,0.047940618708561235,80
296,1000,0.05057289737328651,80
297,1100,0.047788975323865016,80
298,1200,0.046238377599114026,80
299,1300,0.044782680193570096,80
300,1400,0.04156240553117178,80
301,1500,0.03354364524602844,80
302,1600,0.03219463175587956,80
303,1700,0.03171496667315005,80
304,1800,0.029857545197038742,80
305,1900,0.02617999520105213,80
306,2000,0.026922207231390036,80
307,2100,0.025517773208031752,80
308,2200,0.026334663305103725,80
309,2300,0.02857445896922876,80
310,2400,0.03000306288066455,80
311,2500,0.029350704627184882,80
312,2600,0.028536278473463645,80
313,2700,0.028254849809071603,80
314,2800,0.027827815489244734,80
315,2900,0.028269024886026905,80
316,3000,0.035186703401290806,80
317,3100,0.03409081623224127,80
318,3200,0.034813533901871904,80
319,3300,0.03604062027343322,80
320,3400,0.03465914259284478,80
321,3500,0.027140582062878844,80
322,3600,0.025716004399175874,80
323,3700,0.02480280199857197,80
324,3800,0.024359885438875302,80
325,3900,0.02548468052085765,80
326,4000,0.024980734468686962,80
327,4100,0.02429483325306423,80
328,4200,0.027087629999348915,80
329,4300,0.027142353221723228,80
330,4400,0.02681146214074015,80
331,4500,0.028127512642998276,80
332,4600,0.030378766404936548,80
333,4700,0.030856723834456944,80
334,4800,0.032846581642786574,80
335,4900,0.033428143200529434,80
336,5000,0.034178993994219094,80
337,5100,0.036078855707040614,80
338,5200,0.03911267640170111,80
339,5300,0.03805514880824251,80
340,5400,0.03719054959266664,80
341,5500,0.03887921461174023,80
342,5600,0.03935909923351357,80
343,5700,0.03586716137897157,80
344,5800,0.03479293422201659,80
345,5900,0.03453684547241233,80
346,6000,0.0340847668284212,80
347,6100,0.033863485865488256,80
348,6200,0.033880915071280104,80
349,6300,0.03455014133631033,80
350,6400,0.03462744871004444,80
351,6500,0.03389701934911227,80
352,6600,0.03410919683879181,80
353,6700,0.03489260270840942,80
354,6800,0.0349843017839348,80
355,6900,0.03509267720133772,80
356,7000,0.037051204278470314,80
357,7100,0.037051204278470314,80
358,7200,0.03650754156028896,80
359,7300,0.03642544326823554,80
360,7400,0.03598648485061238,80
361,7500,0.03535352856419853,80
362,7600,0.03510101748146717,80
363,7700,0.03482662989024996,80
364,7800,0.035145458221632675,80
365,7900,0.03535477059395524,80
366,8000,0.03487725998463133,80
367,8100,0.034839381205481385,80
368,8200,0.03483492834315272,80
369,8300,0.03489725810261004,80
370,8400,0.03540057012467903,80
371,8500,0.034616013333316334,80
372,8600,0.03458338695718112,80
373,8700,0.035169659844146196,80
374,8800,0.034727701876105584,80
375,8900,0.03641420202582348,80
376,9000,0.03633076058388611,80
377,9100,0.03640423201126032,80
378,9200,0.03638419332400014,80
379,9300,0.03754670230901808,80
380,9400,0.03756669990822392,80
381,9500,0.03740019894917773,80
382,9600,0.0369822034431207,80
383,9700,0.036585703550834965,80
384,9800,0.037913186062722336,80
385,9900,0.03763039453666153,80
386,10474,0.03857296772011927,80
387,11106,0.03794439054919514,80
388,11738,0.037102439031355745,80
389,12370,0.03560754040273087,80
390,13002,0.034474900419736054,80
391,13634,0.03325733565477184,80
392,14266,0.0307903637923781,80
393,14898,0.03062168265587311,80
394,15530,0.028925408512567967,80
395,16162,0.027213422132506004,80
396,16794,0.02592478160383809,80
397,17426,0.02507402243759234,80
398,18058,0.024134364526070113,80
399,18690,0.025783337558957342,80
400,19322,0.024918975091988472,80
401,19954,0.023922279555870906,80
402,20586,0.023245232689262443,80
403,21218,0.02282217536014215,80
404,21850,0.02266053623359052,80
405,22482,0.022857368981288154,80
406,23114,0.022856023674874788,80
407,23746,0.022613421898259236,80
408,24378,0.02207165198125254,80
409,25010,0.022269045141364695,80
410,25642,0.02205072103000738,80
411,26274,0.021846500268704834,80
412,26906,0.02188011436911946,80
413,27538,0.021708762636811513,80
414,28170,0.02114673972855515,80
415,28802,0.021083879170237886,80
416,29434,0.02095997140444536,80
417,30066,0.021850418488697097,80
418,30698,0.021703931500707183,80
419,31330,0.021442790511166786,80
420,31962,0.021757977398550604,80
421,32594,0.021641222954634692,80
422,33226,0.02143348707300075,80
423,33858,0.021144696716310408,80
424,34490,0.020930157094956558,80
425,35122,0.020805153585150036,80
426,35754,0.02057050274545432,80
427,36386,0.020490889501882208,80
428,37018,0.021022345162350183,80
429,37650,0.02080677476314578,80
430,38282,0.020583203638754793,80
431,38914,0.02035446357185744,80
432,39546,0.020680907692834417,80
433,40178,0.020762955779667962,80
434,40810,0.02064368325658161,80
435,41442,0.020395735032521244,80
436,42074,0.02032588499309369,80
437,42706,0.020408359787599663,80
438,43338,0.020328820289003718,80
439,43970,0.020533547466641273,80
440,44602,0.020575557173038727,80
441,45234,0.02078599146062693,80
442,45866,0.02041901290370128,80
443,46498,0.020317969713644683,80
444,47130,0.020180825269170866,80
445,47762,0.020137520303241736,80
446,48394,0.02010254598484032,80
447,49026,0.019863217335521592,80
448,49658,0.019945980451404388,80
449,50290,0.0197417551346542,80
450,50922,0.019730052723086013,80
451,51554,0.019747593633777618,80
452,52186,0.019756850325782574,80
453,52818,0.019579795262604262,80
454,53450,0.0194694530252081,80
455,54082,0.019419293897009242,80
456,54714,0.019683730572658875,80
457,55346,0.01960193680521214,80
458,55978,0.019468409668270743,80
459,56610,0.019434017908101592,80
460,57242,0.019255618763300567,80
461,57874,0.019332234537403972,80
462,58506,0.019337344255712936,80
463,59138,0.019327256051860444,80
464,59770,0.01916183968521144,80
465,60402,0.019214808387177228,80
466,61034,0.019208024922326497,80
467,61666,0.019032650518934015,80
468,62298,0.01893337798154847,80
469,62930,0.018713880312438192,80
470,63562,0.0185783196280352,80
471,64194,0.018626482928761998,80
472,64826,0.018654841658210162,80
473,65458,0.018600385080275755,80
474,66090,0.018432664556241558,80
475,66722,0.018305377620995884,80
476,67354,0.018285149367859157,80
477,67986,0.018238288608080876,80
478,68618,0.0181589685793158,80
479,69250,0.018236136319328296,80
480,69882,0.018301595859445862,80
481,70514,0.018136331973498756,80
482,71146,0.018129454078465067,80
483,71778,0.017914784419115367,80
484,72410,0.01792678599124022,80
485,73042,0.017722765195462512,80
486,75570,0.017722227077978638,80
487,78098,0.017826979206353188,80
488,80626,0.018045451296280872,80
489,83154,0.01839526446954019,80
490,85682,0.01885867996270486,80
491,88210,0.0187131084582333,80
492,90738,0.0183134254787197,80
493,93266,0.017573832776641086,80
494,95794,0.017624086406648858,80
495,98322,0.01709219908873988,80
496,100850,0.01815035993868163,80
497,103378,0.018056324137454872,80
498,105906,0.01772338990511987,80
499,108434,0.01740900346613538,80
500,110962,0.01745016500931783,80
501,113490,0.017270013330456722,80
502,116018,0.017046602035296263,80
503,118546,0.016606404125231115,80
504,121074,0.016556311782643836,80
505,123602,0.016346036975201234,80
506,126130,0.016533975932211696,80
507,128658,0.016411346625324535,80
508,131186,0.016217874701636933,80
509,133714,0.01574580942690469,80
510,136242,0.01572431578475489,80
511,138770,0.01575644813796745,80
512,141298,0.01564414343613695,80
513,143826,0.015401075652484589,80
514,146354,0.01523312244788085,80
515,148882,0.015004485679243024,80
516,151410,0.014880686035806794,80
517,153938,0.014569159859793674,80
518,156466,0.014434150578147691,80
519,158994,0.01432376657763152,80
520,161522,0.014209169660352777,80
521,164050,0.01428727799076475,80
522,166578,0.01410868910606874,80
523,169106,0.014111309269359742,80
524,171634,0.014192339386353845,80
525,174162,0.014311323262222952,80
526,176690,0.014155936832818116,80
527,179218,0.014036455527128705,80
528,181746,0.01397511642472696,80
529,184274,0.013854398153983991,80
530,186802,0.013686374183049278,80
531,189330,0.013512416075393155,80
532,191858,0.013480923758244964,80
533,194386,0.01367804556610491,80
534,196914,0.013547972188135042,80
535,199442,0.01346455039402922,80
536,201970,0.013478277867922401,80
537,204498,0.01356286989405041,80
538,207026,0.013393298277420458,80
539,209554,0.013088194388589488,80
540,212082,0.012910784267164436,80
541,214610,0.012764925725524106,80
542,217138,0.012834448107056024,80
543,219666,0.012667908597613664,80
544,222194,0.012586597871676751,80
545,224722,0.01245305087094832,80
546,227250,0.012485871247097687,80
547,229778,0.012452403936838448,80
548,232306,0.012390198854131215,80
549,234834,0.012309743911186123,80
550,237362,0.012158691522399064,80
551,239890,0.012128895125742521,80
552,242418,0.012017785851073114,80
553,244946,0.011998805270811,80
554,247474,0.01188517003420568,80
555,250002,0.011797640262277065,80
556,100,0.1066510209069093,30
557,200,0.09520201364890363,30
558,300,0.07875260248408776,30
559,400,0.08070379527102792,30
560,500,0.08041589166951979,30
561,600,0.06618220499452217,30
562,700,0.062490076212252325,30
563,800,0.053395131442305344,30
564,900,0.0500812567395817,30
565,1000,0.05116404571053591,30
566,1100,0.046033928896242866,30
567,1200,0.044071224318777594,30
568,1300,0.04405097659149022,30
569,1400,0.0449443258906966,30
570,1500,0.04464706330491947,30
571,1600,0.0439256725988683,30
572,1700,0.045275522892491385,30
573,1800,0.04643734962166717,30
574,1900,0.0532911771751085,30
575,2000,0.05523753386270819,30
576,2100,0.053989669427978226,30
577,2200,0.052276358026806274,30
578,2300,0.0518699586771512,30
579,2400,0.05223242609340996,30
580,2500,0.05270879443961189,30
581,2600,0.050787338210272356,30
582,2700,0.048676493303516484,30
583,2800,0.04747339223657705,30
584,2900,0.04616260006751787,30
585,3000,0.04409535331573974,30
586,3100,0.044110819195604015,30
587,3200,0.04339412609095485,30
588,3300,0.04107452499718726,30
589,3400,0.04101064437993674,30
590,3500,0.039979053702149624,30
591,3600,0.038771420973573556,30
592,3700,0.038226092105964254,30
593,3800,0.03856913909391872,30
594,3900,0.03847619661378271,30
595,4000,0.03782626313936461,30
596,4100,0.04017541750686254,30
597,4200,0.04142825675116454,30
598,4300,0.04013391183481281,30
599,4400,0.03835860744739691,30
600,4500,0.03856856605287442,30
601,4600,0.03785104043520904,30
602,4700,0.03775952690567766,30
603,4800,0.037419616035323185,30
604,4900,0.03688950399795327,30
605,5000,0.03641611768153774,30
606,5100,0.03713951502764892,30
607,5200,0.03704442957113563,30
608,5300,0.03774183433900632,30
609,5400,0.03733445635986081,30
610,5500,0.03687332641918262,30
611,5600,0.036509431734673255,30
612,5700,0.03537011567038317,30
613,5800,0.03536569557419909,30
614,5900,0.035002545926818666,30
615,6000,0.035148361323307745,30
616,6100,0.03553349969094384,30
617,6200,0.03528096597206691,30
618,6300,0.035107952789792216,30
619,6400,0.03541522748620771,30
620,6500,0.03556847422760968,30
621,6600,0.03610086603942781,30
622,6700,0.03679740940348283,30
623,6800,0.03687730366825828,30
624,6900,0.037416750026119217,30
625,7000,0.03777815975500883,30
626,7100,0.037759566495901765,30
627,7200,0.03800425200913625,30
628,7300,0.038053459087293594,30
629,7400,0.03687207201058984,30
630,7500,0.036658370412840764,30
631,7600,0.03646694134728365,30
632,7700,0.035877972211336547,30
633,7800,0.03585266416707067,30
634,7900,0.035665407573207596,30
635,8000,0.03537907611647554,30
636,8100,0.03445507150731218,30
637,8200,0.03416842207463655,30
638,8300,0.033911844284650154,30
639,8400,0.03339247676998946,30
640,8500,0.03257922232094224,30
641,8600,0.03253235947996865,30
642,8700,0.031911837112968924,30
643,8800,0.031911837112968924,30
644,8900,0.03155195383263756,30
645,9000,0.031061525803387915,30
646,9100,0.03126203400929068,30
647,9200,0.030922185617855143,30
648,9300,0.031007722326941798,30
649,9400,0.030807108099719933,30
650,9500,0.03073538324645351,30
651,9600,0.030557118625598557,30
652,9700,0.030133681835290835,30
653,9800,0.03011082250977862,30
654,9900,0.03034424248860751,30
655,10723,0.030309834165597096,30
656,11687,0.030405417013810904,30
657,12651,0.030445559233252886,30
658,13615,0.02899511111416546,30
659,14579,0.02867681546964273,30
660,15543,0.028107859792874387,30
661,16507,0.027888245918352872,30
662,17471,0.027652420186085182,30
663,18435,0.027462207950721962,30
664,19399,0.026122364589594542,30
665,20363,0.025204124739781956,30
666,21327,0.02452920623302327,30
667,22291,0.02385646625802644,30
668,23255,0.023425526568033896,30
669,24219,0.023500208667093132,30
670,25183,0.023172121805650404,30
671,26147,0.02323104652127553,30
672,27111,0.022921678254275445,30
673,28075,0.02288597369276286,30
674,29039,0.0223977445324698,30
675,30003,0.022279874458548905,30
676,30967,0.022146649593189995,30
677,31931,0.02218075721354381,30
678,32895,0.0221857511712696,30
679,33859,0.022077254412519228,30
680,34823,0.021920717954335072,30
681,35787,0.021760554155759556,30
682,36751,0.02172824475012001,30
683,37715,0.022267283393806164,30
684,38679,0.022587434593542118,30
685,39643,0.022155959111765645,30
686,40607,0.021997741838634424,30
687,41571,0.02179705271045022,30
688,42535,0.02174417195940059,30
689,43499,0.02147875628920241,30
690,44463,0.02150641706282508,30
691,45427,0.02150624508024721,30
692,46391,0.021250105930774702,30
693,47355,0.02100933067918276,30
694,48319,0.020894095910431343,30
695,49283,0.020995056206251205,30
696,50247,0.021076114013913162,30
697,51211,0.021078569236191478,30
698,52175,0.021041539178127653,30
699,53139,0.02101241893970517,30
700,54103,0.02092285792685629,30
701,55067,0.020621563954781572,30
702,56031,0.020568452302487706,30
703,56995,0.020293572773916222,30
704,57959,0.020162718731740633,30
705,58923,0.020120087134438445,30
706,59887,0.019885300683613175,30
707,60851,0.019576540590941365,30
708,61815,0.01944983258781354,30
709,62779,0.01947126625951943,30
710,63743,0.019222813404903383,30
711,64707,0.018985067575133373,30
712,65671,0.018951777162596176,30
713,66635,0.01897654170729731,30
714,67599,0.018916914070903783,30
715,68563,0.018911394999378214,30
716,69527,0.018933303335034603,30
717,70491,0.018829636220137922,30
718,71455,0.018819214145032424,30
719,72419,0.0188314386357179,30
720,73383,0.018677039592079146,30
721,74347,0.018676896761433148,30
722,75311,0.018561824982475685,30
723,76275,0.01834464503008841,30
724,77239,0.01823502865057113,30
725,78203,0.018573779722757092,30
726,79167,0.018432733335849768,30
727,80131,0.018495780271063494,30
728,81095,0.018462335482661088,30
729,82059,0.018442939591910516,30
730,83023,0.018221687715072668,30
731,83987,0.01825503513532041,30
732,84951,0.018191106298363482,30
733,85915,0.017895718481810756,30
734,86879,0.01800090407478494,30
735,87843,0.017866704366521026,30
736,88807,0.017832205129359995,30
737,89771,0.017662384055576096,30
738,90735,0.017595755067985358,30
739,91699,0.01742667734129941,30
740,92663,0.017368076355453,30
741,93627,0.017238005016416723,30
742,94591,0.017194747841993378,30
743,95555,0.01759141649516507,30
744,96519,0.01750567220496575,30
745,97483,0.01746559472399719,30
746,98447,0.01741575359627648,30
747,99411,0.017391888092649174,30
748,100375,0.017810901188144813,30
749,101339,0.017718386144729793,30
750,102303,0.0176743227101835,30
751,103267,0.017500840321385547,30
752,104231,0.01729154611120684,30
753,105195,0.017190349207145034,30
754,106159,0.01713264627521273,30
755,109673,0.017096561821275547,30
756,113073,0.016997846931333133,30
757,116473,0.016899831330703673,30
758,119873,0.016843407271113598,30
759,123273,0.016755108290317223,30
760,126673,0.016532604394753323,30
761,130073,0.01613930255452845,30
762,133473,0.01633814324709007,30
763,136873,0.016093938077504418,30
764,140273,0.016082377581543874,30
765,143673,0.01575108720272576,30
766,147073,0.01585550244494959,30
767,150473,0.015476036842747096,30
768,153873,0.015464593443450199,30
769,157273,0.015254286960485981,30
770,160673,0.015116864557122685,30
771,164073,0.014909299779478668,30
772,167473,0.014651263708041212,30
773,170873,0.01456972798271485,30
774,174273,0.014320676197826331,30
775,177673,0.014300209992586166,30
776,181073,0.014288599977686597,30
777,184473,0.014067367577076426,30
778,187873,0.014658185606714395,30
779,191273,0.014566318923188975,30
780,194673,0.014462244681688868,30
781,198073,0.014350236626662455,30
782,201473,0.014300664517690086,30
783,204873,0.014074225596616552,30
784,208273,0.013944462162515313,30
785,211673,0.013899656712827302,30
786,215073,0.013837339096935746,30
787,218473,0.013756710733892756,30
788,221873,0.013637048109652881,30
789,225273,0.013504310187887463,30
790,228673,0.013642009812879285,30
791,232073,0.013500268700442025,30
792,235473,0.01328997307699633,30
793,238873,0.013269815991547708,30
794,242273,0.013183726537942657,30
795,245673,0.013046033627998332,30
796,249073,0.012993399829598897,30
797,252473,0.012894719488971577,30
798,100,0.09291265034266112,60
799,200,0.0736726324433889,60
800,300,0.06653700357532072,60
801,400,0.06023198884114714,60
802,500,0.04817256019391039,60
803,600,0.037745284320017905,60
804,700,0.040345044795214224,60
805,800,0.03513511857673243,60
806,900,0.03482590691028214,60
807,1000,0.03279937791197795,60
808,1100,0.03268274133257317,60
809,1200,0.030451202752052417,60
810,1300,0.035103993477071695,60
811,1400,0.03484045513457348,60
812,1500,0.03230092558550432,60
813,1600,0.030899162923161003,60
814,1700,0.02975208547211114,60
815,1800,0.028123121233399294,60
816,1900,0.027650750185728056,60
817,2000,0.02701935186256582,60
818,2100,0.026331681599798738,60
819,2200,0.02800608851004845,60
820,2300,0.026472653256807883,60
821,2400,0.025721095454212927,60
822,2500,0.02561675141993746,60
823,2600,0.024926757053925965,60
824,2700,0.025330849022115243,60
825,2800,0.025149019256984265,60
826,2900,0.026923680637220445,60
827,3000,0.026307302704838106,60
828,3100,0.02602008024194487,60
829,3200,0.025719434128633128,60
830,3300,0.025352325061171327,60
831,3400,0.024540374670309482,60
832,3500,0.02455026868633152,60
833,3600,0.02415668481432461,60
834,3700,0.024649121262958578,60
835,3800,0.025869074377971812,60
836,3900,0.026347135648422813,60
837,4000,0.026843066203420637,60
838,4100,0.028449849511096262,60
839,4200,0.029779885630804852,60
840,4300,0.028214930310092385,60
841,4400,0.02768371617541638,60
842,4500,0.027328600245935978,60
843,4600,0.026932530953866565,60
844,4700,0.026422588134498038,60
845,4800,0.026957990729079798,60
846,4900,0.025685628550525228,60
847,5000,0.024804490675127258,60
848,5100,0.02450792288380915,60
849,5200,0.02472228407775301,60
850,5300,0.024642790910208275,60
851,5400,0.02481245872991974,60
852,5500,0.025797670307774304,60
853,5600,0.025908541998506715,60
854,5700,0.02525715511746304,60
855,5800,0.025146551791463936,60
856,5900,0.024582361811874207,60
857,6000,0.024372840904004135,60
858,6100,0.024244092091881303,60
859,6200,0.02415051123031779,60
860,6300,0.025156584724433162,60
861,6400,0.02492867153055636,60
862,6500,0.026204731480878783,60
863,6600,0.026206574364321222,60
864,6700,0.025896277414694146,60
865,6800,0.025123337875226786,60
866,6900,0.02485258465404047,60
867,7000,0.024675622794074092,60
868,7100,0.025745129996087898,60
869,7200,0.02833102660057471,60
870,7300,0.029170104468278973,60
871,7400,0.028818029601721827,60
872,7500,0.028293315400662898,60
873,7600,0.03010881772023039,60
874,7700,0.030462345006388628,60
875,7800,0.030641053780853137,60
876,7900,0.03006805410726541,60
877,8000,0.02956133591862581,60
878,8100,0.028970198048737315,60
879,8200,0.028970198048737315,60
880,8300,0.028522530537115783,60
881,8400,0.028522530537115783,60
882,8500,0.029916840244180506,60
883,8600,0.02964222038877292,60
884,8700,0.030540299684215316,60
885,8800,0.030757030006541383,60
886,8900,0.030487494396069965,60
887,9000,0.02931465966928394,60
888,9100,0.029333026879195596,60
889,9200,0.030426752403335772,60
890,9300,0.03122270589942722,60
891,9400,0.0313704050937863,60
892,9500,0.03150558406279049,60
893,9600,0.03115675710902407,60
894,9700,0.0307112782306868,60
895,9800,0.03067996227721809,60
896,9900,0.030406347294184774,60
897,10369,0.03019048804472676,60
898,10861,0.03037145107634778,60
899,11353,0.030568345402870907,60
900,11845,0.02823956492316493,60
901,12337,0.02771303507576479,60
902,12829,0.026705397403084502,60
903,13321,0.027140197663943638,60
904,13813,0.026821437850617153,60
905,14305,0.02688409135051953,60
906,14797,0.02687008514046551,60
907,15289,0.027917692509997538,60
908,15781,0.026914575144711527,60
909,16273,0.026559076114226487,60
910,16765,0.02641413745252315,60
911,17257,0.025134367566742463,60
912,17749,0.024722594472916828,60
913,18241,0.02591936902823446,60
914,18733,0.026549102325292406,60
915,19225,0.02599552434323403,60
916,19717,0.026331869853649253,60
917,20209,0.029522134856148425,60
918,20701,0.030242578530564567,60
919,21193,0.029668359358630346,60
920,21685,0.028984394688790906,60
921,22177,0.02895861594761721,60
922,22669,0.028950594407388695,60
923,23161,0.02822458421092925,60
924,23653,0.0278326352148432,60
925,24145,0.02872794649796954,60
926,24637,0.02863832505533454,60
927,25129,0.028115078693790065,60
928,25621,0.02817915465913712,60
929,26113,0.027280552357151888,60
930,26605,0.027411264983839754,60
931,27097,0.02729474847990906,60
932,27589,0.02778289684358269,60
933,28081,0.027595926005144676,60
934,28573,0.026546831368433263,60
935,29065,0.025668762216154318,60
936,29557,0.025587532189545254,60
937,30049,0.025120374171866442,60
938,30541,0.023865641816132783,60
939,31033,0.02370754295204859,60
940,31525,0.024038047393389782,60
941,32017,0.023965871000587984,60
942,32509,0.023675153136669545,60
943,33001,0.023521812021707163,60
944,33493,0.024328064900459516,60
945,33985,0.02335302767034489,60
946,34477,0.023427231026601558,60
947,34969,0.023880293643836297,60
948,35461,0.023182051366875078,60
949,35953,0.023559472172096977,60
950,36445,0.023627124976247266,60
951,36937,0.0235359257723933,60
952,37429,0.024008178121861137,60
953,37921,0.023732185699193633,60
954,38413,0.023681976401307085,60
955,38905,0.024377862164437172,60
956,39397,0.024310920942934786,60
957,39889,0.02412901752484637,60
958,40381,0.02402837173095575,60
959,40873,0.023944534885895173,60
960,41365,0.023868114992409914,60
961,41857,0.023922743412262096,60
962,42349,0.02298057212648082,60
963,42841,0.022419414797059268,60
964,43333,0.02228868297741769,60
965,43825,0.022715418811951774,60
966,44317,0.021981666750098952,60
967,44809,0.021748121112544996,60
968,45301,0.021489040305116707,60
969,45793,0.021397817833238516,60
970,46285,0.020845171152825442,60
971,46777,0.020792249612772047,60
972,47269,0.020727703479421,60
973,47761,0.020769082663280383,60
974,48253,0.02031673975997157,60
975,48745,0.020144212836326343,60
976,49237,0.0206171241338557,60
977,49729,0.020108804674516995,60
978,50221,0.01989996158318058,60
979,50713,0.019748828174038644,60
980,51205,0.019650717258491747,60
981,51697,0.019828473667678505,60
982,52189,0.019717539734281003,60
983,52681,0.019546521535764777,60
984,53173,0.01923665372118389,60
985,53665,0.019119852883879896,60
986,54157,0.01913890785972471,60
987,54649,0.019245051885860436,60
988,55141,0.019347243186418235,60
989,55633,0.019312199220189764,60
990,56125,0.019296990489186292,60
991,56617,0.01918253856530042,60
992,57109,0.019092524344399057,60
993,57601,0.018834707182510676,60
994,58093,0.01852283096322155,60
995,58585,0.018445757989202064,60
996,59077,0.01852087070388273,60
997,60676,0.01865050899358554,60
998,62152,0.019006095510366004,60
999,63628,0.01901720642196305,60
1000,65104,0.0185546068683986,60
1001,66580,0.01862399138481028,60
1002,68056,0.01792874744869099,60
1003,69532,0.01752640304329681,60
1004,71008,0.017997959212133433,60
1005,72484,0.017342293729577702,60
1006,73960,0.01688177230612388,60
1007,75436,0.01679469038013142,60
1008,76912,0.01687379895636599,60
1009,78388,0.01673100787439723,60
1010,79864,0.017115272201628305,60
1011,81340,0.01753793756705883,60
1012,82816,0.01754070663978159,60
1013,84292,0.01714736132852941,60
1014,85768,0.0170542868864467,60
1015,87244,0.016912781871965654,60
1016,88720,0.016528986236614474,60
1017,90196,0.016417344378820326,60
1018,91672,0.016228473716347454,60
1019,93148,0.016144572029303274,60
1020,94624,0.016071576371426515,60
1021,96100,0.01610293531406029,60
1022,97576,0.015824974796564386,60
1023,99052,0.015653927440698004,60
1024,100528,0.015536807890680229,60
1025,102004,0.01554062824084575,60
1026,103480,0.015738802685351334,60
1027,104956,0.015767969403389204,60
1028,106432,0.01570870924847547,60
1029,107908,0.015640854000443898,60
1030,109384,0.015532508839405065,60
1031,110860,0.01540654557727304,60
1032,112336,0.015296150194419725,60
1033,113812,0.015335014989576347,60
1034,115288,0.015390277237204106,60
1035,116764,0.01527461907742396,60
1036,118240,0.01511669603317688,60
1037,119716,0.015379444868181725,60
1038,121192,0.015196151545547577,60
1039,122668,0.015309177331888637,60
1040,124144,0.01539872090501028,60
1041,125620,0.015115866724132612,60
1042,127096,0.015002890268600725,60
1043,128572,0.0148204019482817,60
1044,130048,0.014721157346052696,60
1045,131524,0.014663294022920974,60
1046,133000,0.014627078797798558,60
1047,134476,0.014677678593122623,60
1048,135952,0.014582521014596273,60
1049,137428,0.014544090086014415,60
1050,138904,0.014486751580077404,60
1051,140380,0.014442575411385383,60
1052,141856,0.01449397763505757,60
1053,143332,0.014431049051707692,60
1054,144808,0.014416907987416766,60
1055,146284,0.014291862264911156,60
1056,147760,0.014699191388236938,60
1057,149236,0.014681483839138152,60
1058,150712,0.014701799475909393,60
1059,152188,0.014627184465389787,60
1060,153664,0.014525002733645102,60
1061,155140,0.014152181489098782,60
1062,156616,0.01389218669212084,60
1063,158092,0.013843325377166425,60
1064,159568,0.013754897226076807,60
1065,161044,0.013769357020321374,60
1066,162520,0.013725647305048785,60
1067,163996,0.0137651936024222,60
1068,165472,0.013809655953625932,60
1069,166948,0.01372913166315256,60
1070,168424,0.013736065454414798,60
1071,169900,0.013699972442949522,60
1072,171376,0.013842043755182316,60
1073,172852,0.013971274872550373,60
1074,174328,0.01390898418033495,60
1075,175804,0.013955118978023862,60
1076,177280,0.013758450938339184,60
1077,178756,0.013656233033808243,60
1078,180232,0.013585793838602275,60
1079,181708,0.01351466939975122,60
1080,183184,0.013551612484806987,60
1081,184660,0.013488282309759701,60
1082,186136,0.013376353089334467,60
1083,187612,0.013418790824991056,60
1084,189088,0.0132663639263406,60
1085,190564,0.013259326141007657,60
1086,192040,0.013128495761016696,60
1087,193516,0.012568041008678877,60
1088,194992,0.012599757773978402,60
1089,196468,0.012571054116723572,60
1090,197944,0.01272323435478456,60
1091,199420,0.012734490711760638,60
1092,200896,0.012677148853260664,60
1093,202372,0.012655885118111937,60
1094,203848,0.012633714775705802,60
1095,205324,0.01251819781715773,60
1096,206800,0.012531774676433533,60
1097,210838,0.01258074802682922,60
1098,214254,0.012556108078124077,60
1099,217670,0.012619371772257384,60
1100,221086,0.012696565437265614,60
1101,224502,0.012758286730739466,60
1102,227918,0.012863565573506089,60
1103,231334,0.012725349934259209,60
1104,234750,0.012609463759521886,60
1105,238166,0.012522892745692705,60
1106,241582,0.012432773843742707,60
1107,244998,0.012391524743368576,60
1108,248414,0.01233470409194467,60
1109,251830,0.01242137763593337,60
1110,100,0.14120173877289952,90
1111,200,0.11091291132663197,90
1112,300,0.09878492247928193,90
1113,400,0.07613116852211572,90
1114,500,0.06478348963717025,90
1115,600,0.052972203425327304,90
1116,700,0.046917874828787336,90
1117,800,0.04519789053254621,90
1118,900,0.04324334965692259,90
1119,1000,0.04060227628202627,90
1120,1100,0.04104591021786595,90
1121,1200,0.0409836760773773,90
1122,1300,0.03841088675058525,90
1123,1400,0.04313346870284247,90
1124,1500,0.044822873523080495,90
1125,1600,0.04245066304279718,90
1126,1700,0.04222676424497551,90
1127,1800,0.03936215357951648,90
1128,1900,0.03892934052372933,90
1129,2000,0.03817679113412542,90
1130,2100,0.037140261890031646,90
1131,2200,0.037797507810075785,90
1132,2300,0.037196760502403274,90
1133,2400,0.03606797643094848,90
1134,2500,0.042754678860072344,90
1135,2600,0.04122077360030513,90
1136,2700,0.04019930944178724,90
1137,2800,0.03812948320098703,90
1138,2900,0.0387608082549494,90
1139,3000,0.038005795239477655,90
1140,3100,0.03963217036993698,90
1141,3200,0.039917411129340906,90
1142,3300,0.040582851457394736,90
1143,3400,0.040384305751345724,90
1144,3500,0.03914851804076168,90
1145,3600,0.03835240806918579,90
1146,3700,0.038159326756845406,90
1147,3800,0.03562310725864349,90
1148,3900,0.03517679442308277,90
1149,4000,0.03508105602588185,90
1150,4100,0.03387821510167977,90
1151,4200,0.033881237577089635,90
1152,4300,0.03338243263730119,90
1153,4400,0.03335121320810825,90
1154,4500,0.03283646622279022,90
1155,4600,0.0316342632420514,90
1156,4700,0.031633249852157236,90
1157,4800,0.03214839089983574,90
1158,4900,0.0322669249882148,90
1159,5000,0.0322675189539465,90
1160,5100,0.03183252656000617,90
1161,5200,0.03279880759801667,90
1162,5300,0.0327800262766883,90
1163,5400,0.034031124574640366,90
1164,5500,0.03308911026559935,90
1165,5600,0.0331093294368221,90
1166,5700,0.03286694835171494,90
1167,5800,0.033958868220339375,90
1168,5900,0.03424679536424457,90
1169,6000,0.033670001889583585,90
1170,6100,0.03351468635217557,90
1171,6200,0.03304569086450831,90
1172,6300,0.03477577406153942,90
1173,6400,0.03418870830439415,90
1174,6500,0.03406073044910448,90
1175,6600,0.033661562063002866,90
1176,6700,0.03306677952428442,90
1177,6800,0.03306218838495805,90
1178,6900,0.03306218838495805,90
1179,7000,0.03272279889468775,90
1180,7100,0.033126654093693295,90
1181,7200,0.033396854766238784,90
1182,7300,0.033371609012067836,90
1183,7400,0.033371609012067836,90
1184,7500,0.03435393067120686,90
1185,7600,0.03400666957444337,90
1186,7700,0.0338029029472039,90
1187,7800,0.032791910161598874,90
1188,7900,0.033446962008102085,90
1189,8000,0.034098907463985785,90
1190,8100,0.033976699441414966,90
1191,8200,0.03360711029051418,90
1192,8300,0.033080768451210905,90
1193,8400,0.03238955981059934,90
1194,8500,0.03244326406938049,90
1195,8600,0.03262927299272125,90
1196,8700,0.03264057122701343,90
1197,8800,0.03244768524564423,90
1198,8900,0.03219283575605963,90
1199,9000,0.031913858915120094,90
1200,9100,0.031413413128273136,90
1201,9200,0.0322010688317943,90
1202,9300,0.030570326448848387,90
1203,9400,0.03047043405897888,90
1204,9500,0.02978830807179134,90
1205,9600,0.029589339146024046,90
1206,9700,0.02963478918968207,90
1207,9800,0.02927397267347883,90
1208,9900,0.028847750115172,90
1209,10570,0.028342579167769326,90
1210,11330,0.02764520676558107,90
1211,12090,0.02850480194414806,90
1212,12850,0.029140813801157656,90
1213,13610,0.027846345041656877,90
1214,14370,0.028008138132619157,90
1215,15130,0.025568500260690977,90
1216,15890,0.03260083610388382,90
1217,16650,0.031129643671503962,90
1218,17410,0.030727326984930005,90
1219,18170,0.03292142410717321,90
1220,18930,0.03722590113062521,90
1221,19690,0.034212242766035725,90
1222,20450,0.0355573451893533,90
1223,21210,0.034396995864088994,90
1224,21970,0.03586810876821107,90
1225,22730,0.03445046335640602,90
1226,23490,0.0329341384360601,90
1227,24250,0.032494805511798515,90
1228,25010,0.03361133596828871,90
1229,25770,0.0321592901653275,90
1230,26530,0.030907814867120933,90
1231,27290,0.02948397143463765,90
1232,28050,0.031054658481385455,90
1233,28810,0.03262944574642188,90
1234,29570,0.032415567858802966,90
1235,30330,0.030664211361209046,90
1236,31090,0.031356459849423854,90
1237,31850,0.0319643233309769,90
1238,32610,0.03107039322177978,90
1239,33370,0.030579169074889962,90
1240,34130,0.03033488079421978,90
1241,34890,0.030194600324377888,90
1242,35650,0.028187628086782844,90
1243,36410,0.027957931545066175,90
1244,37170,0.027745519039092482,90
1245,37930,0.027469074723315282,90
1246,38690,0.027039836960629702,90
1247,39450,0.027513789869547438,90
1248,40210,0.02725799286736435,90
1249,40970,0.026709441134677367,90
1250,41730,0.02648093678721643,90
1251,42490,0.027139094948558144,90
1252,43250,0.027198567276995315,90
1253,44010,0.028317470774899045,90
1254,44770,0.028304651881674598,90
1255,45530,0.028253741060621288,90
1256,46290,0.02831892406693076,90
1257,47050,0.028103873963650588,90
1258,47810,0.028473657536161226,90
1259,48570,0.028717022353497625,90
1260,49330,0.02851899052855214,90
1261,50090,0.028596843927553933,90
1262,50850,0.028586223542971315,90
1263,51610,0.028446851848710004,90
1264,52370,0.028401270185069615,90
1265,53130,0.028962907504342102,90
1266,53890,0.028534503722509905,90
1267,54650,0.028193491869532947,90
1268,55410,0.02791097793381667,90
1269,56170,0.027920950626362066,90
1270,56930,0.02783831634145837,90
1271,57690,0.02810914678646681,90
1272,58450,0.027978972119126446,90
1273,59210,0.02761685751547146,90
1274,59970,0.02775504071056269,90
1275,60730,0.027628430294668195,90
1276,61490,0.027248716057326414,90
1277,62250,0.0273749888193874,90
1278,63010,0.027443211265738322,90
1279,63770,0.02759393840909145,90
1280,64530,0.02740160504471413,90
1281,65290,0.02758725596448661,90
1282,66050,0.0276902049392057,90
1283,66810,0.027963426928747596,90
1284,67570,0.027399783874505153,90
1285,68330,0.02795274202040249,90
1286,69090,0.02761304361197593,90
1287,69850,0.027534922659589046,90
1288,70610,0.02764323915149738,90
1289,71370,0.028171703269048252,90
1290,72130,0.028037010553365597,90
1291,72890,0.02818494509849027,90
1292,73650,0.027988391053000446,90
1293,74410,0.027933957345205145,90
1294,75170,0.027834820051550888,90
1295,75930,0.0274491211154826,90
1296,76690,0.026996578062985305,90
1297,77450,0.02703650793552981,90
1298,78210,0.02689316797549095,90
1299,78970,0.026818256316179814,90
1300,79730,0.026590908974353313,90
1301,80490,0.0267850506797389,90
1302,81250,0.026656409661711806,90
1303,82010,0.026364455531141882,90
1304,82770,0.02622130565289283,90
1305,83530,0.02623233217459018,90
1306,84290,0.026095847374672736,90
1307,85050,0.02530882454278754,90
1308,85810,0.02518400636768562,90
1309,87992,0.02519582681808859,90
1310,89888,0.025072190138472582,90
1311,91784,0.02480191620506574,90
1312,93680,0.02425637251356779,90
1313,95576,0.0234082902516948,90
1314,97472,0.02324056495645979,90
1315,99368,0.02355353680654759,90
1316,101264,0.022763245710063735,90
1317,103160,0.02203641534951413,90
1318,105056,0.021330409804856662,90
1319,106952,0.02039787661519424,90
1320,108848,0.019696602352647214,90
1321,110744,0.019409208938353108,90
1322,112640,0.018924912047370585,90
1323,114536,0.018624198220054587,90
1324,116432,0.01852687638753407,90
1325,118328,0.01840249337393063,90
1326,120224,0.018021395500475344,90
1327,122120,0.018058937166992892,90
1328,124016,0.0182779070725568,90
1329,125912,0.018085302152316053,90
1330,127808,0.017635865954131153,90
1331,129704,0.017585654982847348,90
1332,131600,0.017499676370673428,90
1333,133496,0.017301522797900242,90
1334,135392,0.017057220118782992,90
1335,137288,0.01690695890419619,90
1336,139184,0.01682261523582191,90
1337,141080,0.016692453136239953,90
1338,142976,0.016513858969996142,90
1339,144872,0.016425909857816143,90
1340,146768,0.016281254466203172,90
1341,148664,0.016191999398188352,90
1342,150560,0.016037578889393472,90
1343,152456,0.015935012550919742,90
1344,154352,0.01591977588865929,90
1345,156248,0.015815356502566782,90
1346,158144,0.015917857905512634,90
1347,160040,0.015765276938509737,90
1348,161936,0.01568088155546616,90
1349,163832,0.015544354986684784,90
1350,165728,0.01556119794982048,90
1351,167624,0.015570591918668464,90
1352,169520,0.015498464734440233,90
1353,171416,0.015420286620482102,90
1354,173312,0.015335602422522679,90
1355,175208,0.015273454493478196,90
1356,177104,0.015055631612955351,90
1357,179000,0.015089018409460347,90
1358,180896,0.014925281968341536,90
1359,182792,0.014851603737435777,90
1360,184688,0.014894252337761362,90
1361,186584,0.014853254055510915,90
1362,188480,0.015009640679260566,90
1363,190376,0.014980490769678712,90
1364,192272,0.01498366326381755,90
1365,194168,0.014903625092161072,90
1366,196064,0.014820549592939962,90
1367,197960,0.014744057479321266,90
1368,199856,0.014672708527079397,90
1369,201752,0.014684384242477672,90
1370,203648,0.014592477793489867,90
1371,205544,0.014941153691082629,90
1372,207440,0.01505653125929481,90
1373,209336,0.0149067169011027,90
1374,211232,0.014937725605115876,90
1375,213128,0.014927107121293814,90
1376,215024,0.015020772333033335,90
1377,216920,0.014956433365516357,90
1378,218816,0.01492166522390567,90
1379,220712,0.014870566431909883,90
1380,222608,0.014813381217063337,90
1381,224504,0.014732536883508266,90
1382,226400,0.01471716724064356,90
1383,228296,0.014559613891297818,90
1384,230192,0.014563516147665392,90
1385,232088,0.014509006208215564,90
1386,233984,0.01438568886442292,90
1387,235880,0.014349915594805415,90
1388,237776,0.014276616343018396,90
1389,239672,0.014215013671543299,90
1390,241568,0.01420372012463659,90
1391,243464,0.01426912110352748,90
1392,245360,0.014368485427433355,90
1393,247256,0.014323064714354534,90
1394,249152,0.014295382503228163,90
1395,251048,0.014254929467318453,90
1396,100,0.10216532746169037,20
1397,200,0.08120873562791552,20
1398,300,0.07134503189110572,20
1399,400,0.049615979327416244,20
1400,500,0.06098232056062973,20
1401,600,0.05383108168294396,20
1402,700,0.04876849456910376,20
1403,800,0.047475502401173764,20
1404,900,0.04607619266000856,20
1405,1000,0.04320440642531746,20
1406,1100,0.04171425254717248,20
1407,1200,0.04551013585873783,20
1408,1300,0.04629298983416422,20
1409,1400,0.043279755376355325,20
1410,1500,0.041975004314847984,20
1411,1600,0.03964504284083202,20
1412,1700,0.03810965490069871,20
1413,1800,0.03679008721130981,20
1414,1900,0.0350475516950181,20
1415,2000,0.03398205094231529,20
1416,2100,0.035760825166392986,20
1417,2200,0.03522685204437147,20
1418,2300,0.03539278812210732,20
1419,2400,0.035747112723670545,20
1420,2500,0.03725000248110397,20
1421,2600,0.03632581427989383,20
1422,2700,0.0363133875592785,20
1423,2800,0.03668212305206539,20
1424,2900,0.037297650399028194,20
1425,3000,0.03682813628818527,20
1426,3100,0.03681121234066216,20
1427,3200,0.036179439631342736,20
1428,3300,0.03675286301428234,20
1429,3400,0.036385206573895455,20
1430,3500,0.03570940005449084,20
1431,3600,0.035605965381364194,20
1432,3700,0.03731578672914181,20
1433,3800,0.03630857640866818,20
1434,3900,0.03525106425752711,20
1435,4000,0.03462961951469594,20
1436,4100,0.03413116206859501,20
1437,4200,0.03497551669319145,20
1438,4300,0.03489351901400741,20
1439,4400,0.03362170574157489,20
1440,4500,0.03414739937469534,20
1441,4600,0.03387786391002506,20
1442,4700,0.033232098442657836,20
1443,4800,0.03323627460295562,20
1444,4900,0.03292136298788974,20
1445,5000,0.031391116206246156,20
1446,5100,0.03163856810690284,20
1447,5200,0.0317487403072424,20
1448,5300,0.03206405442859322,20
1449,5400,0.0336604050287807,20
1450,5500,0.03331634076690597,20
1451,5600,0.0326052435429482,20
1452,5700,0.032846940302403295,20
1453,5800,0.032408600579837736,20
1454,5900,0.031961347254761956,20
1455,6000,0.031085446201514665,20
1456,6100,0.03100792208350083,20
1457,6200,0.030142906901655865,20
1458,6300,0.029838612292149902,20
1459,6400,0.029829913765634365,20
1460,6500,0.030005511708994584,20
1461,6600,0.02949385068393994,20
1462,6700,0.029342429612151943,20
1463,6800,0.029343063019871326,20
1464,6900,0.029420397700620486,20
1465,7000,0.029464429610704876,20
1466,7100,0.030151998093968378,20
1467,7200,0.030316520523096226,20
1468,7300,0.02969333492624911,20
1469,7400,0.030055806107928434,20
1470,7500,0.03027672153227523,20
1471,7600,0.029534672319016183,20
1472,7700,0.028787235510307502,20
1473,7800,0.028817924047224407,20
1474,7900,0.02854306749493058,20
1475,8000,0.028522282001786005,20
1476,8100,0.028893850050286236,20
1477,8200,0.029145263034715874,20
1478,8300,0.02931954509914814,20
1479,8400,0.030056073968085528,20
1480,8500,0.03021446994116559,20
1481,8600,0.0300193415419655,20
1482,8700,0.030049974516911538,20
1483,8800,0.02999308083234384,20
1484,8900,0.030452893845826168,20
1485,9000,0.030375690607247912,20
1486,9100,0.03030014987969161,20
1487,9200,0.030185274922382332,20
1488,9300,0.030024364825275474,20
1489,9400,0.029940537104841878,20
1490,9500,0.029538731056787417,20
1491,9600,0.029544089258851505,20
1492,9700,0.029745312608955195,20
1493,9800,0.02970485882123598,20
1494,9900,0.02967506530595277,20
1495,10645,0.02931056303082787,20
1496,11505,0.02800921571850749,20
1497,12365,0.027177996815706713,20
1498,13225,0.02554266719336474,20
1499,14085,0.0270616019263827,20
1500,14945,0.02743170927607508,20
1501,15805,0.02657432934651738,20
1502,16665,0.025871742989699558,20
1503,17525,0.026971210460411572,20
1504,18385,0.026644710406088946,20
1505,19245,0.03083690730925782,20
1506,20105,0.030065025963649367,20
1507,20965,0.029383722674754087,20
1508,21825,0.02791116955879959,20
1509,22685,0.0265793909849944,20
1510,23545,0.025868778998465954,20
1511,24405,0.025164495729317997,20
1512,25265,0.025035334302503785,20
1513,26125,0.024336851521667712,20
1514,26985,0.024035725809201807,20
1515,27845,0.023517924021429163,20
1516,28705,0.0234819903189192,20
1517,29565,0.02305000703073138,20
1518,30425,0.023277934851090275,20
1519,31285,0.02415469382821465,20
1520,32145,0.02603668183727243,20
1521,33005,0.025728753723533105,20
1522,33865,0.025442291043183105,20
1523,34725,0.025235368242951455,20
1524,35585,0.025047430974318143,20
1525,36445,0.024436039955675046,20
1526,37305,0.024190681747065106,20
1527,38165,0.02370233666608901,20
1528,39025,0.02340259457377612,20
1529,39885,0.02326665739040262,20
1530,40745,0.02295666757630792,20
1531,41605,0.022807313916199643,20
1532,42465,0.02264738015853653,20
1533,43325,0.02219383141800981,20
1534,44185,0.02220068038506133,20
1535,45045,0.02177551326848572,20
1536,45905,0.02153477374142244,20
1537,46765,0.021420538682424516,20
1538,47625,0.021261607749496064,20
1539,48485,0.021063353760961558,20
1540,49345,0.02085867344636139,20
1541,50205,0.02094296209553865,20
1542,51065,0.020373966829997616,20
1543,51925,0.020281895749385794,20
1544,52785,0.020153936205918953,20
1545,53645,0.019943338104383108,20
1546,54505,0.019655338091037054,20
1547,55365,0.019583575738060823,20
1548,56225,0.019468892535379652,20
1549,57085,0.019209427951671774,20
1550,57945,0.019119221127973082,20
1551,58805,0.018925496738959907,20
1552,59665,0.019024888706139033,20
1553,60525,0.019010533338872315,20
1554,61385,0.01925868120607981,20
1555,62245,0.0193099703209846,20
1556,63105,0.01913428243460444,20
1557,63965,0.019173500776285657,20
1558,64825,0.019006667325791978,20
1559,65685,0.018934362645037835,20
1560,66545,0.01903663979634265,20
1561,67405,0.019232631517998745,20
1562,68265,0.019000198977849325,20
1563,69125,0.018827888316644874,20
1564,69985,0.018817543527726174,20
1565,70845,0.018493052478636904,20
1566,71705,0.018401064352413482,20
1567,72565,0.01810598142551292,20
1568,73425,0.017945167992628318,20
1569,74285,0.01785284063601221,20
1570,75145,0.017818683369397847,20
1571,76005,0.017674353151055217,20
1572,76865,0.01766796278985943,20
1573,77725,0.01768621050770027,20
1574,78585,0.017653971011120543,20
1575,79445,0.017519402757329425,20
1576,80305,0.01729106383922499,20
1577,81165,0.017331123266528022,20
1578,82025,0.017503002072228387,20
1579,82885,0.017493432948547848,20
1580,83745,0.0176271796943927,20
1581,84605,0.017709463528471966,20
1582,85465,0.01745358509593365,20
1583,86325,0.017355881092875506,20
1584,87185,0.017347059546651555,20
1585,88045,0.017271388844663327,20
1586,88905,0.017185521372743425,20
1587,89765,0.017029733604643504,20
1588,90625,0.016871378999574922,20
1589,91485,0.016887905477620112,20
1590,92345,0.016873265251540034,20
1591,93205,0.016722658485205336,20
1592,94065,0.016713821117370152,20
1593,94925,0.01658470984033655,20
1594,95785,0.01666997520325069,20
1595,98610,0.016674958489467803,20
1596,101230,0.01690372672073013,20
1597,103850,0.01700020570780533,20
1598,106470,0.016711353530339403,20
1599,109090,0.016803750741778152,20
1600,111710,0.016724008802725822,20
1601,114330,0.016534306940419647,20
1602,116950,0.016137612624238476,20
1603,119570,0.015787617714740385,20
1604,122190,0.015587743704645132,20
1605,124810,0.01542231341768594,20
1606,127430,0.015115715483872123,20
1607,130050,0.014808063838872884,20
1608,132670,0.014544751982611077,20
1609,135290,0.014690740453871564,20
1610,137910,0.014630592583727866,20
1611,140530,0.014299970655538459,20
1612,143150,0.01418882854661004,20
1613,145770,0.014131250124118668,20
1614,148390,0.013875072063432118,20
1615,151010,0.01381383608093232,20
1616,153630,0.013593149740630832,20
1617,156250,0.01341862721671516,20
1618,158870,0.013143448726749283,20
1619,161490,0.012985711478727832,20
1620,164110,0.012867217934883612,20
1621,166730,0.01270498107715298,20
1622,169350,0.012583189063889666,20
1623,171970,0.012456886119905301,20
1624,174590,0.012379688954352966,20
1625,177210,0.01240546763098026,20
1626,179830,0.012369330318540431,20
1627,182450,0.012381426299890608,20
1628,185070,0.012357590794933418,20
1629,187690,0.012320440987370625,20
1630,190310,0.01240653622899079,20
1631,192930,0.01235460377551671,20
1632,195550,0.012045244788202854,20
1633,198170,0.01193720130988262,20
1634,200790,0.01184138550493864,20
1635,203410,0.011862313260211475,20
1636,206030,0.011744930269141762,20
1637,208650,0.011640114491519851,20
1638,211270,0.011640222084506002,20
1639,213890,0.011606585204647635,20
1640,216510,0.011558693400111565,20
1641,219130,0.011498282715959492,20
1642,221750,0.011431478888569256,20
1643,224370,0.01131556814990821,20
1644,226990,0.011308675878051592,20
1645,229610,0.011291148162140423,20
1646,232230,0.011191871406724044,20
1647,234850,0.01114598667661237,20
1648,237470,0.011045026675205055,20
1649,240090,0.011122104798836038,20
1650,242710,0.010902310399602136,20
1651,245330,0.010839117605644056,20
1652,247950,0.010781852524910629,20
1653,250570,0.010755190075160442,20
1654,100,0.10402958524938095,50
1655,200,0.08043669833312525,50
1656,300,0.06329618495325179,50
1657,400,0.05230234576511422,50
1658,500,0.05530843024643097,50
1659,600,0.051650286711083924,50
1660,700,0.053265246024202184,50
1661,800,0.04580870744206219,50
1662,900,0.0412156999675127,50
1663,1000,0.03532554935974626,50
1664,1100,0.03437509882966183,50
1665,1200,0.034024184651023,50
1666,1300,0.039013253666310255,50
1667,1400,0.05319130911440624,50
1668,1500,0.0514586853196166,50
1669,1600,0.04947624515754184,50
1670,1700,0.04275034398325578,50
1671,1800,0.039266727710664,50
1672,1900,0.038555723902965015,50
1673,2000,0.037790629732783285,50
1674,2100,0.040539008484129065,50
1675,2200,0.04094412366769909,50
1676,2300,0.03829419324817748,50
1677,2400,0.039018118418974145,50
1678,2500,0.03715094577258643,50
1679,2600,0.036199921962008726,50
1680,2700,0.03610605014554429,50
1681,2800,0.035523555628357496,50
1682,2900,0.035058032061039815,50
1683,3000,0.03558937095508842,50
1684,3100,0.03558937095508842,50
1685,3200,0.034915559919508406,50
1686,3300,0.03423331390821397,50
1687,3400,0.033602320466880546,50
1688,3500,0.033170231978339564,50
1689,3600,0.033453006576452865,50
1690,3700,0.03342604590669951,50
1691,3800,0.03169264852083461,50
1692,3900,0.03055332803703286,50
1693,4000,0.029462157546997197,50
1694,4100,0.029462157546997197,50
1695,4200,0.028415338882513023,50
1696,4300,0.027841710798929716,50
1697,4400,0.027344436148359616,50
1698,4500,0.026844634403845814,50
1699,4600,0.025981110231895397,50
1700,4700,0.025892669494843576,50
1701,4800,0.02565992267455497,50
1702,4900,0.025081273954631913,50
1703,5000,0.025049463582690217,50
1704,5100,0.02448931251143052,50
1705,5200,0.02443204206511266,50
1706,5300,0.02423615141922825,50
1707,5400,0.02314330246446919,50
1708,5500,0.023238627512587786,50
1709,5600,0.02341211866096065,50
1710,5700,0.02328283692815765,50
1711,5800,0.022612390512535156,50
1712,5900,0.02207685048019077,50
1713,6000,0.02170081022316239,50
1714,6100,0.02139532506507465,50
1715,6200,0.022480190986296444,50
1716,6300,0.022245749675275952,50
1717,6400,0.022009532328481244,50
1718,6500,0.021143494690693893,50
1719,6600,0.02102103607968137,50
1720,6700,0.0209152171996855,50
1721,6800,0.02150837475626117,50
1722,6900,0.02153067709558445,50
1723,7000,0.021568861782153472,50
1724,7100,0.021453096787269393,50
1725,7200,0.021454651934407376,50
1726,7300,0.021200772190364446,50
1727,7400,0.021200772190364446,50
1728,7500,0.021078445505246093,50
1729,7600,0.021673155921249923,50
1730,7700,0.021718665856305483,50
1731,7800,0.021415612281814055,50
1732,7900,0.022009967409017155,50
1733,8000,0.022400421096461298,50
1734,8100,0.022118064391420823,50
1735,8200,0.020600314891039972,50
1736,8300,0.020912955016800978,50
1737,8400,0.020623255549805323,50
1738,8500,0.020404708298799402,50
1739,8600,0.021195210605668362,50
1740,8700,0.021805980689953954,50
1741,8800,0.02208360041804917,50
1742,8900,0.02241599517281438,50
1743,9000,0.02237407004560248,50
1744,9100,0.022966635744710213,50
1745,9200,0.022701807861257868,50
1746,9300,0.022701807861257868,50
1747,9400,0.0233801558962059,50
1748,9500,0.022949831055386578,50
1749,9600,0.023458255779779367,50
1750,9700,0.02359659759322804,50
1751,9800,0.02416585969675041,50
1752,9900,0.02434237756666745,50
1753,10453,0.024300163898801255,50
1754,11057,0.023672803157448612,50
1755,11661,0.023656486470299012,50
1756,12265,0.02319183010490866,50
1757,12869,0.022326219929659313,50
1758,13473,0.022127746619735888,50
1759,14077,0.021994914167488392,50
1760,14681,0.022893248983290627,50
1761,15285,0.021987193532068416,50
1762,15889,0.021837355148114305,50
1763,16493,0.022097483285114655,50
1764,17097,0.021351685637773815,50
1765,17701,0.020803844022658027,50
1766,18305,0.02120493482865508,50
1767,18909,0.021106992230348436,50
1768,19513,0.02115294445877515,50
1769,20117,0.020435640581720593,50
1770,20721,0.02032911629679775,50
1771,21325,0.02035757401351142,50
1772,21929,0.020562573183927683,50
1773,22533,0.020241001333542553,50
1774,23137,0.020281270670299337,50
1775,23741,0.020443796092214674,50
1776,24345,0.0200812664392918,50
1777,24949,0.02033694587632269,50
1778,25553,0.019664422178592777,50
1779,26157,0.019447931630217904,50
1780,26761,0.01911567453025914,50
1781,27365,0.019083045869823005,50
1782,27969,0.019027703802478913,50
1783,28573,0.019625314930442464,50
1784,29177,0.019143197327137793,50
1785,29781,0.019225542866278873,50
1786,30385,0.019257609821776794,50
1787,30989,0.01936737772626894,50
1788,31593,0.019235314481535707,50
1789,32197,0.019498559357026227,50
1790,32801,0.019304594013784794,50
1791,33405,0.01918625699069435,50
1792,34009,0.018849343504607954,50
1793,34613,0.019327601490340556,50
1794,35217,0.019017374907733926,50
1795,35821,0.018877417570813387,50
1796,36425,0.019063089474549516,50
1797,37029,0.018718498460263893,50
1798,37633,0.018680677454831415,50
1799,38237,0.018672742686158345,50
1800,38841,0.018444606447487414,50
1801,39445,0.01841961800374751,50
1802,40049,0.018513535753577545,50
1803,40653,0.01838106848833624,50
1804,41257,0.018147393758488884,50
1805,41861,0.018124225326576728,50
1806,42465,0.018275724110391765,50
1807,43069,0.018155897921980274,50
1808,43673,0.018097762545893854,50
1809,44277,0.018239028159264384,50
1810,44881,0.018456777723783995,50
1811,45485,0.018482444723292038,50
1812,46089,0.01835345778237425,50
1813,46693,0.018170988547064233,50
1814,47297,0.018252372670425916,50
1815,47901,0.018269324770571724,50
1816,48505,0.01809323456980435,50
1817,49109,0.017634216652261094,50
1818,49713,0.0176823031333019,50
1819,50317,0.01761052502638263,50
1820,50921,0.01759252477302085,50
1821,51525,0.017429399948225375,50
1822,52129,0.017252666249026407,50
1823,52733,0.017194656213545496,50
1824,53337,0.017188142596420524,50
1825,53941,0.01730857665559586,50
1826,54545,0.017578408564628244,50
1827,55149,0.017640785293178578,50
1828,55753,0.017641551843316537,50
1829,56357,0.017618667881715365,50
1830,56961,0.017637739061185462,50
1831,57565,0.01767338397722604,50
1832,58169,0.017582680756438273,50
1833,58773,0.017546296260630506,50
1834,59377,0.01743569229956876,50
1835,59981,0.01730517966853705,50
1836,60585,0.01740773432622984,50
1837,61189,0.017574178409713436,50
1838,61793,0.017586906919871224,50
1839,62397,0.017442080690269382,50
1840,63001,0.01744627394748944,50
1841,63605,0.017220302058156577,50
1842,64209,0.01737249966735936,50
1843,64813,0.017110633854424868,50
1844,65417,0.017073873653658114,50
1845,66021,0.01710980856201079,50
1846,66625,0.017220800549183637,50
1847,67229,0.017196811913114646,50
1848,67833,0.017224734888829554,50
1849,68437,0.01739265482058629,50
1850,69041,0.01749900633863183,50
1851,69645,0.017472963014019186,50
1852,70249,0.01733839210630055,50
1853,72584,0.01730882982484018,50
1854,74892,0.01730727186734338,50
1855,77200,0.016937224286018154,50
1856,79508,0.016490850198816714,50
1857,81816,0.01677575556769854,50
1858,84124,0.016546397000989338,50
1859,86432,0.016134346863942987,50
1860,88740,0.0164661043495939,50
1861,91048,0.01612457898956391,50
1862,93356,0.01577489826479444,50
1863,95664,0.015578520162072928,50
1864,97972,0.01537818158488937,50
1865,100280,0.015088593466036072,50
1866,102588,0.014962970417787526,50
1867,104896,0.015259286177191677,50
1868,107204,0.014967813586196019,50
1869,109512,0.014727532612533886,50
1870,111820,0.014570486507338864,50
1871,114128,0.014400490413204741,50
1872,116436,0.014281351828369317,50
1873,118744,0.014116869154392019,50
1874,121052,0.01420160161359158,50
1875,123360,0.014248242381281443,50
1876,125668,0.014175337630989502,50
1877,127976,0.014243681963812895,50
1878,130284,0.014223343298367785,50
1879,132592,0.013868382156785541,50
1880,134900,0.013932772990286155,50
1881,137208,0.014029173081928258,50
1882,139516,0.014153453041880521,50
1883,141824,0.014089370396818367,50
1884,144132,0.014048660051633598,50
1885,146440,0.014027707023921521,50
1886,148748,0.014010473731332308,50
1887,151056,0.013991616766143938,50
1888,153364,0.014044008783579356,50
1889,155672,0.01402885794248978,50
1890,157980,0.013802780932693411,50
1891,160288,0.013763497394579412,50
1892,162596,0.013736071902843401,50
1893,164904,0.013642255529920766,50
1894,167212,0.013558326768583052,50
1895,169520,0.013608442090618966,50
1896,171828,0.013572691567812762,50
1897,174136,0.013500062969279376,50
1898,176444,0.013392050711713854,50
1899,178752,0.013433173093999462,50
1900,181060,0.013394729422356177,50
1901,183368,0.013451652479914089,50
1902,185676,0.01351118940819697,50
1903,187984,0.01351207178926737,50
1904,190292,0.013766511843641754,50
1905,192600,0.013673995902196062,50
1906,194908,0.013780062384552524,50
1907,197216,0.013661723701987797,50
1908,199524,0.013689204679512675,50
1909,201832,0.013643451714682042,50
1910,204140,0.013600763900562493,50
1911,206448,0.013625798085266715,50
1912,208756,0.013571848426308585,50
1913,211064,0.013526343463441092,50
1914,213372,0.013445545908389261,50
1915,215680,0.013368083703127932,50
1916,217988,0.013287564335020475,50
1917,220296,0.01322530638719601,50
1918,222604,0.013153739040026905,50
1919,224912,0.013190118594471055,50
1920,227220,0.013197819760093796,50
1921,229528,0.013231956099955646,50
1922,231836,0.013269255544893317,50
1923,234144,0.013307959300576704,50
1924,236452,0.013245994284040054,50
1925,238760,0.01323711852698674,50
1926,241068,0.013141241363522451,50
1927,243376,0.013037921884924496,50
1928,245684,0.01292680114484929,50
1929,247992,0.01294373501949373,50
1930,250300,0.012775411935832133,50
1931,100,0.11654010934014956,10
1932,200,0.08424935272729134,10
1933,300,0.07992810871314357,10
1934,400,0.06793238685974784,10
1935,500,0.06947800850133924,10
1936,600,0.05470593022730673,10
1937,700,0.05611420289656004,10
1938,800,0.05305215684768934,10
1939,900,0.04878486929812512,10
1940,1000,0.040950010450612376,10
1941,1100,0.038442067139242114,10
1942,1200,0.0361593074131198,10
1943,1300,0.04262818004145606,10
1944,1400,0.05026837646414125,10
1945,1500,0.05128687443349989,10
1946,1600,0.05124165739688784,10
1947,1700,0.0546408442563684,10
1948,1800,0.05219126070540988,10
1949,1900,0.051338597816387485,10
1950,2000,0.04468094870847244,10
1951,2100,0.037936112384299704,10
1952,2200,0.037385786363153005,10
1953,2300,0.0360866993899989,10
1954,2400,0.033718690078422486,10
1955,2500,0.03334075298884451,10
1956,2600,0.031225672269183356,10
1957,2700,0.03222440493814441,10
1958,2800,0.034440580495062725,10
1959,2900,0.03366367416624699,10
1960,3000,0.0338744881052382,10
1961,3100,0.03339305992139421,10
1962,3200,0.03412578673428423,10
1963,3300,0.0363653434221396,10
1964,3400,0.03639957139195934,10
1965,3500,0.03523914854389539,10
1966,3600,0.03790081185702649,10
1967,3700,0.03811283321652924,10
1968,3800,0.036865693947828744,10
1969,3900,0.036717152802378514,10
1970,4000,0.03354808847079423,10
1971,4100,0.03216494692130086,10
1972,4200,0.032216796614370054,10
1973,4300,0.032143375415239865,10
1974,4400,0.03149751308244043,10
1975,4500,0.0319205067429697,10
1976,4600,0.03196845850082465,10
1977,4700,0.03151650666293629,10
1978,4800,0.031259051128488875,10
1979,4900,0.031948972965700304,10
1980,5000,0.031499054995936436,10
1981,5100,0.031236202175637835,10
1982,5200,0.03184997247409788,10
1983,5300,0.03156312043638011,10
1984,5400,0.03133771638242455,10
1985,5500,0.03221022418697994,10
1986,5600,0.03128409167250052,10
1987,5700,0.030575689915899883,10
1988,5800,0.029840291796643898,10
1989,5900,0.030183162477817577,10
1990,6000,0.030241809800022924,10
1991,6100,0.030281262068371437,10
1992,6200,0.029825521937187315,10
1993,6300,0.029933850632124216,10
1994,6400,0.02856946455258273,10
1995,6500,0.027970912290236526,10
1996,6600,0.027756738572578474,10
1997,6700,0.027951374699716643,10
1998,6800,0.02745242332767157,10
1999,6900,0.02700310622683903,10
2000,7000,0.026700545592139087,10
2001,7100,0.026263609257669476,10
2002,7200,0.026374850309460924,10
2003,7300,0.02646565671740427,10
2004,7400,0.0270088532281186,10
2005,7500,0.027030043482793666,10
2006,7600,0.026656441002174923,10
2007,7700,0.026655157304626604,10
2008,7800,0.026655157304626604,10
2009,7900,0.027385455931461515,10
2010,8000,0.026983339715260953,10
2011,8100,0.02790038964488552,10
2012,8200,0.027707492087282504,10
2013,8300,0.02778242326854682,10
2014,8400,0.02906800291150129,10
2015,8500,0.028632937752550606,10
2016,8600,0.02588638946339933,10
2017,8700,0.026392472381024032,10
2018,8800,0.026114046019567835,10
2019,8900,0.025805065900203254,10
2020,9000,0.025757884420519836,10
2021,9100,0.025647717336746863,10
2022,9200,0.02563841873414558,10
2023,9300,0.025751365117844895,10
2024,9400,0.0256132823670525,10
2025,9500,0.025287775865153326,10
2026,9600,0.02518065566645357,10
2027,9700,0.02520925773991808,10
2028,9800,0.025421192514004327,10
2029,9900,0.025129647603524752,10
2030,10603,0.02489193482408948,10
2031,11407,0.024165553354412977,10
2032,12211,0.02375543532983405,10
2033,13015,0.022879870815907685,10
2034,13819,0.02541875751146643,10
2035,14623,0.02397371236110677,10
2036,15427,0.0242914097691812,10
2037,16231,0.024660896495795323,10
2038,17035,0.023711517828213263,10
2039,17839,0.022368125786621448,10
2040,18643,0.022383289772963548,10
2041,19447,0.02237394550316452,10
2042,20251,0.02251653540188419,10
2043,21055,0.025278702076012474,10
2044,21859,0.024154243393427595,10
2045,22663,0.02475695336511734,10
2046,23467,0.024812026674529634,10
2047,24271,0.02347053850631532,10
2048,25075,0.022896360555507686,10
2049,25879,0.02296174071849964,10
2050,26683,0.02200695662485542,10
2051,27487,0.024611670476612106,10
2052,28291,0.02465044755399662,10
2053,29095,0.024836232669310003,10
2054,29899,0.024568821131762644,10
2055,30703,0.024261848837116327,10
2056,31507,0.023630215520181744,10
2057,32311,0.023162422996049144,10
2058,33115,0.022465086203238213,10
2059,33919,0.02288898796447823,10
2060,34723,0.023387360716759047,10
2061,35527,0.02354203114840922,10
2062,36331,0.0236418835582971,10
2063,37135,0.02355039505804685,10
2064,37939,0.023358830256631002,10
2065,38743,0.02323299461130657,10
2066,39547,0.022951697975006773,10
2067,40351,0.022719419586306796,10
2068,41155,0.02250588082014373,10
2069,41959,0.022282613801299225,10
2070,42763,0.022143213546483,10
2071,43567,0.021749830339125416,10
2072,44371,0.021317795956323222,10
2073,45175,0.021208351994340645,10
2074,45979,0.020949262067224857,10
2075,46783,0.020973321790585163,10
2076,47587,0.020776222050485876,10
2077,48391,0.02055778154560621,10
2078,49195,0.020301267708769496,10
2079,49999,0.020153115380321083,10
2080,50803,0.01989336404452841,10
2081,51607,0.019856560613678517,10
2082,52411,0.019897952051477576,10
2083,53215,0.0198394316401541,10
2084,54019,0.019463853333910708,10
2085,54823,0.019360284831112438,10
2086,55627,0.01922332756907177,10
2087,56431,0.01915489449708458,10
2088,57235,0.019104181236673057,10
2089,58039,0.01896717280712737,10
2090,58843,0.018653737412213888,10
2091,59647,0.018783646900784986,10
2092,60451,0.018627744232254283,10
2093,61255,0.01899899869051031,10
2094,62059,0.018895940020149417,10
2095,62863,0.018783269833990125,10
2096,63667,0.01852053121927878,10
2097,64471,0.018335358548188248,10
2098,65275,0.018224755518193275,10
2099,66079,0.018071816776898092,10
2100,66883,0.018165681697468603,10
2101,67687,0.01772808293517306,10
2102,68491,0.017662887988507396,10
2103,69295,0.017613309648663943,10
2104,70099,0.017485571322742297,10
2105,70903,0.01748900500900216,10
2106,71707,0.017486481680746062,10
2107,72511,0.0174403720170996,10
2108,73315,0.017368309647312587,10
2109,74119,0.01724056143427187,10
2110,74923,0.017288326473739377,10
2111,75727,0.01721750780387311,10
2112,76531,0.017164084289801793,10
2113,77335,0.01696607244392006,10
2114,78139,0.01700279568535078,10
2115,78943,0.016976432851273007,10
2116,79747,0.016878369163578637,10
2117,80551,0.017068617967056415,10
2118,81355,0.016767956089787588,10
2119,82159,0.016739914526594436,10
2120,82963,0.01662070926332859,10
2121,83767,0.016559680081433516,10
2122,84571,0.016536853489305618,10
2123,85375,0.016470189113919734,10
2124,86179,0.016355755604016264,10
2125,86983,0.01640622153548681,10
2126,87787,0.01640327522636181,10
2127,88591,0.016502384412398374,10
2128,89395,0.01636744702048153,10
2129,90199,0.016448580820281944,10
2130,92650,0.016251181349295124,10
2131,94846,0.0162700027986598,10
2132,97042,0.016493667643608035,10
2133,99238,0.016482444152629998,10
2134,101434,0.016231622174933596,10
2135,103630,0.016100068821415035,10
2136,105826,0.01569004433908333,10
2137,108022,0.015674136455773893,10
2138,110218,0.015475894383211626,10
2139,112414,0.01510209407545716,10
2140,114610,0.015031761213881655,10
2141,116806,0.014694201492586613,10
2142,119002,0.014724444559288003,10
2143,121198,0.014991759205624311,10
2144,123394,0.014846328340933041,10
2145,125590,0.014453392210006667,10
2146,127786,0.01459709008810822,10
2147,129982,0.01433406067658291,10
2148,132178,0.014008986394838302,10
2149,134374,0.013579644651598975,10
2150,136570,0.01329967585142749,10
2151,138766,0.013218518801402086,10
2152,140962,0.012749055218051253,10
2153,143158,0.012626529132981854,10
2154,145354,0.012421311453819514,10
2155,147550,0.012328717680048788,10
2156,149746,0.012255678418769551,10
2157,151942,0.01215457054679416,10
2158,154138,0.011872675547265394,10
2159,156334,0.011722485329317217,10
2160,158530,0.011608506166834566,10
2161,160726,0.011604211337552298,10
2162,162922,0.01161303114815646,10
2163,165118,0.011540111966280311,10
2164,167314,0.011657214497306993,10
2165,169510,0.011638666969431007,10
2166,171706,0.011623209193192215,10
2167,173902,0.011756429997961056,10
2168,176098,0.011762801746930803,10
2169,178294,0.011655130965864255,10
2170,180490,0.011637264146058658,10
2171,182686,0.011593487708364936,10
2172,184882,0.01123390425930167,10
2173,187078,0.011213299116023055,10
2174,189274,0.011166117660329003,10
2175,191470,0.011129505503502751,10
2176,193666,0.011110597680403456,10
2177,195862,0.01119600297579751,10
2178,198058,0.011192942250063563,10
2179,200254,0.011185293168132718,10
2180,202450,0.011216168926206247,10
2181,204646,0.011403858685472017,10
2182,206842,0.011455131494869443,10
2183,209038,0.01150402259492126,10
2184,211234,0.01141246864895209,10
2185,213430,0.011315096859230236,10
2186,215626,0.011249325449699806,10
2187,217822,0.011223513904322408,10
2188,220018,0.01123733222374594,10
2189,222214,0.011139687501708732,10
2190,224410,0.011026664965535431,10
2191,226606,0.010907412554607534,10
2192,228802,0.010851118324283558,10
2193,230998,0.010840546113080825,10
2194,233194,0.010798173268898701,10
2195,235390,0.01078958960819682,10
2196,237586,0.01077098685346884,10
2197,239782,0.010722787259945452,10
2198,241978,0.010842258111287943,10
2199,244174,0.010833451075638614,10
2200,246370,0.010793495599016654,10
2201,248566,0.010765187475460153,10
2202,250762,0.010751427062225429,10
2203,100,0.08317948183149529,100
2204,200,0.06754300945938603,100
2205,300,0.061242439684813986,100
2206,400,0.052192313931954684,100
2207,500,0.04664416382256294,100
2208,600,0.04608968875963991,100
2209,700,0.04216087889794973,100
2210,800,0.03811917716622592,100
2211,900,0.04058661882538984,100
2212,1000,0.04074498142615184,100
2213,1100,0.040982922027516286,100
2214,1200,0.04341646992764754,100
2215,1300,0.045789550911689327,100
2216,1400,0.04369626821389504,100
2217,1500,0.03929207632257942,100
2218,1600,0.03805487742573776,100
2219,1700,0.03519559243608762,100
2220,1800,0.034196797868689545,100
2221,1900,0.039530063487767234,100
2222,2000,0.03803856686084967,100
2223,2100,0.03922211117086055,100
2224,2200,0.03976558203926571,100
2225,2300,0.03816288858965047,100
2226,2400,0.03822177415550522,100
2227,2500,0.03735177618161129,100
2228,2600,0.03827538323702823,100
2229,2700,0.037167328968316024,100
2230,2800,0.03548808128143539,100
2231,2900,0.0348390503888998,100
2232,3000,0.03542178588741911,100
2233,3100,0.03628499216548329,100
2234,3200,0.035728060152189975,100
2235,3300,0.030829103256451187,100
2236,3400,0.029497984397080047,100
2237,3500,0.028488237764992295,100
2238,3600,0.029291529585381306,100
2239,3700,0.02816966580961975,100
2240,3800,0.027680787608686898,100
2241,3900,0.02695356244514776,100
2242,4000,0.02650156269036805,100
2243,4100,0.02553415352512756,100
2244,4200,0.025762525702866277,100
2245,4300,0.025253213606313375,100
2246,4400,0.025099005268262732,100
2247,4500,0.024678284844782978,100
2248,4600,0.025511366583020695,100
2249,4700,0.025490913346984216,100
2250,4800,0.024868129147645968,100
2251,4900,0.02520640946285393,100
2252,5000,0.02513628812152432,100
2253,5100,0.02622482920044697,100
2254,5200,0.02678896044327956,100
2255,5300,0.027367171418069186,100
2256,5400,0.027712424480233915,100
2257,5500,0.02754126401766566,100
2258,5600,0.027364554252298244,100
2259,5700,0.027579349645208064,100
2260,5800,0.027302005534855078,100
2261,5900,0.02660278772731482,100
2262,6000,0.026269221798110778,100
2263,6100,0.026475136799308296,100
2264,6200,0.027100986085625015,100
2265,6300,0.026978910812563858,100
2266,6400,0.02681882350055792,100
2267,6500,0.026701351631371467,100
2268,6600,0.02626429107439648,100
2269,6700,0.02617069018846583,100
2270,6800,0.02630989024113744,100
2271,6900,0.026003321080972065,100
2272,7000,0.026589615686873826,100
2273,7100,0.026559001186071896,100
2274,7200,0.026090867039944385,100
2275,7300,0.025739936791366817,100
2276,7400,0.0255819232260792,100
2277,7500,0.023880869755367913,100
2278,7600,0.023863853282839183,100
2279,7700,0.02367049591575252,100
2280,7800,0.0240106135763807,100
2281,7900,0.024353867217461522,100
2282,8000,0.02423944337793201,100
2283,8100,0.024563352125940314,100
2284,8200,0.0252794868170612,100
2285,8300,0.02503802441566179,100
2286,8400,0.025482119993215372,100
2287,8500,0.02560183488801001,100
2288,8600,0.02509695141972226,100
2289,8700,0.024995235843628706,100
2290,8800,0.02479081021756775,100
2291,8900,0.02483419476252213,100
2292,9000,0.02480708306175198,100
2293,9100,0.02449006229579667,100
2294,9200,0.02376584181891458,100
2295,9300,0.023553267665187894,100
2296,9400,0.023350583845818576,100
2297,9500,0.02400136121304827,100
2298,9600,0.023862805504660096,100
2299,9700,0.023632362929662046,100
2300,9800,0.02347631932201507,100
2301,9900,0.023615318971346385,100
2302,10633,0.02375014358619815,100
2303,11477,0.023204215224437778,100
2304,12321,0.02181675877223434,100
2305,13165,0.02206226193456651,100
2306,14009,0.020626575673338185,100
2307,14853,0.01861581006200363,100
2308,15697,0.0179785469170175,100
2309,16541,0.018511118406742143,100
2310,17385,0.017736747969461193,100
2311,18229,0.01784779520233951,100
2312,19073,0.017599399780237387,100
2313,19917,0.016559247848332848,100
2314,20761,0.016532943149108942,100
2315,21605,0.016651899095442544,100
2316,22449,0.016223199254220635,100
2317,23293,0.016406420013639723,100
2318,24137,0.016397075838725364,100
2319,24981,0.015427176467150198,100
2320,25825,0.014861602399026895,100
2321,26669,0.014820302671279015,100
2322,27513,0.014747254053621385,100
2323,28357,0.014343711345431456,100
2324,29201,0.014196517909382696,100
2325,30045,0.013895841415065944,100
2326,30889,0.014117572333733133,100
2327,31733,0.01355317740528062,100
2328,32577,0.012753164340209906,100
2329,33421,0.012841753801029976,100
2330,34265,0.012317313475934451,100
2331,35109,0.012172583521884344,100
2332,35953,0.012164618312497663,100
2333,36797,0.012003275523828839,100
2334,37641,0.01201353288291553,100
2335,38485,0.012044104433121929,100
2336,39329,0.012185717840144935,100
2337,40173,0.01228610686049621,100
2338,41017,0.012177665104256979,100
2339,41861,0.012009281474129519,100
2340,42705,0.011945803450822612,100
2341,43549,0.01193626072819003,100
2342,44393,0.012007822087683544,100
2343,45237,0.01233206126527549,100
2344,46081,0.012219158617313252,100
2345,46925,0.01219829233300629,100
2346,47769,0.012316482340722346,100
2347,48613,0.0124096418310835,100
2348,49457,0.012476550521427118,100
2349,50301,0.012649507181542632,100
2350,51145,0.01262504475528459,100
2351,51989,0.012465223839673488,100
2352,52833,0.012570136867960303,100
2353,53677,0.012598374168733432,100
2354,54521,0.01256245395091103,100
2355,55365,0.012599866850658505,100
2356,56209,0.012676289704492711,100
2357,57053,0.012612912004955418,100
2358,57897,0.01282520421398078,100
2359,58741,0.012781883517581456,100
2360,59585,0.012788797154618647,100
2361,60429,0.012851823229598183,100
2362,61273,0.013090935442209349,100
2363,62117,0.013179164097185198,100
2364,62961,0.01312136429730915,100
2365,63805,0.013024402969246347,100
2366,64649,0.013058979198938815,100
2367,65493,0.013073933277190397,100
2368,66337,0.013105489887378549,100
2369,67181,0.01301670312935375,100
2370,68025,0.013116181464729931,100
2371,68869,0.01333859944635856,100
2372,69713,0.013297612597212904,100
2373,70557,0.013325046098357132,100
2374,71401,0.013200771890203595,100
2375,72245,0.013115286699436566,100
2376,73089,0.013216298713012475,100
2377,73933,0.013268175033614263,100
2378,74777,0.013235757932692783,100
2379,75621,0.013199336430637268,100
2380,76465,0.013135551594720659,100
2381,77309,0.01326015805137981,100
2382,78153,0.013073889675087597,100
2383,78997,0.01312223695592105,100
2384,79841,0.013170680710138527,100
2385,80685,0.013252656751728762,100
2386,81529,0.013148971933695443,100
2387,82373,0.013115200613557901,100
2388,83217,0.013212919185309896,100
2389,84061,0.013271775813494199,100
2390,84905,0.01325941060088106,100
2391,85749,0.013328903342938486,100
2392,86593,0.013215389390152519,100
2393,87437,0.01336178010089771,100
2394,88281,0.013363853275730062,100
2395,89125,0.013254179029323092,100
2396,89969,0.013219250691378148,100
2397,90813,0.013173773106491805,100
2398,91657,0.013107504149207982,100
2399,92501,0.013061237705669498,100
2400,93345,0.013005762261067465,100
2401,94189,0.013092774156261257,100
2402,97577,0.013041103687776235,100
2403,100969,0.012973621234127616,100
2404,104361,0.013101696487624027,100
2405,107753,0.012970691835636325,100
2406,111145,0.01279669403694447,100
2407,114537,0.012782015571170173,100
2408,117929,0.01407250510591394,100
2409,121321,0.013683326213361538,100
2410,124713,0.013927960447143289,100
2411,128105,0.013717234188058475,100
2412,131497,0.01303856169694625,100
2413,134889,0.01395048099865328,100
2414,138281,0.01343781324947618,100
2415,141673,0.013226957156855469,100
2416,145065,0.012612994707769706,100
2417,148457,0.01290821455862961,100
2418,151849,0.012604949298259954,100
2419,155241,0.012348176260766976,100
2420,158633,0.011816981692485818,100
2421,162025,0.011730535763306552,100
2422,165417,0.011494192440276416,100
2423,168809,0.011442181931121134,100
2424,172201,0.01131697500081901,100
2425,175593,0.011171603714431162,100
2426,178985,0.011135681195502305,100
2427,182377,0.011062668978024034,100
2428,185769,0.010973547924666555,100
2429,189161,0.010885426270772616,100
2430,192553,0.010856384396737332,100
2431,195945,0.01086783453453085,100
2432,199337,0.010817003638634687,100
2433,202729,0.010754948655216319,100
2434,206121,0.010673487321835772,100
2435,209513,0.010642691688036155,100
2436,212905,0.010531385737136382,100
2437,216297,0.010501279142402531,100
2438,219689,0.01047049415331763,100
2439,223081,0.010483294915482283,100
2440,226473,0.010446231210874046,100
2441,229865,0.010510667961296826,100
2442,233257,0.01041775873322259,100
2443,236649,0.010430428058859608,100
2444,240041,0.010344785783638566,100
2445,243433,0.010190740268890245,100
2446,246825,0.010122362123442323,100
2447,250217,0.00999350732731279,100
2448,100,0.11694543388776507,40
2449,200,0.09816399727610135,40
2450,300,0.08356682497442088,40
2451,400,0.05628884960184836,40
2452,500,0.05549069660606131,40
2453,600,0.04909047346262158,40
2454,700,0.044100970967051685,40
2455,800,0.03933530923776475,40
2456,900,0.036391110340384475,40
2457,1000,0.033563221920561756,40
2458,1100,0.03478865484108446,40
2459,1200,0.032003039829386716,40
2460,1300,0.031407913569063854,40
2461,1400,0.031835787537395174,40
2462,1500,0.03160324927874599,40
2463,1600,0.024934969589859655,40
2464,1700,0.025070077082565628,40
2465,1800,0.024495360598157375,40
2466,1900,0.0243314107755226,40
2467,2000,0.02528794089727364,40
2468,2100,0.024732007839522382,40
2469,2200,0.02887442394270009,40
2470,2300,0.028236792446808913,40
2471,2400,0.02836087577248533,40
2472,2500,0.028095198839123377,40
2473,2600,0.02917020464064107,40
2474,2700,0.028477232681667446,40
2475,2800,0.031176127026301226,40
2476,2900,0.031787281918869904,40
2477,3000,0.030776982128592152,40
2478,3100,0.03029323055467236,40
2479,3200,0.030218172390553688,40
2480,3300,0.029632379763022597,40
2481,3400,0.028889629309044807,40
2482,3500,0.028462402519502893,40
2483,3600,0.02767077874789216,40
2484,3700,0.026744482136433524,40
2485,3800,0.026947682827973173,40
2486,3900,0.026696861531662334,40
2487,4000,0.026356534249504803,40
2488,4100,0.02681092757129069,40
2489,4200,0.02514128231066004,40
2490,4300,0.023925934190989817,40
2491,4400,0.024483271689873586,40
2492,4500,0.024763630993017198,40
2493,4600,0.024763630993017198,40
2494,4700,0.023722506609454838,40
2495,4800,0.023556650101956053,40
2496,4900,0.02366688738993494,40
2497,5000,0.02291052346220521,40
2498,5100,0.023358371982850037,40
2499,5200,0.023631098213354344,40
2500,5300,0.023064173406123267,40
2501,5400,0.022418275630771634,40
2502,5500,0.02247191019619115,40
2503,5600,0.02247191019619115,40
2504,5700,0.02211791895465322,40
2505,5800,0.022436402241205376,40
2506,5900,0.022251323118999373,40
2507,6000,0.022032696451677755,40
2508,6100,0.02204050176816741,40
2509,6200,0.02204050176816741,40
2510,6300,0.02283294519641574,40
2511,6400,0.02256173583895706,40
2512,6500,0.02358118370299195,40
2513,6600,0.022809489360736804,40
2514,6700,0.02427040438620829,40
2515,6800,0.024492169447736148,40
2516,6900,0.023571482778237413,40
2517,7000,0.024532030291490838,40
2518,7100,0.024611663439026307,40
2519,7200,0.024820029463918404,40
2520,7300,0.02438960464185638,40
2521,7400,0.02438960464185638,40
2522,7500,0.024761834649749282,40
2523,7600,0.024720938224022708,40
2524,7700,0.024626500839988102,40
2525,7800,0.024585790241949755,40
2526,7900,0.024259677761393712,40
2527,8000,0.02425323848569963,40
2528,8100,0.024844172905047212,40
2529,8200,0.025396486478421857,40
2530,8300,0.025220457261918627,40
2531,8400,0.025706735662895854,40
2532,8500,0.025532978317951767,40
2533,8600,0.02512668674944592,40
2534,8700,0.02494587482322092,40
2535,8800,0.02490944249428487,40
2536,8900,0.024802649677981826,40
2537,9000,0.02588375248432263,40
2538,9100,0.02530097010523519,40
2539,9200,0.02494756451971042,40
2540,9300,0.025139357832741592,40
2541,9400,0.025139357832741592,40
2542,9500,0.024739103004062336,40
2543,9600,0.02448748305265745,40
2544,9700,0.024480890213469643,40
2545,9800,0.024165679308640737,40
2546,9900,0.02411451578111375,40
2547,10369,0.024302750090278265,40
2548,10861,0.02390039792854027,40
2549,11353,0.022693809929858488,40
2550,11845,0.02277928823536196,40
2551,12337,0.022194834887536652,40
2552,12829,0.02179505818635716,40
2553,13321,0.02237805733645031,40
2554,13813,0.02224330026288911,40
2555,14305,0.020473432194359837,40
2556,14797,0.019755994381234068,40
2557,15289,0.02002255775728291,40
2558,15781,0.019921171529013713,40
2559,16273,0.021360197904537807,40
2560,16765,0.020028169919581958,40
2561,17257,0.019754394135035196,40
2562,17749,0.019154527526121883,40
2563,18241,0.01867588719857165,40
2564,18733,0.018818814002698032,40
2565,19225,0.01863382035660858,40
2566,19717,0.01900881629730256,40
2567,20209,0.019771557111145373,40
2568,20701,0.020004912592900305,40
2569,21193,0.019391211221909295,40
2570,21685,0.019326557281308283,40
2571,22177,0.01990494998543214,40
2572,22669,0.01873373620038577,40
2573,23161,0.019706989174034753,40
2574,23653,0.0198186874735198,40
2575,24145,0.019239959056659112,40
2576,24637,0.019272161225072026,40
2577,25129,0.019116661985885387,40
2578,25621,0.019275127127797827,40
2579,26113,0.01899459139012903,40
2580,26605,0.018132375826105586,40
2581,27097,0.017728966472407,40
2582,27589,0.017574203236339975,40
2583,28081,0.017219263998976705,40
2584,28573,0.017129678948747788,40
2585,29065,0.017314905358477482,40
2586,29557,0.017160551054858322,40
2587,30049,0.01943582263808882,40
2588,30541,0.01823108851376497,40
2589,31033,0.017798280530784284,40
2590,31525,0.016493935346819446,40
2591,32017,0.01635352152621408,40
2592,32509,0.016310812574600226,40
2593,33001,0.016069676031859118,40
2594,33493,0.01629111909718412,40
2595,33985,0.01615165651848329,40
2596,34477,0.01615534007880166,40
2597,34969,0.016253471119246545,40
2598,35461,0.01602076947610631,40
2599,35953,0.016091057442421466,40
2600,36445,0.0158678370561007,40
2601,36937,0.015790166084022814,40
2602,37429,0.015774874690757716,40
2603,37921,0.01538351186423434,40
2604,38413,0.015404717261069218,40
2605,38905,0.015131135982161795,40
2606,39397,0.01514289966945224,40
2607,39889,0.014921877743146355,40
2608,40381,0.01448677499910747,40
2609,40873,0.01487559525016515,40
2610,41365,0.01550650056251933,40
2611,41857,0.015713322020851392,40
2612,42349,0.01576187542986143,40
2613,42841,0.015872844385766333,40
2614,43333,0.015771186127471665,40
2615,43825,0.015900180581065185,40
2616,44317,0.017444008317259688,40
2617,44809,0.017323107839852643,40
2618,45301,0.01728099523831472,40
2619,45793,0.01757217864085428,40
2620,46285,0.017105179773238874,40
2621,46777,0.017061223921373173,40
2622,47269,0.017571483884221837,40
2623,47761,0.015626921787635778,40
2624,48253,0.015630634032106214,40
2625,48745,0.01569760320662363,40
2626,49237,0.015973819504421154,40
2627,49729,0.015775138683970152,40
2628,50221,0.015940468656103844,40
2629,50713,0.015588430172423,40
2630,51205,0.015572144560295209,40
2631,51697,0.01594809892689481,40
2632,52189,0.01630655860934642,40
2633,52681,0.01647084913549271,40
2634,53173,0.016856316108648378,40
2635,53665,0.01719354057678225,40
2636,54157,0.01623252879842632,40
2637,54649,0.01640068039582881,40
2638,55141,0.01636073138734686,40
2639,55633,0.016468048064707332,40
2640,56125,0.01631071493646668,40
2641,56617,0.016524677412016846,40
2642,57109,0.01656082815664667,40
2643,57601,0.0166645296132826,40
2644,58093,0.01680742030348047,40
2645,58585,0.016612752383237967,40
2646,59077,0.01661065528901176,40
2647,60493,0.016687523970693292,40
2648,61725,0.01683768484133152,40
2649,62957,0.01675041135869343,40
2650,64189,0.01793356210411324,40
2651,65421,0.017471198827444395,40
2652,66653,0.017092931036824396,40
2653,67885,0.01766866268065141,40
2654,69117,0.0171089332632564,40
2655,70349,0.01704484159506723,40
2656,71581,0.01718734380633131,40
2657,72813,0.01681506537068601,40
2658,74045,0.016549696315296823,40
2659,75277,0.018346847552059144,40
2660,76509,0.018525578165426177,40
2661,77741,0.018694237761709438,40
2662,78973,0.018811849661401002,40
2663,80205,0.0184389524845452,40
2664,81437,0.018444441980297984,40
2665,82669,0.018285511633927436,40
2666,83901,0.01805050589605891,40
2667,85133,0.018040915121556776,40
2668,86365,0.01769137127891692,40
2669,87597,0.017563453462292062,40
2670,88829,0.01737866081437409,40
2671,90061,0.017104031173331636,40
2672,91293,0.016775825294965952,40
2673,92525,0.01671242848162386,40
2674,93757,0.016680312986173226,40
2675,94989,0.01672433134151379,40
2676,96221,0.01646491127133474,40
2677,97453,0.016384987623954423,40
2678,98685,0.016333683845883754,40
2679,99917,0.016236088661014742,40
2680,101149,0.016119848250803676,40
2681,102381,0.016309104377182467,40
2682,103613,0.01634451658109255,40
2683,104845,0.016243945000425457,40
2684,106077,0.016269573751474017,40
2685,107309,0.016442315893821027,40
2686,108541,0.01635585041141554,40
2687,109773,0.01622560911831842,40
2688,111005,0.016361124695298913,40
2689,112237,0.016599765278897827,40
2690,113469,0.016390163977617056,40
2691,114701,0.016675703017870386,40
2692,115933,0.016560001455974124,40
2693,117165,0.016463457761653498,40
2694,118397,0.01641925678837734,40
2695,119629,0.01633340292891737,40
2696,120861,0.016208294085492812,40
2697,122093,0.01607388942286449,40
2698,123325,0.016030812843858933,40
2699,124557,0.015909886108689153,40
2700,125789,0.01578466467098979,40
2701,127021,0.015760803078481513,40
2702,128253,0.015754413418553964,40
2703,129485,0.015573618215543528,40
2704,130717,0.01562901821175449,40
2705,131949,0.015585843164242877,40
2706,133181,0.015506861102388872,40
2707,134413,0.015331433895298424,40
2708,135645,0.015247863804298864,40
2709,136877,0.015233343163501003,40
2710,138109,0.015168555048640453,40
2711,139341,0.015193461976638144,40
2712,140573,0.01515660832969573,40
2713,141805,0.015120438443379194,40
2714,143037,0.015212994317811868,40
2715,144269,0.015203771983231047,40
2716,145501,0.015511230288818829,40
2717,146733,0.015362191697496445,40
2718,147965,0.015260051242945383,40
2719,149197,0.015165132901483618,40
2720,150429,0.015096871921273276,40
2721,151661,0.01504530625497101,40
2722,152893,0.014951799452855095,40
2723,154125,0.014900623425345877,40
2724,155357,0.014852783658124607,40
2725,156589,0.014795454552446023,40
2726,157821,0.014728680581686039,40
2727,159053,0.014928487087208248,40
2728,160285,0.01492505348409628,40
2729,161517,0.014893968628632794,40
2730,162749,0.014852753251312937,40
2731,163981,0.014772899403756768,40
2732,165213,0.014738816475720378,40
2733,166445,0.01478418348216366,40
2734,167677,0.014794145930604031,40
2735,168909,0.014727402307262669,40
2736,170141,0.014676049779565464,40
2737,171373,0.014647931935910114,40
2738,172605,0.01459889157694076,40
2739,173837,0.014505245919186442,40
2740,175069,0.014499213102740416,40
2741,176301,0.01445406255827641,40
2742,177533,0.014539531540230457,40
2743,178765,0.014535342561529725,40
2744,179997,0.014704226278417977,40
2745,181229,0.01465241324601727,40
2746,182461,0.014536624323662024,40
2747,185934,0.014575139276408989,40
2748,188922,0.014474292057716904,40
2749,191910,0.01439372171354874,40
2750,194898,0.014412379640533303,40
2751,197886,0.014474474240239317,40
2752,200874,0.014696418723565662,40
2753,203862,0.014613026141042373,40
2754,206850,0.014746756130625267,40
2755,209838,0.01441978833074601,40
2756,212826,0.014177811059118011,40
2757,215814,0.014279600853774237,40
2758,218802,0.014179127844242452,40
2759,221790,0.013940298491918631,40
2760,224778,0.013779526235341618,40
2761,227766,0.013662873188253743,40
2762,230754,0.013519574458414648,40
2763,233742,0.013353356852146387,40
2764,236730,0.0133697532024827,40
2765,239718,0.013187017432368019,40
2766,242706,0.012934668539597892,40
2767,245694,0.01309464665360945,40
2768,248682,0.012888553826389409,40
2769,251670,0.01276339751419981,40
