hydropower,atomicpowerplant,baltimore,chester,environment,recreation
70.52100809206327,0.9032314187057404,0.641540952196247,0.695014470896139,0.08691532792758484,1.0
72.64679949790433,0.6865445182550538,0.5213356838621946,0.5818395197918781,0.08376848594488066,1.0
72.75073531154344,0.7489051974586394,0.5462664570079058,0.5809966506551606,0.08662185761484836,1.0
68.75613464692155,0.8450481291295278,0.6131299399348089,0.7096422409393646,0.08478053117747493,1.0
72.59385153103513,0.7258187547399153,0.48380139062856997,0.5588666800391666,0.08555161599739076,1.0
72.4866954658764,0.7299496082820498,0.5155658861386604,0.6159297104481738,0.08652792419650307,1.0
69.28271786759107,0.4993242932344457,0.35304826454228344,0.5011053130480986,0.07890214886546702,1.0
64.48238730708528,0.6794325840856242,0.5567199229203482,0.5431793998338736,0.07894651076859754,1.0
72.26081079822592,0.7815147829539753,0.5465508336350458,0.5787630427067759,0.08367308121430961,1.0
52.35632443859296,0.8000532892942794,0.4711068419017009,0.4067997808679745,0.04465548166920967,0.9285714285714286
68.26783615543467,0.8066351796546201,0.5704532463564264,0.6700897406082166,0.08296516593763935,1.0
68.01700825562902,0.7071942149170477,0.6347273782462822,0.645760293812534,0.0824833632980084,1.0
67.8812120094845,0.7754307282340985,0.5020397545045511,0.7085238762904376,0.08330170068758032,1.0
67.00647607220293,0.7597092299089289,0.6356538610450874,0.5552469092985887,0.08297344711270821,1.0
66.0334952515675,0.9500784767018099,0.6233929248489202,0.6737736646185126,0.08383096340223686,1.0
65.39466886147999,0.7130449317193956,0.5434286558732231,0.5977112065951048,0.07868621487209844,0.9642857142857143
70.03913031278549,0.862982358644017,0.3600289582557908,0.6828023600771963,0.08406039642726774,1.0
65.93856625156366,0.9251980897349691,0.6251450766606216,0.679067756920278,0.0824655307706521,1.0
58.12247999607475,0.7108580132252008,0.3798208430992547,0.5502978106515527,0.07690476109866654,1.0
73.19264206957862,0.915533149286548,0.6927665432017068,0.7578274514302936,0.08809999345602308,1.0
63.580417006385254,0.8718276446269296,0.5553854157310392,0.7014256602150856,0.08169779947938895,1.0
70.35988137500557,0.9042055345962813,0.6675855538510815,0.6841401893616839,0.08794083462328676,1.0
67.41484039335919,0.9255026929510478,0.5130702061323171,0.624110059601461,0.08296416184983721,1.0
72.50618735699311,0.8637823372931773,0.6617978135269049,0.7278746310137114,0.08787686585125488,1.0
68.35923518617079,0.918528548712485,0.5673453101493414,0.6609602484675043,0.08466425695549988,1.0
63.9184269295634,0.9462892687710868,0.6595214347039834,0.5964259154737808,0.08560454299606705,1.0
70.06574621397874,0.8379268517169429,0.6264980420603391,0.667131969955079,0.08482522026299114,1.0
69.56468499591428,0.8143906659490021,0.3661671990388171,0.6817315800188223,0.08221668290389407,1.0
74.21715298569626,0.9678216848984091,0.7100036564170615,0.7532766468537431,0.0896608531371625,1.0
65.67601076181126,0.6834994519681677,0.6216248663245334,0.6187754217946311,0.07940954895355758,1.0
69.1394417732364,0.9544206899238559,0.6411366970723518,0.7079906868095681,0.08521627548100813,1.0
67.3964421037182,0.9550789834492825,0.6177124917545141,0.6764651325497065,0.08482017385057512,1.0
60.99105342517159,0.9538334864341302,0.6187194457784554,0.7382434093118664,0.08278523444882534,1.0
66.50584732273052,0.49800124494867765,0.4442089745207162,0.41524827656520547,0.07744893039584433,1.0
68.29886407441118,0.6215325050560441,0.4783481699949489,0.5662040303171451,0.08050207945362088,1.0
67.86335564612777,0.9474475432934157,0.6495775791171746,0.7342744427820183,0.08446374212093236,1.0
66.74261664392445,0.6560643825704762,0.5537471587498817,0.42933578936726147,0.08057574739274821,1.0
62.94149970057857,0.9777645686746067,0.610262985759451,0.7512748854448569,0.08462607491481129,1.0
75.51777497687283,0.9076466789212206,0.7257949245535891,0.7482281599456224,0.09774446114706428,1.0
67.9124139790958,0.7669308185981869,0.42789628477131336,0.5324629211993802,0.08148809365186893,1.0
65.81301012308366,0.4765945109787449,0.46670887814836515,0.4677642328736464,0.07896045108467192,1.0
70.013780470128,0.5422376043362687,0.32940750893804993,0.4705788298704327,0.08119506292440526,1.0
56.8906289762922,0.45051076788372696,0.3632413773505061,0.3462751448361208,0.06253470523817069,1.0
63.09657349864611,0.970876928684757,0.604062071151201,0.7735780479705586,0.08555530336319837,1.0
54.660898005025814,0.37642705338631943,0.2495513037944845,0.21215451440028738,0.04550193918850758,1.0
69.39701024435423,0.4859365172517304,0.4554708862363993,0.46249030061498736,0.07945307051105023,1.0
66.57620118429269,0.823025733724642,0.5237139179304088,0.6869815584236905,0.07971156075711802,1.0
73.5352471149453,0.3174213889421255,0.5078167875129268,0.5526813417765064,0.08456123803705055,1.0
73.87922264693543,0.957653941500392,0.7517718159849011,0.793212993050286,0.09281611611923049,1.0
65.08620500970648,0.7030257013593727,0.6025513510505314,0.6317314742797128,0.08017642637146524,1.0
65.25737830575251,0.962969819419417,0.5870489939493261,0.6778949633389009,0.08220125367325407,1.0
64.97619843995184,0.9738885590724196,0.6327196628883783,0.7518044481991539,0.08692096651424112,1.0
58.57726882690166,0.639976799659368,0.3804559934814985,0.38882046086091104,0.07597514435652292,1.0
64.61105851423869,0.9051301144394476,0.5521380629056845,0.6707833529109093,0.08127473451651568,1.0
57.63189924287258,0.6001694152402194,0.41109983926903065,0.3911523724908978,0.07140785762281113,1.0
51.05452479765603,0.95312638704838,0.5071981785947212,0.586699734015851,0.054840245640257294,1.0
60.19534466219587,0.9172131730464393,0.4749555831997038,0.7099589344631917,0.08129070242004352,1.0
62.637104046465076,0.8631293919182295,0.6027696875260424,0.7354703538213478,0.08241300164746505,1.0
56.529805587444095,0.5366455352826632,0.45035309474881363,0.5009764615978979,0.0658752567550107,1.0
62.11269140358192,0.9068970864992867,0.7165657766593654,0.6716071407716847,0.08797029160356065,1.0
64.99980604776074,0.9207296798961949,0.3397947344669834,0.705777051642101,0.0801324706794052,1.0
75.02214094518831,0.96794233829609,0.7245462639835861,0.769595851574613,0.09123553728106724,1.0
64.51830860641958,0.47979475438117086,0.42780800207154795,0.4555641378586234,0.07653491755032327,0.9642857142857143
56.23148509463264,0.49974875256610507,0.35433899109219164,0.3289534722858869,0.05611066515519977,0.9642857142857143
75.16655442047838,0.9351304765952025,0.721971957463668,0.7720676408645797,0.09080401313143038,1.0
67.1391261007414,0.9719108435503263,0.6769788541954863,0.6516841967331405,0.08678678838674696,1.0
57.73750442247861,0.6084931640595738,0.45467487617948543,0.4997869013173,0.07225345392499745,1.0
51.883289110855934,0.9345761343463157,0.5857798787720541,0.5607831565422081,0.061422051029741874,0.9642857142857143
54.72582510012361,0.4837994761348938,0.36109462936665987,0.3211203556109159,0.05039950612399644,1.0
62.92217668489186,0.911496913679397,0.40725045418745875,0.5117743148754135,0.07901530414377644,1.0
69.6085433562056,0.7120941325310378,0.5706726852742025,0.6059586952491547,0.08166512177031168,1.0
69.00690626221999,0.960398230181017,0.5363622860723286,0.6863597015841129,0.0842519514439936,1.0
37.02933175103525,0.850275068774937,0.6519014178935021,0.582346059078711,0.08283898363446883,1.0
74.107920592962,0.8981239413334963,0.7528950712448704,0.7681204802449667,0.0913496735844081,1.0
57.55375971950802,0.27947664257633603,0.21426344108702056,0.18505350479757016,0.06649734236013606,1.0
58.08878217650146,0.606408085358187,0.46721556077255527,0.5238341422829511,0.07421849470148298,1.0
57.89964942619154,0.760531297034478,0.3663475663165388,0.5170031702279992,0.07479302892391827,1.0
70.59375650311168,0.7999722050725131,0.7066620358325805,0.7596980693934493,0.08724580923123147,1.0
60.0983315421347,0.5393382220539785,0.21262130225600476,0.33641823209239496,0.07546243473803553,1.0
63.08549477907177,0.9164014746911794,0.26302066056621093,0.4327827783761709,0.07893671317132561,1.0
53.52232988331446,0.3072687185768708,0.22225157107825275,0.11651159986558102,0.03546356458295044,1.0
64.43799437782644,0.6424858137572664,0.2508781858515276,0.3344375746551474,0.07664517860126059,1.0
67.0826371662768,0.8405537967458209,0.6515677326444271,0.6267835263703865,0.08330569247426153,1.0
57.90639492688468,0.8018685378834088,0.33748333417196236,0.5201016235721813,0.07442898406118557,1.0
65.06942931041215,0.9222614083541961,0.4646284877917818,0.4933501089666595,0.08155730240074184,1.0
69.66569700542082,0.859537733324485,0.5660633739870325,0.6332967689376814,0.08213854671918139,1.0
58.31905880283719,0.5938816383965557,0.36177163575573296,0.37873907266492873,0.07255575521267872,1.0
66.73418390717478,0.9753934153717306,0.5628244258404671,0.724046084776549,0.08380756978541248,1.0
55.66326521232714,0.4735710419915794,0.36830140187047483,0.41110979076805804,0.054958039417598054,1.0
57.77842395623472,0.952093359069368,0.45451638887283413,0.5193852136692451,0.08094635254926372,1.0
74.7074995781755,0.8779779343510202,0.6862520810123833,0.7064537074945091,0.08852446955127566,1.0
53.2362322035362,0.9212280567136133,0.5699066077441625,0.5071154111963665,0.05880832801072729,1.0
58.601439474975976,0.5688570256328961,0.41584025283091225,0.39263424159573346,0.07554380891616837,1.0
63.13619927331776,0.6688633383929996,0.580105247226791,0.6883490403912786,0.08081782496553443,1.0
57.12522051594826,0.8817891599532847,0.4343739336054977,0.4878771401953674,0.07062889991392371,1.0
71.39249345009692,0.9332082815979336,0.4560692562006203,0.3564011170906387,0.08426317575798178,1.0
54.11111409265771,0.8070540850187135,0.553913053076695,0.6178201265297728,0.06734207457233388,1.0
43.64927295650903,0.9670388294386714,0.5530210913371252,0.6550772200420227,0.06767376561897943,1.0
54.04295374942683,0.7021444917004231,0.6080778035683548,0.6540979357262764,0.07656553437302109,1.0
52.85392844810327,0.19377099529556072,0.2546840837653576,0.12791527712519532,0.03496868577322242,1.0
55.57014887699357,0.1804026945110649,0.1849559217591301,0.20867855331093627,0.05082374493120627,0.9642857142857143
57.688148595992374,0.3844142857895051,0.20188185036521442,0.24888179275966446,0.0678567077525082,1.0
63.4583218987787,0.9064585942162667,0.4884431987424124,0.6639738394716513,0.08099943451176758,1.0
56.577971261386324,0.416395647645602,0.18063471293352015,0.23823603756853998,0.06094246255325988,1.0
53.069649639564766,0.8541817686283462,0.32644160902947345,0.2134149028697382,0.04167668494658104,1.0
49.82064814010411,0.9529689238450327,0.5024410374719603,0.4105443755363189,0.051990701298728334,1.0
64.89688503507053,0.48264272615174586,0.3526488415048038,0.45729483330522064,0.07566620851842135,1.0
52.364694082276216,0.3736187390146077,0.23295859426696616,0.18032950005705667,0.034347065218854674,1.0
57.971836014508966,0.8891569669229675,0.41689025584083633,0.3670733276611612,0.07483678998094688,1.0
53.21288746555295,0.8611826305922641,0.38988668983475905,0.3213140787924908,0.04798250507453336,0.9285714285714286
73.16486553523058,0.4828673730685458,0.3590664898638854,0.4823107799798035,0.08413030065269314,1.0
55.50156213550602,0.3789720389773251,0.2653376962778095,0.25033791443907033,0.05352448174433901,0.9642857142857143
64.60712010837429,0.8542729021853412,0.5180966103563373,0.7312797334958985,0.07770280625463191,1.0
54.69943476106588,0.15013603903295666,0.26508874853166675,0.2120280720905428,0.04389129891703412,1.0
61.1038697643964,0.8412442791165774,0.5970094538166026,0.763402398844139,0.08398789801935194,1.0
58.05859619647869,0.3865779022793856,0.21920106667379885,0.257703630493976,0.07180512767241294,1.0
44.04533319111263,0.9405878994073307,0.7007512212409177,0.6447435286139813,0.0867713053395581,1.0
64.06282604005978,0.9738703521310952,0.6517904787046643,0.7260709123489147,0.08656255133546693,1.0
65.00626378141587,0.8783980620834091,0.5236629410403265,0.752777477575141,0.08387055908474672,1.0
33.59268601453736,0.8697142246604432,0.6728069404981785,0.6115361655883949,0.07790472249527995,1.0
55.64278373330972,0.666831786372469,0.45193528920584514,0.4332168741144258,0.06487027945491007,1.0
58.66963088382434,0.4828613389374007,0.3490205058989536,0.40804960578073113,0.07494971259275807,1.0
52.52891660841842,0.6631162128247042,0.43378599883732755,0.5101852749839354,0.04166422867380968,1.0
43.46117178536172,0.9617300909524175,0.5008443014315157,0.5578673197691977,0.0464074756013674,0.9642857142857143
71.0169248026209,0.9521022838478118,0.5658093392661269,0.6357307258721244,0.08805771933527848,1.0
56.13483559934987,0.5503295177061529,0.36570563055218935,0.34904428968216006,0.06398847185789644,1.0
55.2065246665205,0.17739028740463872,0.2571590789194308,0.2185257356606219,0.050636725942424896,0.9642857142857143
58.782260444908026,0.5158649553027208,0.3622441317694164,0.44352469472873984,0.07591533234038815,1.0
56.0257184046347,0.15180168578338918,0.24521099381200342,0.3614153998083098,0.05726663413543219,1.0
51.825523259872696,0.7112805756852939,0.28369970950808565,0.1630438488377467,0.037916571444434305,1.0
71.43764220518507,0.6964142889751221,0.4368188061712897,0.7070691079581646,0.08269159532359283,1.0
54.529283958514114,0.20339806996062412,0.17682841427938456,0.2084417600118027,0.041827376960070786,1.0
64.8512939761714,0.8508985230310189,0.7236058321716381,0.6354065742398212,0.08756393382186232,1.0
58.19817483321308,0.483485639518065,0.3493762236367703,0.41095729595210656,0.07397100716856203,1.0
53.18060360492992,0.22881618460212896,0.24299806508674537,0.1504337736286707,0.03583642582737969,1.0
43.20613750864331,0.9557521479837143,0.5551606918433553,0.5750762320829764,0.04654099595703326,0.9285714285714286
35.40910555118518,0.930799286402214,0.6659789675291228,0.6192568595563459,0.08313960836475599,0.9285714285714286
31.09849198581081,0.8195514577580119,0.6522124096792354,0.6072206910100123,0.07573061328054069,1.0
30.126785191653287,0.8617915490246832,0.6824007074031069,0.6037074533934923,0.07641202235983344,1.0
55.68021909662327,0.5766511346379369,0.3607981842612366,0.3671672405352909,0.05588887816971424,1.0
55.07788005914885,0.7504985648044181,0.20095114267995098,0.12612789273062391,0.053277842621228776,1.0
49.05745762292207,0.9503297644235741,0.48743059734863353,0.44863104005737786,0.04570967901557575,1.0
47.09383963368666,0.7386445810127277,0.44540095106125627,0.6431662706066659,0.046906142810390086,0.9642857142857143
42.63989395115719,0.7815369787475446,0.6549579386376242,0.5718861294765324,0.08180789201286155,1.0
55.77889073240458,0.541530165245137,0.22991115342889176,0.43556735314267186,0.054925630998191755,1.0
52.93533941091085,0.5726786789446654,0.34402152910406697,0.3490419819347621,0.03838398294740211,1.0
64.14099834600029,0.9668126134148396,0.663777809233958,0.7706176793794715,0.08844452765669258,1.0
67.26534366331067,0.7014436640048903,0.40066501708285085,0.7682486393314719,0.0822706364926789,1.0
58.579844842092186,0.8889503071594473,0.3332830253233432,0.18998166975839967,0.07567869415435438,1.0
58.29034015307611,0.2355915417468616,0.20227708204697525,0.19013170796800705,0.06995385803107372,1.0
55.819676668014914,0.7114505992282206,0.3707970500832613,0.5078942521396362,0.06488165860622175,0.9642857142857143
69.79562050609302,0.5289484470357565,0.3956238023682892,0.400014251423314,0.08075276917081466,1.0
37.78844256641251,0.9194643968172768,0.6654902642513163,0.6027591840044081,0.0857071310035605,1.0
52.82671381230721,0.6639577543772575,0.30610086640492873,0.14813835137459,0.038765449273512796,1.0
69.20910843888134,0.8892616360994985,0.3561736829840084,0.691896538103725,0.07969348419338512,1.0
55.15301238480924,0.5499859751235202,0.3570496107260327,0.3586258401729844,0.051789577445220496,0.9642857142857143
68.54407204913792,0.9276722762288396,0.33626252521487787,0.7361916124533807,0.0823662525531107,1.0
46.241871259443336,0.854561190715996,0.5688484217315487,0.6600077951014028,0.050751077098278294,0.9642857142857143
58.03370669704554,0.24482785313028038,0.28529236083964316,0.2531319295861233,0.07012918708973885,1.0
53.030121631684615,0.1563227405024325,0.223588031004613,0.11392995591039755,0.03487994104358748,1.0
52.97626100231425,0.5113660807429412,0.3874560748264438,0.3651813611698535,0.0387806499872038,1.0
62.803340334791876,0.8648548482229431,0.7067104130509585,0.6336891508260128,0.0859349435669012,1.0
64.27106940651866,0.906837686980269,0.5656216271859772,0.7595711489698705,0.08473730778725867,1.0
54.77607087629289,0.3591055748648704,0.17369464431282006,0.15419561496434933,0.04071237218066116,0.9642857142857143
42.566019159012185,0.9652760557379975,0.42293832454184777,0.7244845038695943,0.0748102900575126,1.0
54.51160615700931,0.47302939925002446,0.45658329652533997,0.48551988711949073,0.05532745523720257,0.9642857142857143
67.73175377850814,0.9484254013428546,0.6509257247470336,0.7161521307825273,0.08679547114040456,1.0
66.4088832637594,0.9201606003952738,0.35050879286884395,0.5813264959305243,0.08151947929254418,1.0
55.57588829065174,0.5856351856093448,0.43410969724051257,0.39959578475510976,0.057246522951431025,1.0
53.27111729801931,0.6683344921601617,0.48435955563874183,0.4702886777029378,0.042960868216576964,1.0
53.51710114705253,0.6388217152082785,0.3340536436796694,0.1306576258426491,0.03985473807421146,1.0
56.18006196616332,0.60051329125162,0.25831437859469647,0.33543101848223017,0.06263901422833995,1.0
57.32072954193139,0.8100743361576149,0.5132591359240473,0.5225232817710873,0.07422847878365159,1.0
45.94186834990159,0.8154524621296613,0.47942714499759387,0.5084340197589676,0.045680437005304074,1.0
56.46606023845289,0.9142674792587341,0.40730377513975974,0.5398631800618884,0.06923839299006683,1.0
52.84456476549759,0.25046637189799204,0.5527413543455322,0.534423667444784,0.051941054809644,0.9642857142857143
54.661235855692894,0.3853288980260743,0.2563058579037669,0.15532851032477388,0.04111316744133894,1.0
65.79866870129796,0.9266489391965196,0.31924392580068817,0.7384616938065076,0.08192039194437181,1.0
52.47922251258161,0.6341660329414828,0.3920416019223832,0.43130896269592633,0.03874273205226437,1.0
70.27915085658526,0.8434778023783617,0.3681906255851002,0.75311336498019,0.08652649914061622,1.0
52.68174180789901,0.5709585308763626,0.5550070186198264,0.35496333990927736,0.05106897499907238,1.0
53.088860323056124,0.30939215742997894,0.25295764622257716,0.12121270306924713,0.03551907839251429,1.0
55.11339645204378,0.775761213658701,0.3075355259740365,0.22877144340792305,0.05732658462855553,0.9642857142857143
38.63362876374626,0.7740847653549926,0.6565357147923503,0.6237031526598796,0.07562679057660315,1.0
69.7501252627798,0.943225030891391,0.6584510837509439,0.7376262534631315,0.08795023891357577,1.0
53.78570624793749,0.583713389026252,0.40093160918098875,0.5119867549853725,0.042631674905648655,1.0
39.726038652442924,0.8253161159814361,0.6630255956456302,0.5888529285879158,0.07802854008247173,1.0
54.18238292578657,0.9578389584851513,0.4893024689346275,0.6075860228052221,0.06597592799750453,0.9642857142857143
54.82477259178042,0.6713353347325761,0.5658711908697097,0.3617623235942759,0.060727571975754,0.9642857142857143
52.547450024938456,0.7986194304040021,0.25902273905251877,0.34399603958347585,0.03841081821726149,1.0
49.51937482117935,0.9639032456206521,0.605176320476201,0.6293202350879967,0.07238182374512823,0.9642857142857143
56.46870352797337,0.9133181304287478,0.4327065615107649,0.4265558214184828,0.0673207861139224,1.0
56.46320321163677,0.8089264507875243,0.41455199343645976,0.4944896363460995,0.0648623640480439,1.0
52.4863951389602,0.8531440529263984,0.5538840265916216,0.3935409468388644,0.0514665984443049,1.0
51.22199647644972,0.9312085986932901,0.44412389874149594,0.5072037143868077,0.04546092149293538,1.0
57.892069226377565,0.6564094620995797,0.42155737753031575,0.5339002898794587,0.07220949104507028,1.0
56.129727863028606,0.5389983974803082,0.44735909538756746,0.549963465741498,0.06440396982869843,1.0
54.60245882988907,0.08709370912816608,0.23993662753918268,0.11323089410907652,0.039883232851375995,1.0
54.541795944686,0.11184765887504385,0.2395037684768708,0.21121680432233503,0.04049463294703175,1.0
29.161248514905466,0.9237076018275603,0.6640403671808602,0.6148938084738229,0.07761945770228955,0.8928571428571429
54.52980343474728,0.31514739930440233,0.3508417189067019,0.3146578534361777,0.04907133885063167,0.9642857142857143
65.12773590183872,0.5437054484752204,0.3525967421704523,0.4575090168531514,0.07734778759641549,1.0
56.87021610964545,0.45836062331171956,0.3700096818477884,0.35488246855923594,0.06361353526469128,1.0
55.70916505161916,0.6562742738737013,0.32312318059149736,0.47401000923362435,0.05951487899279449,1.0
40.40973856341567,0.7505344099547366,0.6515141977606953,0.5566142062130784,0.08048766338744275,1.0
68.97282063484529,0.4857631365921178,0.6096942803267746,0.501095650987642,0.08306707741040883,1.0
57.03513796481479,0.44495236147356987,0.36593147388094366,0.3901646410152089,0.06457402594977184,1.0
52.79668209526397,0.786765773822678,0.5110714277306302,0.43614987264801,0.04491855350990992,1.0
55.50968746650078,0.5421785131800531,0.40265785686266425,0.3449271408060652,0.05630375668448909,1.0
53.66554052689673,0.8966155216390089,0.48674628886072013,0.7076954587319154,0.06733778216605754,1.0
66.02951676569432,0.9343195481820356,0.5677367124664865,0.6411407147126927,0.08273366135466478,1.0
55.310028631055616,0.7947527472575517,0.47106011787375207,0.5321964568222471,0.059441708076913735,0.9642857142857143
55.425010632039,0.619883242910626,0.5094163866757996,0.4072337642474273,0.05955067707541415,1.0
53.264295700955174,0.8010384917454813,0.4141498883925692,0.5292694334959336,0.045579220497110697,1.0
56.01432297438853,0.9217911144412421,0.37538450365445586,0.4953490013931713,0.06696596387281958,1.0
69.32333909660746,0.8371290534086482,0.3763344090438236,0.7503281795969217,0.08570732779467516,1.0
56.10510601227753,0.9020363552960886,0.2635549897469198,0.3744549577225309,0.06520476436287982,1.0
48.16383195105123,0.9558422812564441,0.6305502450509692,0.6580109424036925,0.06749391072222381,0.9285714285714286
48.65656012577747,0.9539411878882492,0.45777417319723185,0.5261801819418113,0.05087320706015503,0.9642857142857143
51.21159084129888,0.4943969307837088,0.5586445425230784,0.4201662834787496,0.04297063232310377,0.9642857142857143
57.3091092253747,0.9298727066099928,0.4617849524276124,0.37975037167040737,0.07494864766647806,1.0
52.8925698178967,0.8120016599362035,0.5520434652734674,0.6164576013625608,0.06674540691191005,1.0
57.34430255152527,0.671316989149861,0.22521951892163286,0.36195016665876906,0.06592635869483472,1.0
51.88566649420759,0.7216941854268624,0.4226333946670664,0.0652259740889641,0.03891713090082155,1.0
72.81356459396886,0.9035738871900633,0.409038980690253,0.74475215908206,0.087009781451377,1.0
56.645509391470604,0.9061371772922003,0.3332827935721675,0.08824681744456223,0.06977508563499342,1.0
53.23594459789645,0.6437293383503788,0.18958322419081472,0.12994781646693068,0.03633415783886649,1.0
59.31005971490905,0.8850433793012441,0.6150877601113198,0.6972821016367919,0.0818476000537725,1.0
53.82015307613375,0.9155180031313488,0.48701455328142723,0.7133920620118925,0.06871077177659642,1.0
52.58567697325047,0.8620236057509869,0.41199917644336675,0.5126025085550191,0.04318275110579116,1.0
63.91953579919593,0.9158599181866871,0.2965748528671992,0.3989232862412206,0.07969198512297183,1.0
53.13898351917764,0.7062778215198339,0.34380947940085604,0.4193087927349385,0.0391054547190419,1.0
53.65199987609555,0.4557995259675545,0.5238174832059905,0.4135634446899544,0.04653006753091626,1.0
71.7450446399683,0.8535768940032651,0.6535760960239859,0.7229256197636564,0.08570555952065802,1.0
56.3299574774185,0.9336680525358422,0.5319046118895143,0.6333808157671286,0.07462603547342164,1.0
55.685257689875854,0.4230102488064123,0.5115178178639235,0.5756084795958584,0.06790941525572,1.0
54.06783163564934,0.8227927364330201,0.3818901874324356,0.4589464404595547,0.05023296011014314,1.0
52.096679152770676,0.7779116425670302,0.26870330257239394,0.38473632375154004,0.03976123496256144,1.0
55.184820216577116,0.5582701398266747,0.36057032521732274,0.3626024476281914,0.052444616379657596,0.9642857142857143
53.86332974236745,0.35883626534295254,0.45792606369858346,0.35149373607509476,0.04511850952783242,1.0
57.15577317486054,0.9229429321816889,0.4240357426120044,0.528639254857829,0.07469551773401326,1.0
57.528749237899014,0.8125767291046497,0.4420866468224373,0.49626260555260077,0.07341065274301614,1.0
58.38869806621916,0.7431519217202514,0.4527484128297501,0.5005605029091843,0.07565516987382105,1.0
52.14912314008457,0.4958461704449271,0.5602922577066718,0.4097046203958117,0.048555043882201394,1.0
70.20436126066745,0.8001123132738411,0.3853253040201503,0.6568383200970693,0.08377123601755891,1.0
54.68112409617117,0.6571288039094494,0.46906760945590353,0.3904485410553056,0.055223523901650334,0.9642857142857143
57.24578587879339,0.7718092019678696,0.22798721665765467,0.44195225941235783,0.06769261673894168,1.0
48.524362970892206,0.9538253142376635,0.5446691382370273,0.5643477758496495,0.05245086177630538,0.9642857142857143
55.18324059749514,0.8884456463340037,0.4921363934944323,0.5636540567193904,0.0683947944951914,1.0
49.64593537844494,0.9362568907367758,0.47292626173948066,0.5719496209709771,0.04684741123287516,0.9642857142857143
53.26405743321208,0.8955271662766229,0.4613338389015661,0.48114146606884484,0.05160591189075413,1.0
56.05766060179809,0.9356909576687958,0.4961908763794407,0.4436050469644483,0.06872646695092412,1.0
56.76457880218234,0.8132762459561728,0.45288910910614416,0.43737078427237275,0.06631556437971207,1.0
54.02572584896008,0.954708351486621,0.4646103006748067,0.5486292836603525,0.057745076449285414,1.0
52.088637093190336,0.9116964197921608,0.5588453424257565,0.663862259136006,0.0644463278616407,0.9642857142857143
53.27928056858306,0.5979744560815942,0.5067385317624669,0.4939427286310075,0.0474044816826657,1.0
54.08325720990593,0.7482652288189173,0.44935738930961977,0.45711497599540307,0.04571187557982706,1.0
53.09206582425699,0.9170188794605914,0.5397109531154246,0.5535666136043337,0.05478823755700411,1.0
51.48993222442639,0.7261572150276324,0.5639773310203285,0.4250145321807848,0.04862281376627283,0.9642857142857143
52.31071335643766,0.8810631921667719,0.6098301060498206,0.5647705503015238,0.06482858513362713,1.0
53.823615328047104,0.8206103254299923,0.46688919449099886,0.5123449495901817,0.051821431480060014,1.0
55.0171710765394,0.7596341480820902,0.5780100617927127,0.5052484822491231,0.06679557746997648,0.9642857142857143
54.217780884587825,0.9331392565115263,0.4268387994358161,0.4921070437565641,0.05685142184493677,1.0
51.98575657527609,0.9190290992652038,0.560357631198924,0.6233058445541876,0.06276913014613883,1.0
55.36664909459817,0.8179786498237162,0.5364882179686039,0.5542237977213587,0.06890092787242624,1.0
53.24671706703518,0.9177731575677531,0.5267723355257898,0.6157910597738335,0.05578583910446125,1.0
52.749366968476025,0.3253530094990609,0.23356898434906376,0.24221235117973,0.033835395861787784,1.0
28.89384632177104,0.9689997484227539,0.6807645724548671,0.6425339945403516,0.08502032811712046,0.9285714285714286
52.015582731546445,0.21116094181051728,0.5472060496842958,0.507767799725749,0.04515365328856943,1.0
67.29399446181128,0.8976898982584411,0.6203349696181929,0.7533861137507476,0.08472812842507396,1.0
52.74932917787399,0.3101056207458324,0.36888971258520337,0.10450203481323092,0.03597284685094535,1.0
74.19498371812428,0.9513374550545948,0.7520199033267592,0.7887072198171058,0.09320311958797348,1.0
52.74111681976149,0.9227741390185854,0.41638326825574207,0.300159349248366,0.043980508590400855,1.0
52.17232033728047,0.3896602281687703,0.33928440800348425,0.37835485738176905,0.03660109933589299,1.0
72.25161389525057,0.8130208072124898,0.3674876893627934,0.7410657601193085,0.08687164143327687,1.0
39.81997837258059,0.7904788137416136,0.65509069586487,0.6061804095008316,0.0791037674489032,0.9642857142857143
54.14625565907689,0.6923255287676897,0.21658465480472325,0.17443462103645282,0.043260383483729584,0.9642857142857143
57.58043066468319,0.5627014976138148,0.22873185192013012,0.40327822923306283,0.071392435368141,1.0
64.93307605285023,0.8569885712300762,0.6739118863745496,0.6455495111069733,0.08491339358752312,1.0
48.005881025990355,0.6877239027868606,0.5556557427269885,0.6653568675848868,0.056209337015968606,0.9285714285714286
52.14167929537789,0.7435087821632649,0.35254917850163076,0.24437829225001426,0.04029621368220081,1.0
57.798939999493136,0.6754716765593465,0.4596816385298004,0.4430229767728073,0.07449200255233851,1.0
53.946992302666835,0.6162199114914044,0.4055973641506846,0.3456729053592089,0.044832426311685894,1.0
53.131204004237105,0.8803653571900794,0.35575106871889195,0.11117679940853405,0.044541792942419264,0.9642857142857143
56.83720420583358,0.8251290891939349,0.4670503930999081,0.45478503608809845,0.06830628672807967,1.0
63.13610385480921,0.9225363530184664,0.5096539296138809,0.5480505919698692,0.08091797817889637,1.0
68.850752216206,0.9317190462962341,0.3811757099931771,0.7279695619022168,0.08426846024655149,1.0
55.05236978748054,0.8350874431214086,0.6059989229555993,0.39604421443879534,0.07548680623585088,1.0
54.55268154094628,0.7703403090135115,0.6139828656231865,0.6269936626304938,0.07202353194458821,1.0
53.79318697296515,0.6263342891713851,0.5538148016259689,0.48374332656564994,0.05494706183658553,1.0
56.023109675932744,0.6796873088227338,0.3844651752775678,0.5822261574954968,0.06585759186580543,1.0
47.5469132513802,0.835932728359691,0.4998851594297152,0.6705719737056208,0.055991769816051605,1.0
55.44873896096878,0.8805565486413103,0.43795619009906145,0.4723646955238374,0.06013539821107836,0.9642857142857143
54.7470427842775,0.8159601532229274,0.414747684790878,0.4712541476303739,0.05586738036771427,1.0
47.31467937524111,0.9579118533037654,0.557550794165626,0.6143767806837667,0.05564550131103342,0.9642857142857143
53.0691280929344,0.7548185543434875,0.27289094920715107,0.40725307723610416,0.043766719901970584,1.0
50.18512486647121,0.9768566198052758,0.5707021561343586,0.5736495937613809,0.0559088612020314,0.9642857142857143
54.869716867749275,0.8691807246783559,0.4918964642056835,0.5801473129899272,0.05974344467439259,0.9642857142857143
54.72986721012777,0.7010139461672659,0.3636793902601198,0.3088666627201155,0.05108460296571817,1.0
54.05318388162528,0.9055723376956928,0.6043160591086504,0.6184587603607254,0.07466375144040302,1.0
55.04259625552992,0.6921944879857729,0.47940280376138555,0.5583318722584459,0.05881902183284016,0.9642857142857143
51.44695654136551,0.7414565719959796,0.46041447380222855,0.5713842610913409,0.044124337089931506,0.9642857142857143
54.29391217412589,0.5496155363549805,0.35427151594688605,0.3525276715449416,0.044405738747915986,0.9642857142857143
55.640747782080254,0.807275566563184,0.5234751074300716,0.5016974024261929,0.06761195224481732,1.0
54.73551627860645,0.7053663413119696,0.4742821970893393,0.5518158832960042,0.056630588234971434,0.9642857142857143
52.60465019803987,0.6449999883885069,0.5571382177256193,0.6538278528240589,0.06240343660920455,0.9642857142857143
54.09189274654904,0.8328875090181354,0.4644258158219452,0.5545777416829946,0.057830599643807046,0.9642857142857143
56.46984363582616,0.6653747049003397,0.5150441111856812,0.5529703907206808,0.06879834790850478,1.0
56.6910048856334,0.8872803798075851,0.4351680013987457,0.5092807072103572,0.0689096021671723,1.0
54.18656197370839,0.9141017495182826,0.42743914879842704,0.41476636088102653,0.05535296098779516,0.9642857142857143
52.750945617533304,0.3873273967480768,0.6013601766508404,0.4756983692984219,0.06194977531021614,1.0
55.73115467125198,0.9032777011517412,0.5076146646156234,0.5449757424960703,0.07121224674943138,1.0
55.552437021628634,0.8753293254816288,0.3883151368085648,0.5772396844192473,0.06752721581796038,1.0
56.03793262014723,0.9730611765509111,0.5698071841215856,0.5453352034895989,0.07608734784390091,1.0
53.211196495925975,0.7554438720819526,0.4530913553507851,0.40071436062703647,0.04419254253894584,1.0
56.58954334569013,0.8963501735314345,0.5266817579829746,0.48399618874028805,0.07489675307118733,1.0
57.078382372942244,0.672779083202552,0.4325115264599012,0.5057264190372719,0.06659817720575666,1.0
57.65734964726065,0.7920232597125063,0.5678475944667201,0.5439888780838077,0.07896882295196571,1.0
58.066711256033656,0.9493511446049954,0.49361188064522116,0.5595137353463392,0.07891152125621026,1.0
55.061502202068084,0.6853407548861863,0.5188229788288322,0.6207565348565388,0.061474644967373836,1.0
55.601417393737556,0.8729029810655073,0.546612461692702,0.5204461447056817,0.06841265632447707,1.0
54.11849185699386,0.8311797866006442,0.44440850549873745,0.5046893357727379,0.05564337397957236,1.0
55.44899626515507,0.9275635917095078,0.48643794298416726,0.6831570551694283,0.07182360738676435,1.0
55.638534181873865,0.9616983942270214,0.5241711708164101,0.6188253643628733,0.07704216219189235,1.0
32.03245892827983,0.9128687032263785,0.6894629354271198,0.6642201174767303,0.08339341033352381,0.9642857142857143
30.220983309448044,0.8119470636286653,0.6614103175679168,0.6260362473630952,0.0699715124203202,0.9642857142857143
40.54508388136953,0.7289366336609596,0.6597827590313231,0.5819798498191564,0.07957043038872812,1.0
54.04390457501991,0.41653712669883,0.30403942616484314,0.30973928642906823,0.04367293916300791,1.0
66.31454871658495,0.8354168931546886,0.3638433044160329,0.7625804443329832,0.08132602784532844,1.0
63.660521810969335,0.9679582836774934,0.6608919738177558,0.7703357558328106,0.08723971626649654,1.0
53.47377896126391,0.67742858615562,0.19113349232880744,0.10934326478058082,0.038745535952325647,1.0
52.6233053012046,0.5941623420084976,0.35498783639366027,0.1006791952200323,0.03662729019278667,1.0
37.26473391685216,0.8113876921971871,0.6844663332023545,0.5778665283366521,0.07655497512173,0.9642857142857143
71.69628361493379,0.947002522528508,0.5892662090690864,0.6675416994610814,0.0867607387976436,1.0
57.23648169841372,0.7928639779508808,0.3323816502282079,0.10437496342886071,0.06890383698252764,1.0
65.92199619561475,0.7394206498343532,0.5611400736467546,0.6689327918888834,0.08162232582411993,1.0
69.9198269585962,0.8565137288830783,0.6340223159086308,0.6734227781117486,0.08421976327151978,1.0
74.6559218403027,0.9556304553252162,0.7648483663565222,0.8027303531741709,0.09449368970518088,1.0
54.04818922287647,0.6429636329054176,0.22728206562683947,0.14897875084061538,0.04072682708304114,0.9642857142857143
58.26300190116426,0.6930574390662726,0.21712936276400796,0.1696779737705969,0.07220175486711757,1.0
65.22674747069931,0.5337569139445936,0.3225526061065154,0.7226950894435715,0.07916401154311573,1.0
55.6806772887334,0.8687283878817084,0.3742977607631233,0.23696190059521402,0.06374627325670779,1.0
58.69986428964669,0.4865423216927117,0.34956470269342965,0.3843519283741801,0.07359721461621815,1.0
63.29898940920085,0.8856212434518064,0.4257798502298555,0.4967513253780369,0.07600056431727226,1.0
69.80269606096252,0.8606690639435669,0.35125597197857833,0.7519371477618865,0.08741806260185904,1.0
54.14783784520045,0.686474421049633,0.48115369816869696,0.6277759780243216,0.05836382069208917,1.0
71.88876759930054,0.9389000257753092,0.44081468669568075,0.3584917608425174,0.08462016353566681,1.0
46.08947344531417,0.9576250632886092,0.511954487970449,0.6256499407615694,0.05479872258002216,0.9642857142857143
50.50075227649757,0.8225892461502986,0.5537852835683722,0.5731364183629021,0.048648871234233705,1.0
51.80307984088673,0.31471058236476823,0.552794981633538,0.5813984233122352,0.05143473351556287,1.0
49.45012707960745,0.7942876252570176,0.6334495983715313,0.6566546116542508,0.062405684336747876,0.9642857142857143
57.12939300145216,0.9165169196533396,0.2556349838294295,0.33025030504465586,0.07395293593119298,1.0
46.77175660803064,0.9632903772256425,0.6014669146498834,0.5734781796211148,0.06492980732844585,0.9285714285714286
53.40836536642503,0.41260130449165594,0.601683271645599,0.5577206091244059,0.06513790991471519,0.9642857142857143
51.78795550440987,0.6229591896996354,0.5748860146031762,0.49872596275031544,0.04974340754510868,1.0
56.043360999837546,0.8851765901920123,0.5002171704293095,0.5236728820268653,0.07174184911175296,1.0
45.05042725018449,0.8559356486439722,0.6774836279699947,0.6668889965964429,0.08495190777689876,1.0
47.51596126149744,0.7604015986908585,0.500429965899977,0.6803327588620561,0.05406558982933091,1.0
57.25202725352687,0.9342912586808597,0.4062441030473731,0.6041771634554781,0.07695186402949412,1.0
54.62275676011786,0.9155977642532678,0.429076743858985,0.42626118198751445,0.05617263420158165,0.9642857142857143
55.51493258894467,0.6560827214176597,0.43729397558142885,0.5309654751619031,0.06349040385507804,1.0
53.39747100966903,0.835028396969369,0.6024061528567451,0.3961458399749179,0.06577889847346077,1.0
54.01476334157204,0.5975679063162352,0.4967932257731287,0.4043368346374851,0.05028349568914571,0.9285714285714286
52.03658432254645,0.9068205400053596,0.425934012273077,0.5180041392559893,0.04695689497517775,1.0
52.59438207792548,0.2731604345782483,0.6111498240732907,0.5347372394461621,0.05734024340250459,1.0
51.74702428871378,0.95969614029556,0.49520674021474553,0.5798220298811381,0.05989502893357934,1.0
48.202811862892965,0.9587722138624881,0.5142582802993358,0.578916054691669,0.05082380804233725,0.9285714285714286
53.79221712482533,0.7436177391386432,0.5500542882665126,0.6712395999630753,0.06453374864430213,0.9642857142857143
55.32576059989003,0.5564715141701959,0.33826865635646836,0.365993945370512,0.05178948335579372,0.9642857142857143
56.6402459506767,0.7005674698841959,0.5086400214255937,0.43521209093179075,0.06712280079144527,1.0
55.22361864634784,0.7415631223729588,0.3541322236323512,0.5921198677652871,0.06485253594742763,1.0
67.05580076046567,0.9263718136571063,0.38767878822460833,0.322841348462074,0.08187507868018593,1.0
53.37923485668536,0.6784862618598524,0.5242348640334148,0.701198149882395,0.06741935539894803,1.0
55.03689749149972,0.6795514567754579,0.44972273403086915,0.44158780892031857,0.055998794436637654,1.0
54.478517792121,0.9344072166083883,0.5028305968290079,0.4058074511193523,0.0565636282918739,1.0
55.68905206407395,0.5809051351327409,0.4713746316311497,0.5624995237673115,0.06473243733118199,0.9642857142857143
55.5801401870722,0.8970226095282698,0.48649652097432,0.4731430245790843,0.06759573367229355,1.0
52.5925677434039,0.7018067458590322,0.556498129773504,0.6564351388438205,0.06345470306764767,0.9642857142857143
53.613928809483205,0.8002396032801773,0.44172014372068336,0.41214481154567106,0.04698977795104233,1.0
55.62590683949036,0.9098302351000869,0.5160968248864365,0.3374869810135366,0.06820084553227988,1.0
55.856215911496975,0.5975532585318076,0.44272395530373276,0.4064305190099729,0.05980041966490959,0.9642857142857143
55.12457131615939,0.9006738305411321,0.5486025249892755,0.6564764072141678,0.07291003279772482,1.0
52.988305407637434,0.7728150212347192,0.3972398327291721,0.3225689729184831,0.0418928038821006,1.0
53.01256222261947,0.7687982214773881,0.2025619362654041,0.20724885500584478,0.03948330468813795,1.0
55.73477197062202,0.9540235906987214,0.5049445873124714,0.5518922858291504,0.07539192465046883,1.0
57.28224527689259,0.783710871828912,0.5345466638561237,0.6147199846065827,0.07084856527751436,1.0
45.96150494601275,0.9658448187029867,0.6094789532665893,0.6432743166747574,0.06447802643938802,0.9642857142857143
52.18457832660168,0.7689425002959124,0.578218292590811,0.6250057812812564,0.05632762121951163,1.0
56.27097946132527,0.9146928416736707,0.5193361012678949,0.34345226751950814,0.07253879588406184,1.0
53.5760210165103,0.7922073885150261,0.46028139391915107,0.3248973857581847,0.04655391519906432,0.9642857142857143
53.700435562322696,0.8172449176470018,0.600313433059213,0.6368119509517403,0.07054963842969937,0.9642857142857143
56.001408422391656,0.8914473905391744,0.5860331519764567,0.5580395250151747,0.07402584868777208,1.0
57.000816608728194,0.8100207380800336,0.45135854201984615,0.5111896260575508,0.06995736873600658,1.0
55.00430402034171,0.7212879372822261,0.5006235984109109,0.5031537827975912,0.06541415329795934,1.0
55.8574558163422,0.5416939758024539,0.4069387283320877,0.48680280550128996,0.05767621223448936,1.0
56.54233846836902,0.8110240176990082,0.4008746577243247,0.49453595629546204,0.0650908184492098,1.0
54.009016327025684,0.8825116770276034,0.6128650619453739,0.5689339868117933,0.07194895378503145,1.0
56.591716985866995,0.6654245929154964,0.5156069368183538,0.5530114066354593,0.06946659793414295,1.0
53.70712824067333,0.6020101214544472,0.30399879800544133,0.5277864578278672,0.046238881069417474,1.0
51.54333559728916,0.4589601305659294,0.45169256560584276,0.5550072377423394,0.04623804930630463,0.9642857142857143
52.59788553255474,0.8491211111634412,0.58697782603218,0.651957418663762,0.06941492031109224,1.0
54.10710169318853,0.9095316452033393,0.5553733749807981,0.5899719767661179,0.06774625630248798,0.9642857142857143
55.549705530566264,0.8802168403417365,0.5567674961639903,0.5210554660358616,0.0690673462918393,1.0
55.62057247609759,0.8641911093505757,0.5835602128083867,0.621837788339713,0.07356319538736023,1.0
54.01069461580086,0.8590517361425463,0.4574327197875943,0.43685814161500564,0.05474435879357918,1.0
54.04504762868779,0.8166328026195662,0.5939955678590175,0.6523612940400483,0.07243274038217912,1.0
53.607242568649355,0.838337354624617,0.47137144501585415,0.3434736439631508,0.04834195651310472,1.0
56.531484576604704,0.8245495577122199,0.5070298600311651,0.5156612748940916,0.07164022429661415,1.0
55.24457713069762,0.9160815418292815,0.3998760154903107,0.5505967881617813,0.068363892196659,1.0
55.14546249563837,0.6669212482342176,0.45316360223353247,0.41665615577455983,0.05637747466878022,1.0
55.458084588376366,0.7400607988839332,0.5168597444888923,0.47153322758688565,0.06480768178079209,1.0
56.00959621051916,0.9634867710885194,0.5836638249065491,0.6550805730288446,0.08003818278886389,1.0
55.687489378770245,0.9061993689106986,0.5646808527277752,0.5212005772554679,0.0735199833451228,1.0
54.020998984250504,0.9506903733939054,0.5179869524468392,0.5925052124275291,0.06857338098903659,1.0
56.408274284663165,0.9129343216937524,0.5541300902327411,0.6290339818288881,0.07522875776815599,1.0
53.77867233058656,0.9001153641028083,0.5526443835647915,0.4824643126718913,0.059418880085494515,0.9642857142857143
52.624501456775285,0.8696644560426985,0.6202153777247363,0.5574794230103784,0.0672573231183569,0.9642857142857143
52.60041451189394,0.9594260699902235,0.5637581759436441,0.6504432098207777,0.07304032991683146,1.0
53.62465806079529,0.9090784469465389,0.5513733028336893,0.6191299942464212,0.06788145683253924,0.9642857142857143
53.00324292509014,0.8754093670744044,0.5501736538454131,0.5890637412731019,0.0529796942991186,0.9642857142857143
33.57644215588024,0.8699952789670256,0.6809555422904843,0.6503856381040636,0.08234868831023118,1.0
54.50843226441295,0.808583863780368,0.2789286011078924,0.2568871261569458,0.051237237021110216,1.0
53.415324671889266,0.3820449547496306,0.30344547346707507,0.30198990600465625,0.0366348493934213,1.0
57.17848568452391,0.22321911809685852,0.2656016124964012,0.2240228664232464,0.06175387288718368,1.0
52.78325839998496,0.9101466690469666,0.27529655722511287,0.14776905361165865,0.04163672545883647,1.0
52.04123233374496,0.8100239454337368,0.19087753629401882,0.11963424810476991,0.03807559045165475,0.9642857142857143
58.022784741204525,0.10038817299035556,0.2039884607765249,0.21632586208524635,0.06963258392741091,1.0
71.1751455429212,0.7330567620696222,0.6524451300740197,0.6910642061301211,0.08485518692220718,1.0
51.804697742374834,0.6701266614538498,0.2553433171422933,0.15867481355221008,0.03681758513900475,1.0
58.048660847973245,0.28710172305662657,0.24313668941039265,0.22903066251544227,0.07088429624805036,1.0
54.01582264039416,0.4007246635214392,0.27074802776566087,0.26078516517140565,0.036880656170957135,1.0
58.1491874274849,0.26148860549879277,0.25845277326321364,0.19977010867840722,0.07060308217025918,1.0
67.61183675181461,0.6042161784681267,0.3995107822916624,0.7281304073020828,0.08066869249609059,1.0
56.041666909542805,0.5791063740182093,0.20508450446370616,0.24079236868976217,0.06186187867231029,1.0
53.932983615049125,0.5472405001814803,0.3130007442598818,0.3349580051790436,0.03769803897413603,1.0
56.41185513770144,0.42667053163951835,0.5680740280780628,0.5946643622554069,0.0727661668128442,1.0
68.16966737202173,0.9606719069095616,0.6585946368280388,0.7321420937559092,0.0883481675190754,1.0
56.4449935796857,0.4467631874471505,0.4719933177820342,0.5466041318399769,0.06428487423551482,1.0
52.18263720945521,0.8655009857700657,0.3210021264314162,0.3054312829403973,0.039618664959425585,1.0
70.15449667482942,0.945931129411423,0.582731488646225,0.6690333625097903,0.08523528747284366,1.0
54.12543819410142,0.8206042936465074,0.192827818617636,0.15530014567021827,0.04594222570149459,1.0
64.53879066392103,0.9000328566177018,0.5353448251297074,0.7652955268888847,0.08524493574276083,1.0
54.533055731103666,0.4047801369254942,0.19098520769703786,0.19848290655072515,0.04640746199264414,0.9642857142857143
57.48981395665388,0.5178465126036895,0.5799813261940622,0.5847296226811215,0.07630502124068786,1.0
70.58018783022717,0.930486632616143,0.5008603241477533,0.6646236263768286,0.0850975411522265,1.0
54.29781979892531,0.7824356756542012,0.42501341766056017,0.248860722844438,0.05252465931675317,0.9642857142857143
56.36206164954511,0.6597846531250944,0.4738495564101582,0.5293565526379048,0.06624102532232853,1.0
53.70761923577128,0.8531669100067835,0.29525450071069975,0.2610390512967511,0.049946082109942884,1.0
57.411813214586736,0.9183882755313516,0.3375413209075614,0.1067785685202575,0.07039937013906844,1.0
48.22789967159842,0.9198964261035854,0.5601335182587032,0.5877074791346133,0.05099427045132021,0.9285714285714286
52.962513095508854,0.9011169900391974,0.5068134023446971,0.6344512972080169,0.04794041937672206,1.0
53.52119064663416,0.9545318711614392,0.3942062256013136,0.6058771089390655,0.05873565217014993,1.0
54.137729194606756,0.6582061805826109,0.3151623807726069,0.1303369046955438,0.044811531654532374,0.9642857142857143
51.8597801542363,0.9434197560303945,0.4131842875835601,0.4733068513900461,0.04098231403205589,1.0
55.48653129007731,0.6868135779455903,0.21735433110015623,0.13973660342692443,0.052599664689229365,0.9642857142857143
52.32399113528826,0.8831685397630731,0.4165063952026463,0.490322596876312,0.04238712483756869,1.0
44.33096994464336,0.9604704832616442,0.5539186916416919,0.5764492057760625,0.05367471171954948,0.9285714285714286
57.06942319824456,0.9565957266717727,0.5136856257085561,0.5610953963607698,0.08030312852554877,1.0
53.90185001471077,0.7086707488201032,0.4732219651573966,0.3604554652389198,0.046760037760705364,1.0
63.13576891845524,0.91152810828287,0.3622074064669795,0.44968923888582957,0.07933622902178727,1.0
49.91809390088764,0.9256455527008954,0.6065028577125533,0.6524558046481284,0.06668492373399651,0.9642857142857143
52.5710881086652,0.6146848599034481,0.3645298087580784,0.3935257599435692,0.03967525936719262,1.0
54.081146174452414,0.48045493608254325,0.5087807440208093,0.5895061025320668,0.055789302963005265,0.9642857142857143
57.60753290306175,0.3946973570859954,0.5232421312209357,0.5875816614984805,0.07497174713461983,1.0
63.674249412163405,0.9710223363255666,0.547024228102209,0.7517026052975256,0.0850564551670219,1.0
53.06057616459876,0.8194199780693435,0.41960804953206277,0.3911927498559919,0.042993489193852555,1.0
53.13223026712391,0.4527343332403452,0.5528430572114652,0.37865967939785705,0.04631918108154067,1.0
62.10696543684239,0.8232012500348395,0.6513573131349158,0.6320252983189597,0.08287927139205321,1.0
54.3829435414826,0.536165763991031,0.6000379098378931,0.48565741136678364,0.07098890446034854,1.0
57.7245466587092,0.4723012473027737,0.40200003553044045,0.362354118920507,0.0680993621144173,1.0
69.598027770286,0.927170264089947,0.6182256914433997,0.700717322344311,0.0867016611769602,1.0
56.213415487030574,0.5426109874875331,0.4496867336651245,0.5533749073774045,0.06509731517116207,1.0
48.06645658793084,0.7940601502057849,0.5493672082690517,0.6716392408891113,0.055339093945991985,0.9285714285714286
69.72295621390202,0.968483836336779,0.581717190158362,0.66564448069526,0.08593569407353045,1.0
55.40530443287647,0.8137882811089792,0.4805949233517277,0.5111424388131477,0.06428881028288337,1.0
63.199547276524385,0.9574075337070832,0.5186209301385011,0.6411999698979459,0.08160986827440567,1.0
51.37267389768284,0.8017997344098983,0.5843959478482076,0.5382000594938341,0.05198562229030899,1.0
54.04119355487422,0.9151246204455195,0.5284817318026083,0.5372190556961804,0.061927315228655376,1.0
53.20443825151034,0.6769469384675811,0.5093865005763141,0.43625159917878076,0.04645697887879047,1.0
55.56144900309088,0.455796752462319,0.5043421376431254,0.4978586620340659,0.06638924059431431,0.9642857142857143
53.05009991152789,0.9165006126482763,0.3451576914986471,0.2534390260709895,0.04494331506450227,1.0
56.27863865336963,0.7829285357343931,0.49397991849385353,0.5526427016701655,0.06849101687245829,1.0
53.645172500933626,0.4728098792127186,0.5550469414752464,0.5038616757346884,0.05979701822454314,0.9642857142857143
53.19100073488597,0.9575204850035681,0.5196124484594781,0.5719278947875271,0.06078247705323317,0.9642857142857143
51.68072208509874,0.8861485485536829,0.6140719285375247,0.4673679228875854,0.06384979672154416,1.0
47.205002109002294,0.9553427319126482,0.5208766704715226,0.65917564913502,0.06350210447016383,1.0
53.687521592458104,0.7770061570052748,0.45767321675844463,0.5115568201219552,0.04739860468179678,0.9642857142857143
56.15173492542009,0.8521694822582455,0.40040471410650996,0.5008473666857204,0.06576902322903237,1.0
54.96056110171723,0.9748321318443328,0.5776818492287747,0.5938765275613407,0.06995074793086074,1.0
54.90235124116272,0.7306695426982763,0.5584620297524455,0.6417601137963683,0.0702296370566515,1.0
53.732545910596734,0.9146538466967505,0.5099754186239561,0.6028337061687686,0.05671220092596958,1.0
51.33562210696096,0.7834920228657932,0.5529124725566016,0.5820195151479127,0.050246773893057005,1.0
55.06661386715403,0.7093602948828265,0.5419787568518047,0.5586899985636886,0.06797510686728457,1.0
53.0512877778104,0.8958987833458423,0.45813503834095637,0.6724422065644768,0.06348931240650324,0.9642857142857143
55.61382412704337,0.8344090944968985,0.4460075061487949,0.6355255953882222,0.06866425807299731,1.0
56.775432501300536,0.7975814756044407,0.45434166396951087,0.48578883245051974,0.06603712966066871,1.0
58.043832942850514,0.6886967596327851,0.46155091928876346,0.37320787628969454,0.07444118591034724,1.0
52.87259434301251,0.8300851217855771,0.6066401712719535,0.6503882200645663,0.07581405094426447,0.9642857142857143
50.12319387087426,0.9517786263294089,0.5511787303745634,0.6638945530200705,0.07273920228100704,0.9642857142857143
54.039769467339006,0.8993226384715894,0.584795157845738,0.6118078551473445,0.06856809437247174,1.0
53.485863537552795,0.9516916902740785,0.5909939290727081,0.6149714695086113,0.05983914989880404,0.9285714285714286
49.039496973656355,0.955569633540503,0.5074523413973312,0.627039878515139,0.05989345814324362,0.9642857142857143
57.27011623126586,0.8810187649968099,0.4630615917226153,0.5980488569690573,0.0748948004185157,1.0
53.07970789987532,0.9522541637124589,0.4254893775249958,0.5106921261881383,0.04804303537407834,0.9642857142857143
51.764583148486906,0.9585721937119581,0.5815619035921001,0.6051404888367522,0.06573756037152005,0.9642857142857143
56.16378849850822,0.6817224407930412,0.5582699840245581,0.5503607080187902,0.07350171185951497,1.0
51.85027586327364,0.42988486001134313,0.6013046639362135,0.5559992528883688,0.056806337868699826,1.0
58.16240024697461,0.8986222018104776,0.47796607620219045,0.5254739552236173,0.07619009784393989,1.0
52.53745091282924,0.9253400367364139,0.6232657555129073,0.6572960153452849,0.07977725936716945,0.9642857142857143
57.672882178378515,0.9339466420470269,0.5090744563453089,0.5118381430623562,0.07575272935445637,1.0
52.481973403892276,0.9222718279655269,0.36685739008845375,0.42091058068098325,0.04420184499764253,1.0
53.56548444812776,0.8744938484082125,0.47736676816964596,0.5600620422118324,0.05377888203274626,1.0
46.59207813625798,0.9308323231701741,0.5592232670615136,0.6803613462692444,0.051846779294235805,0.9642857142857143
54.6467955483296,0.801704409497042,0.504636927697832,0.4576633982606085,0.061361981333973886,0.9642857142857143
56.96915342527702,0.9094147494492949,0.5599318615021566,0.5807269347451194,0.07761312578561594,1.0
54.8006605680969,0.760857907727354,0.5190324353701802,0.5083259738374223,0.05689220855532153,1.0
54.19686577555306,0.8403483298705982,0.4325759776557303,0.36669089646050373,0.05080465807627147,0.9285714285714286
55.37283048983044,0.9739683329427486,0.5793021018654384,0.6064031686763331,0.07113337080205259,1.0
55.178212484746226,0.9318139803437478,0.45068619777453967,0.4603756882422312,0.06877094510342197,1.0
55.046061182768184,0.8136152234128654,0.39999802135564066,0.5226472829602267,0.05982546423972465,1.0
55.06124325099305,0.9657630166484399,0.5793948804948529,0.6565632128916176,0.07435992165892609,1.0
56.02153785427284,0.8358352414778865,0.5403559125455711,0.6133894731723283,0.07104467148464998,1.0
52.535912822794266,0.9136181408584159,0.5165676110169394,0.6679083580695961,0.05628323234476275,1.0
56.56109917288839,0.9117383726522458,0.47301813303295265,0.6322340213384549,0.07087902086758095,1.0
56.77636092152675,0.7093095793067451,0.552814009073549,0.5202855428849683,0.07459768866204611,1.0
54.801186407955974,0.8714164477706223,0.6114406931380088,0.5639745781067246,0.07503236503985833,1.0
53.218842153621445,0.9164193094117628,0.5515413467977966,0.6585577014038313,0.07053867855616411,1.0
57.47569679165534,0.9389817822082256,0.5739456233998134,0.630295743725767,0.07897341035123967,1.0
57.14531852404583,0.8001317024141862,0.43025045190783084,0.5635458437205976,0.07239021260474933,1.0
53.23813122731631,0.7286573054983341,0.4587102584526967,0.4671819345507832,0.04423590554657719,1.0
55.002958007933145,0.9088074495476625,0.4418850009918748,0.5197005596633207,0.0684260743412082,1.0
57.43105917678679,0.7978137243582748,0.5617244999652535,0.5069615245211467,0.07767122089467784,1.0
53.71783390208169,0.8872666659383307,0.4230115483803975,0.5035478493298587,0.05191870000845227,1.0
56.11058003188608,0.7093451496177378,0.5623494778799801,0.5072809405010047,0.07086944612575805,1.0
51.32580527569087,0.6945393832457808,0.513669380617551,0.7016497154390199,0.05682537830668368,0.9285714285714286
49.26997463679116,0.9506321710064283,0.611418471443493,0.617884803971895,0.0669755064029644,1.0
53.550637445911825,0.8684127402912838,0.552450952868126,0.3579186170942617,0.054877603917081845,1.0
40.75056735879794,0.819072709892611,0.7197998369693673,0.6601487091432869,0.08698947106295764,1.0
38.83087455322181,0.8253442441338016,0.6623397613606574,0.6159328109596458,0.08042276932957425,1.0
55.84253013282959,0.65144689653841,0.20545401603754487,0.15045104458469302,0.056661937050168316,1.0
52.52567311223485,0.8082894309593749,0.33527632933640583,0.3256443950361344,0.04146100582439194,1.0
40.67284906124409,0.9678347828113802,0.6000351259724673,0.6329674019893606,0.06039266877122889,0.9642857142857143
56.46225439201854,0.720415097043703,0.28210792340152624,0.24525564893190213,0.06217368254872181,1.0
56.328570392196305,0.40240601857461805,0.30556856835585267,0.42751736578597344,0.06189358782969587,0.9642857142857143
73.38388908600835,0.5510167251357054,0.39901514042675046,0.513256816825644,0.08529946607532567,1.0
53.59586832538657,0.6386993769089904,0.2706747759672471,0.16454952320570448,0.03876028111269185,0.9642857142857143
58.01607572689809,0.21230114942169784,0.2651020839832538,0.37998832191610743,0.07130789174293509,0.9642857142857143
49.30026853511058,0.8066245358381743,0.6994905807921205,0.6633140454520946,0.08497865676819158,0.9642857142857143
57.96257781367174,0.9092696028495252,0.3371746515353195,0.13363848195790382,0.0735499106635888,1.0
49.208494434230566,0.8979212359571614,0.46368492693496494,0.7040040237581457,0.05827469772393537,1.0
56.64643452194238,0.8845825266233968,0.23180615831966536,0.14107541044152586,0.06511926862338836,1.0
55.87041059239931,0.8979985358703382,0.34676773844674846,0.27190874925490016,0.06385875410650937,1.0
65.50503401449933,0.9607107780979459,0.4761680117599909,0.6767984089665747,0.08293461733889286,1.0
53.48557736415587,0.5473811839566228,0.3135296063993693,0.3507778573663238,0.03779737742662273,1.0
52.79545465328355,0.8336716777215887,0.3225016975537733,0.21222372658682828,0.04020573889323646,1.0
54.52095646756864,0.2848484605936668,0.2709939368834826,0.22494191931667662,0.04458858090383772,1.0
52.35518416899597,0.6285751448343291,0.49321259411123536,0.5287801135564031,0.04582710836349633,1.0
50.685492543100615,0.9519408941700777,0.555856123639465,0.6009325447252205,0.06273287478279047,1.0
55.284390648186566,0.5010103283859773,0.40192728823206164,0.3770214164114315,0.053523471329432665,1.0
54.141950333465964,0.765246467261187,0.3080883031084897,0.3741340261747178,0.04877783077736335,1.0
44.876341986549654,0.9600125369796623,0.6014561349971504,0.6283489893732118,0.06176199655842128,0.9642857142857143
57.67484362507684,0.7529087719009482,0.21367612249998336,0.4482199218759615,0.07247507562488627,1.0
53.11634088992947,0.45742097737028226,0.569261841728742,0.6070581819585528,0.05700924753557608,1.0
51.12357580179394,0.6866309958675014,0.281621083342704,0.29243555392217935,0.03657161929751721,1.0
55.71089908885817,0.5584894791874312,0.4801697667801361,0.6025114282678252,0.06871117604628872,0.9642857142857143
55.26262974663138,0.4609582702728503,0.45679696284542354,0.45670540024404777,0.05751889396902248,1.0
53.19756204486672,0.6459608840440211,0.4178603777496891,0.5154121716820491,0.04128009474418317,1.0
54.12324067840153,0.807677137840559,0.234192913423017,0.136468784819986,0.04642719943842162,0.9642857142857143
58.504535261964946,0.5878601265494577,0.5035126591289736,0.49949263057407745,0.07682465312284752,1.0
52.64098181046328,0.9522158725913643,0.6407713715016768,0.6249776347824292,0.07935469296142202,1.0
52.259532907133206,0.5309679497242148,0.45179510793016137,0.5051163528932987,0.04393243917008724,0.9642857142857143
54.657043878222446,0.15624857633066802,0.175867942652637,0.22963300105865403,0.04046505825159979,1.0
49.40353121364331,0.6163890613491206,0.5941339903908138,0.650303443788891,0.05390431434554171,1.0
54.513631061002975,0.7185155148871282,0.21358448730262694,0.12074387315095263,0.041994581270153084,1.0
54.965524706838714,0.8195428874546761,0.40703880084577776,0.3781932802970656,0.053358129143423846,1.0
56.34035738917647,0.6947392509621969,0.5741991494253076,0.4127165549905838,0.06877264247538076,1.0
52.888432766968066,0.9067765559733604,0.4194860069133407,0.39316282953667653,0.04574913389825654,1.0
56.3497652671646,0.5029522686619398,0.41650122027103176,0.33157774067530255,0.06370220779348952,1.0
54.003980520297844,0.6429940591052974,0.4100900647001312,0.5249189029082877,0.05119954252149788,1.0
52.06218098974692,0.8212229181172724,0.46045176960346995,0.38528136946357966,0.04257590003571454,1.0
52.6109017278731,0.8654140114681917,0.32614134831263686,0.2919341972143273,0.041856009695076545,1.0
57.17037486847412,0.492921191226029,0.3810427913281759,0.39701490445058796,0.06560286602430887,1.0
50.98111521957018,0.8963919190297815,0.5220726498259947,0.7064318051002516,0.05873409990746345,0.9285714285714286
51.75507118225122,0.8507937940759136,0.52008734136156,0.4093057123498535,0.045385595581370196,0.9642857142857143
68.04342337533653,0.9615887093660666,0.650686365947617,0.5944771927935253,0.08640733632061198,1.0
50.60060353348045,0.914471924324294,0.6088803382674637,0.6680279306521093,0.0675632676943362,0.9642857142857143
56.82048258905563,0.8486142736178154,0.3981822108502246,0.47638287436065907,0.06455328283030869,1.0
57.88859783183077,0.5450446639691143,0.42153345941781745,0.5378637020153935,0.07168227601721579,1.0
56.46852203533046,0.8208365645873879,0.4833811172147938,0.465204236386351,0.0674913673466566,1.0
50.578655417066166,0.7315905883472029,0.5760317624505252,0.6321488107290879,0.05396568839879511,1.0
57.82940731328261,0.7644782882316489,0.5216958292118755,0.556894228663323,0.07656656331745888,1.0
53.64038315578609,0.5853237063099265,0.4356275389892936,0.3917501270652446,0.04061858054825296,1.0
55.34651453443999,0.8808123819160923,0.40158387887525954,0.6234411441531803,0.06994421744765825,0.9642857142857143
53.869754983083965,0.8759459040092209,0.5198550040742705,0.5746953952304664,0.05451894627863701,1.0
51.87017003742922,0.5635232074939034,0.5850033514903423,0.700288652043756,0.0676013502431484,0.9642857142857143
64.39403993741769,0.91637991672973,0.5214376540402972,0.7653484794586598,0.0824802161557554,1.0
53.97470841735571,0.9527331231942375,0.6124097267257883,0.568210924575997,0.07444667666506263,1.0
55.30561233157632,0.7051862894837154,0.43055478143386355,0.4443863198331927,0.05729250272143424,1.0
54.066865282300064,0.9181807373992625,0.5717204290830062,0.5108657170626327,0.06691167297702344,0.9642857142857143
54.64992930654745,0.93709841409047,0.4306011629116898,0.6122579359332077,0.06288330547660184,0.9642857142857143
51.677168647391376,0.40478928188374214,0.6676670628958074,0.4209383112943621,0.0668360432265989,1.0
68.84963745182746,0.9217276902567945,0.46194275784115374,0.5865316039142402,0.08364208155021163,1.0
54.66249831395735,0.7521665759776641,0.5618994248445648,0.5913213655558286,0.06534978634813621,0.9285714285714286
52.20563199159273,0.4062332414204722,0.6051193382307022,0.4683566443798044,0.06234079151727371,1.0
54.80378536597931,0.904758999949366,0.5054838415927247,0.45545085813624625,0.06389344628792061,0.9642857142857143
52.3323145656487,0.6274317819671621,0.6034591317848212,0.46801310716914923,0.0634299619892757,1.0
57.8927065680125,0.6312857216394048,0.463802957773145,0.5175437303064315,0.07397340740068248,1.0
54.565090680167216,0.7521151760810312,0.47538760363545235,0.5605737129451126,0.05794950728969348,1.0
55.18179756252044,0.7523074154903145,0.4822450757323284,0.6363842967777541,0.06905153142808372,1.0
53.8428864222921,0.757406837439052,0.5540947331099543,0.6559868112775976,0.06598552216498428,0.9285714285714286
54.45380141985666,0.7001448073336807,0.4572185860147477,0.5374991564291258,0.055006199148683085,1.0
56.05696933740923,0.9464805267766683,0.6431389199407945,0.6490023815292396,0.07683547348261392,1.0
55.60871957134535,0.4687517621855332,0.4947921062065955,0.46485962190512087,0.06394541980314135,1.0
55.60316468829934,0.6614804899089325,0.3878716633400482,0.39554086897204677,0.06072285520087724,0.9642857142857143
56.8700191763891,0.8844531916573948,0.5585014551411928,0.5773202369783226,0.0765073883636388,1.0
54.07658843900435,0.9561240024751759,0.4375871144361965,0.5572926556588904,0.05866339675864593,1.0
55.00769638327829,0.8213899575468186,0.4403861494259839,0.37549338877430477,0.058180225840906846,1.0
54.62765935783804,0.7274209744754633,0.43711085247133996,0.5238200168730751,0.05255871388934291,0.9642857142857143
55.22990206971523,0.8672506188319188,0.5369631144780351,0.6163570531111082,0.07044351236224203,0.9642857142857143
54.8468864452366,0.9323642454137339,0.47847236436170854,0.5361583232111481,0.05795534525491982,1.0
54.71077577602128,0.8798712438686341,0.5710690586945667,0.49854775856177164,0.06887346609000895,1.0
50.660702523666444,0.8770847784775585,0.5586756819839332,0.6545244833619551,0.05775813596562693,1.0
49.18021358511374,0.8192311237427929,0.6140791112027744,0.6514380999274325,0.06369822559343534,1.0
53.52409548345396,0.6509798072612405,0.4527609427240463,0.6039804686423508,0.05556923957632024,0.9642857142857143
57.58887702919843,0.7151945558596685,0.5697462468660015,0.653738866120951,0.07964728367099541,1.0
51.94251330084457,0.7321941705465499,0.5147587133538096,0.6696235868705056,0.05162876689924941,1.0
57.662099791175244,0.6570475010449723,0.42242602977441296,0.5606851970753672,0.0734520055028291,1.0
70.00895611972544,0.8461129434528807,0.359806999322192,0.7164217921530902,0.08496283669016677,1.0
54.55916497734825,0.40731468366261675,0.6179871592970655,0.5718663866809235,0.06944646957604854,1.0
56.27899915159049,0.8299932654402339,0.46036362357938676,0.5610566942499876,0.06968500653148171,1.0
51.803774468935735,0.9040653772418531,0.5503711991550811,0.46015889527549264,0.05226989151253297,1.0
54.96046889063,0.8245072930121637,0.5766023784857649,0.5028484429912188,0.06393530429492024,0.9642857142857143
51.0272866127516,0.9030877715045883,0.6194420049902519,0.6025725522790364,0.05454546302439435,0.9642857142857143
53.72226343837041,0.9006577839079639,0.20139846768731418,0.37338844920091285,0.05198326758812656,1.0
53.70019516361405,0.8028846856584677,0.4153059015224092,0.5093948447980395,0.04882744457644258,1.0
53.77285425139624,0.8903794312883536,0.6073076421811874,0.4815141803060288,0.0680467096680293,1.0
47.21791146342074,0.8718743174834578,0.5976726093357608,0.6611550402577633,0.055242622093780995,0.8928571428571429
53.402428959778405,0.459098529015653,0.540467757246241,0.5737428130808134,0.05024500341387175,1.0
54.058292329655764,0.7627715903652597,0.3074516645158443,0.4007402394817154,0.04946273921235672,1.0
53.994813831495854,0.6753099906593132,0.3360253319753088,0.4183874155324384,0.04387136951229913,1.0
55.673543442001126,0.7617966570767456,0.40673605374625776,0.48732361843915784,0.06216585540597714,1.0
52.038457548858524,0.9151214764963567,0.59503910054709,0.5095858094661182,0.05547682568776778,1.0
53.979501139227274,0.9571351444052738,0.5830914025032651,0.5765229550276315,0.06847531763829386,1.0
55.925303929928454,0.9078260622890088,0.4886263211440958,0.5767254513832404,0.06986527546386126,1.0
54.63307139545035,0.9348710315987426,0.5481170908370447,0.6516755514812265,0.06496717993215317,1.0
51.962539067338575,0.8749454753007134,0.5654788862932524,0.4853530034277382,0.05162694017020606,1.0
56.728255906533114,0.858253174009318,0.5505348408614992,0.6109905716686967,0.07709804295238065,1.0
52.40522364711136,0.89898957222643,0.6153924672270924,0.6142496170003676,0.07168528919614277,1.0
55.55666480505442,0.8341891053537229,0.46476909681850953,0.5355975025573907,0.06506141671325895,0.9642857142857143
55.593919390687766,0.8241987846696954,0.40000729171731153,0.4248757479340525,0.06145414894718047,0.9642857142857143
52.597536982442854,0.7072883722025628,0.5129295013264019,0.5497115970313192,0.04629571555712212,1.0
54.245942705167586,0.9094252173089626,0.5378687699016694,0.5786100210043156,0.062376483648378236,1.0
56.54626080768136,0.9587833593352965,0.56033228139939,0.5944301295932084,0.08136255563743511,1.0
55.562549819921976,0.7888511352785152,0.47671241037662576,0.5833068322230078,0.0665032482972356,0.9642857142857143
54.89162818648414,0.8365463739334011,0.6062962711828237,0.4084479162238266,0.07334833766397149,0.9642857142857143
53.845584222516685,0.9199467437853099,0.6031195537170974,0.63925749771934,0.07394999174872428,1.0
55.76519292439611,0.7665387835596096,0.5850513610818123,0.5962552895544586,0.06962197463236744,1.0
54.11678772809255,0.8695737435638704,0.5607157501890387,0.5584672942434337,0.06090435704193743,1.0
