hydropower,atomicpowerplant,baltimore,chester,environment,recreation
-40.342393592997595,-0.7352589262586511,-0.7573064679260482,-0.8189201539004606,0.33371627807020116,-0.9285714285714286
-35.642024231240256,-0.7303303617924595,-0.8271444126947276,-0.8150429692906906,0.3520729016090404,-1.0
-39.37033061200801,-0.9663973641299338,-0.6855806718303052,-0.6934229950999499,0.30784788559804344,-0.9642857142857143
-43.50324506604753,-0.6532768495603943,-0.8205591865079234,-0.50832147245825,0.2660363067560899,-1.0
-29.584142088536513,-0.8029726564236954,-0.6565755603862375,-0.8623173286975437,0.33000247849518344,-1.0
-55.57864833945542,-0.8823323343185465,-0.49111555447171357,-0.8272332095189322,0.16065231869088437,-1.0
-54.93129474752872,-0.8893259484873784,-0.5762071679462203,-0.8252312316205801,0.1667898213416989,-1.0
-34.31984473674691,-0.9682334301084108,-0.8012457292277273,-0.836931967858509,0.3196118846960179,-0.8571428571428572
-8.03422018662316,-0.6841514185666829,-0.6359123226212241,-0.5235934486736242,0.45214176188755173,-1.0
-42.53443105327513,-0.9629080998017671,-0.8283391877593389,-0.7366041209021285,0.27316820159811944,-0.9642857142857143
-45.65760902434114,-0.958318357466448,-0.2764085791921859,-0.8531357638576389,0.23816679826945322,-0.9285714285714286
-32.1246241601178,-0.9277176193758792,-0.7820881245402994,-0.7789089988165359,0.25396638839440255,-1.0
-48.62975601157745,-0.9550302360369001,-0.5651833783640254,-0.8274740027026353,0.21010874532225424,-0.8571428571428572
-43.0079850938441,-0.9649035370455322,-0.8251950753864449,-0.6575286670322397,0.280200144437251,-0.8571428571428572
-37.14009032049127,-0.9204638224981024,-0.7644915246909624,-0.8358391937630123,0.3590623538375157,-0.8928571428571429
-29.218014314980298,-0.6554669614140304,-0.8582437807351201,-0.8507932956124331,0.3429254824956417,-0.9642857142857143
-36.54070450536236,-0.929311030254385,-0.8396341878157672,-0.8413896131061559,0.3623375418267373,-0.9642857142857143
-37.036423298383625,-0.9581943441169919,-0.8705647227234978,-0.8052508838051963,0.28153599807634816,-0.8928571428571429
-34.40912154660967,-0.5631786476185857,-0.7814249104097648,-0.8665774636194167,0.33151431498149564,-1.0
-31.537657108587258,-0.9640010024097428,-0.8966547851968278,-0.7344361155634782,0.35397491472700654,-0.8928571428571429
-40.6761412890717,-0.29730711485053557,-0.7729787001857277,-0.8922655071579196,0.3219870347906154,-1.0
-50.127047665131656,-0.9244991236054608,-0.8225732218722132,-0.7252874429531346,0.20959112783359798,-1.0
-48.956521143841435,-0.7782750112755021,-0.7885212919974018,-0.5555575292888731,0.2774411247450894,-0.9642857142857143
-43.75417808662496,-0.9711554189780743,-0.2688059302921464,-0.8058499113299046,0.30171961869713493,-1.0
-47.15607497371403,-0.9772062903836901,-0.47406814249447043,-0.7864660381271593,0.2658663242411922,-0.8928571428571429
-33.58327066463889,-0.986656350516138,-0.8943537644332966,-0.7502255165683201,0.3313034436025942,-0.9285714285714286
-37.538099629082865,-0.9702414235084135,-0.5167706648039526,-0.7295340497455577,0.33756552176520904,-1.0
-44.49589408870017,-0.6070393002952962,-0.7145816205462486,-0.7017188204600369,0.3083053287884494,-0.9642857142857143
-23.7665832422656,-0.9861605418266649,-0.8909923385218086,-0.7489351967157359,0.3468110565864794,-0.9642857142857143
-35.03710846162968,-0.9559003923344961,-0.7627724421454607,-0.6810588655598433,0.35287090325623094,-0.8571428571428572
-50.80519815113018,-0.6520936530280732,-0.54983089027972,-0.8115134597225371,0.2515131885857722,-0.9642857142857143
-47.552063538542704,-0.911317976694084,-0.45177139638893155,-0.5177675727250846,0.26945009855625346,-0.9642857142857143
-29.100847343765576,-0.07331118795517783,-0.9008645058228929,-0.3180708435827503,0.35814684893869275,-0.9642857142857143
-31.43702100147554,-0.9627355421689405,-0.8966621044800581,-0.8221960815514414,0.3589699054391492,-0.8928571428571429
-50.69725849526219,-0.7451407592524998,-0.8773227322482368,-0.7700618246899884,0.22424850047240338,-0.8571428571428572
-36.78945425278164,-0.3197586249789621,-0.8118503894413542,-0.8583908632829705,0.3560117636494595,-1.0
-19.217445200586962,-0.6739755112056083,-0.7031752087863262,-0.8935708318097466,0.42689546593865774,-1.0
-57.093032206371255,-0.9177672543653959,-0.616711122019253,-0.8576016132206092,0.15114331250743576,-0.9642857142857143
-7.276680435108516,-0.9734704619599884,-0.053062645390659864,-0.9074215267269145,0.4175676778770541,-1.0
-43.4473144603638,-0.9650421638742974,-0.8292757305124664,-0.4441737444233547,0.264245301648408,-0.9285714285714286
-49.36098525762865,-0.9421545594281154,-0.31850595441569707,-0.9026978650267873,0.24204715599753446,-0.9285714285714286
-32.34147427147724,-0.9300219486761533,-0.6952444595802941,-0.8104694958104851,0.23917035854705918,-1.0
-36.178361772218246,-0.9554120250891464,-0.4499527024558517,-0.836109923958566,0.35379508942143717,-0.9285714285714286
-49.25270008806204,-0.768195314836867,-0.7902204123957449,-0.4431870433960316,0.25938324259955453,-0.9642857142857143
-7.022468581579691,-0.976251375168525,-0.14324942802591228,-0.9098477730613957,0.41694997770763753,-0.9285714285714286
-6.471733324508561,-0.45875957588711536,-0.8634567347868556,-0.7633141073856944,0.4568803870440276,-0.9642857142857143
-56.5658908546979,-0.8120233494555198,-0.7380123464726057,-0.8118501965801238,0.15056105669490313,-1.0
-44.51890442295838,-0.9732193570086521,-0.8309685156290265,-0.37580644831843935,0.2580752270034246,-0.9642857142857143
-51.84132719634192,-0.9198558038964064,-0.6264860207305666,-0.8068751982392526,0.20686587370267906,-0.8928571428571429
-38.201013088982805,-0.9294385140780389,-0.8377882563562651,-0.9024491869684964,0.27032433402900174,-0.9285714285714286
-6.286887223678828,-0.9848941051053478,-0.8515483610959942,-0.39476044356266093,0.45699034224058804,-0.9642857142857143
-47.58020807380463,-0.8389113766736419,-0.5124495655512147,-0.7596692635823481,0.2689933286827813,-1.0
-19.44736188700614,-0.6231489892570864,-0.8323648434884666,-0.873494807966573,0.395599863608344,-1.0
-6.380685466442891,-0.15061595042528816,-0.8542428123330406,-0.8045850230256613,0.45684187188127107,-0.9642857142857143
-45.75872954072968,-0.37218828525187736,-0.261786010308158,-0.22448455030699432,0.3071986561377371,-1.0
-34.13134319920551,-0.46441997438468713,-0.8568449716277708,-0.7794756624127172,0.37002151330505517,-0.9642857142857143
-20.157940245403015,-0.36864492075146355,-0.7237779649077245,-0.8670829803941649,0.4264214488428571,-1.0
-45.71440516668368,-0.9899758721228045,-0.3203375529673152,-0.7854678766375776,0.27014244052497444,-0.9642857142857143
-47.09507169370777,-0.976173279187903,-0.36901755241354367,-0.8269172271499042,0.24907298165805378,-0.9285714285714286
-6.48154732875066,-0.9652156247724248,-0.7957180228896836,-0.7144677976311181,0.45751133776865094,-0.8928571428571429
-49.57449751758995,-0.9450707323590064,-0.7063878814267611,-0.8041677134641361,0.2381160061887077,-0.7857142857142857
-16.666520475409115,-0.9598358095268233,-0.6959289933127063,-0.6013804121373205,0.4146549834542653,-1.0
-43.834993864867755,-0.5290033808688427,-0.7182693338760666,-0.34263422503207197,0.31317432807623374,-1.0
-42.85681644488443,-0.9625991716626079,-0.43845875678598734,-0.8747137232162502,0.254384631892602,-0.9642857142857143
-54.14653278389571,-0.734324216133981,-0.5610611326885592,-0.7259076308839405,0.20292745232200443,-0.9285714285714286
-20.809966402846122,-0.0848132122092695,-0.8720605823015632,-0.7339075531129569,0.400695991091034,-1.0
-44.09295876735283,-0.5489827273932435,-0.5704513926081043,-0.7063226651469082,0.3120512727108873,-1.0
-45.01625698927152,-0.8507395817822074,-0.8726191016486831,-0.24844714835927764,0.3026464502235124,-0.8928571428571429
-49.65727084827794,-0.9761896458711014,-0.36773292924420636,-0.8273507827012666,0.2513661173999271,-0.7857142857142857
-50.02236965317276,-0.9739663362911828,-0.36342635243954896,-0.8202002541147599,0.24869403045417904,-0.8214285714285714
-37.92478388306442,-0.8512344841882206,-0.8364287965843508,-0.6663515418657024,0.35597507427775565,-0.8214285714285714
-47.7246182077043,-0.989190432414378,-0.673394825871489,-0.868566183140632,0.2586335271539997,-0.8571428571428572
-53.33276205415097,-0.9644889743765838,-0.7849540737650639,-0.6631851353021474,0.21065543040420226,-0.9642857142857143
-37.77386202644295,-0.287097976475895,-0.9002466353852451,-0.35034114723939963,0.33809277824688927,-0.8571428571428572
-39.898143387066064,-0.8776394863434279,-0.22739003807433797,-0.8857142646285979,0.3323142344771158,-1.0
-53.25945670015376,-0.9128349162933339,-0.7146549477071445,-0.8771304761350414,0.18442395373291315,-1.0
-36.304070557969396,-0.8090781405355749,-0.4793332080601247,-0.9005102154727004,0.3560160892291131,-0.9642857142857143
-48.06195862611356,-0.9199816688120166,-0.44853952665128943,-0.5869249884905007,0.2511125469203034,-0.9642857142857143
-42.33129860363673,-0.959513508043547,-0.8606364158070963,-0.6761707485612657,0.32461308837838976,-0.8214285714285714
-23.314291286054505,-0.7668262899951338,-0.8944407339813852,-0.23580241465772575,0.4003396268765588,-1.0
-52.088282249511735,-0.9595045207880352,-0.8735229884109051,-0.6879317186602852,0.216510301420652,-1.0
-41.719415116500606,-0.9554309415197864,-0.767320770548952,-0.6977764473467796,0.3246268677758714,-0.9285714285714286
-50.58218784458915,-0.9157305898105066,-0.5602679407541555,-0.8647605824272684,0.23409631016850183,-0.9642857142857143
-46.3299792745768,-0.8580238570684661,-0.8067237764166048,-0.878855562877674,0.18619158696218338,-0.8928571428571429
-20.50559824625222,-0.23036122647638138,-0.8584891050505807,-0.695509281931088,0.40883554599516686,-1.0
-25.872842206317856,-0.9690685143189058,-0.8575115034697018,-0.5816477706713616,0.39612245200444735,-0.9285714285714286
-9.264221054484409,-0.9505374473129244,-0.3119855893835145,-0.9011901659040582,0.4428739250353514,-0.8928571428571429
-47.56352335002399,-0.9030938461210268,-0.3075186504164645,-0.836941729980445,0.2807478566376881,-0.9642857142857143
-50.09332649611342,-0.8290077831600796,-0.5231569286874057,-0.7821258123227627,0.25178049726947066,-0.8571428571428572
-44.21345114546537,-0.8492664437431743,-0.7993017709564071,-0.7227142918929127,0.30448456317586425,-0.9285714285714286
-54.43368549237941,-0.365875114972083,-0.7770981758830962,-0.8681123524845543,0.1713126330806578,-0.9642857142857143
-40.1523303701317,-0.9912611120020771,-0.37660989689685237,-0.8071080534093374,0.32471384513500856,-1.0
-42.221764866942195,-0.17834285539302128,-0.8412349432590153,-0.8896564931103521,0.3165645419997587,-0.9285714285714286
-42.80091591505538,-0.9447821618613667,-0.8465041821767472,-0.6870061056084353,0.3334133020168878,-1.0
-47.9139740378668,-0.8136756152876102,-0.811568705586209,-0.7074323001913235,0.2844302624256359,-0.8928571428571429
-46.2603943859838,-0.2618178740981469,-0.9014228726189831,-0.527718004006818,0.2518984785924488,-0.7857142857142857
-19.6785738147354,-0.4418495490981345,-0.7396508721328102,-0.85472927897316,0.4344741447241929,-1.0
-44.47754971811838,-0.8194558664634211,-0.6343682219971005,-0.7859007501327162,0.306333017346352,-0.9285714285714286
-42.16735060767276,-0.951429272035976,-0.8661631328298962,-0.3510355561948807,0.3086615788141054,-0.9285714285714286
-45.665527938985875,-0.9688656784644633,-0.5907962478011599,-0.5984454558814216,0.28755307905597655,-0.9285714285714286
-48.12524435541928,-0.9902562778402065,-0.6437597963668105,-0.7755129368558082,0.2622746531659651,-0.8571428571428572
-54.59514621903471,-0.9531451577488164,-0.8325186274524526,-0.5096168012588289,0.15064107335151508,-0.9642857142857143
-39.15525963525757,-0.9242188128116915,-0.7128616407934136,-0.4454505248963042,0.3520892328536225,-0.9642857142857143
-18.396887456028715,-0.6161185382754635,-0.7525821279768369,-0.6098654111225974,0.4133359803939283,-1.0
-54.54327771804994,-0.8551406466194869,-0.8550856633954644,-0.708214349473403,0.177213097545619,-0.9642857142857143
-45.61107069904308,-0.4426586155351822,-0.7561472169034322,-0.8024968098745334,0.30230921500349345,-0.9285714285714286
-53.791660184257346,-0.7700953258710814,-0.8914315866573838,-0.28748547873902314,0.20190917356259658,-0.9642857142857143
-45.071898590400465,-0.5964965216984713,-0.6472179436779838,-0.8346247717860374,0.3143385190329329,-0.9285714285714286
-54.074848616287426,-0.814903394845353,-0.5094794240458747,-0.7370322352279597,0.214986741352149,-0.9285714285714286
-6.520345883948889,-0.7152758928722501,-0.826596550968668,-0.5528424600788975,0.45390181016202424,-1.0
-15.166098842753087,-0.9696345734293512,-0.07099724122647888,-0.9198233141534163,0.4191263005583259,-0.8571428571428572
-37.29409210720386,-0.6056464682326933,-0.7919927800636282,-0.7690425685880824,0.3509221456725351,-0.9642857142857143
-48.462687878354586,-0.8724194373175094,-0.4598454096701757,-0.7795000230448438,0.26495042660417734,-0.9642857142857143
-40.02429159362074,-0.3769270578898298,-0.3872307133269046,-0.21880210398162245,0.35309699015547213,-0.9285714285714286
-58.11080212418667,-0.6475143525211634,-0.7299370580448475,-0.5006001062730867,0.1504113410391645,-1.0
-20.329552671097783,-0.7896481510198856,-0.8553565095035587,-0.5155247105354036,0.4052359254497521,-1.0
-6.722048213788141,-0.9530157657831733,-0.5320334850377157,-0.7577857379452622,0.4532889467791618,-0.8214285714285714
-23.79789690903444,-0.12256356539609933,-0.7793729013945365,-0.732152797781572,0.40009309160543804,-1.0
-53.34730101098773,-0.8500683136333113,-0.6146150463349789,-0.7638072634968164,0.2193688396851349,-0.9642857142857143
-33.575768507842625,-0.7558801420600175,-0.8291541993483644,-0.826426880126088,0.30347929945148056,-1.0
-48.76437073480902,-0.9315209538615179,-0.647586915871642,-0.42885606189494907,0.2571837670546976,-0.9642857142857143
-55.433854233608734,-0.9566050185043264,-0.7706002565863798,-0.48271563425897257,0.15277947139080927,-1.0
-13.090747770780826,-0.08800228490931215,-0.7689243218840301,-0.5802266069064222,0.4520347361638422,-1.0
-53.54206103486613,-0.7183141454321136,-0.6422266850482047,-0.8852514834374966,0.20105240761348092,-0.9642857142857143
-52.66924166525843,-0.9636645392471906,-0.6747829615658968,-0.7846048782571732,0.22729674723532406,-0.9642857142857143
-20.51333422498735,-0.6002260405522645,-0.7482139110483939,-0.7494338675727434,0.40060089463907905,-1.0
-36.59862362378601,-0.5472468749966595,-0.7755319593317838,-0.9028811302989668,0.22301507243421267,-1.0
-17.53200998025753,-0.9501017056496911,-0.5651840609702486,-0.8678674805029828,0.43171610013740064,-0.9285714285714286
-54.04989451530644,-0.822833309902709,-0.7239014824011806,-0.6618275469560218,0.20500359322392847,-0.8928571428571429
-35.51440915295971,-0.6970540621080472,-0.6326331960454477,-0.9079350913595327,0.3699703971418121,-0.8928571428571429
-52.062619242360434,-0.6432059202100615,-0.5452560662001226,-0.8889680396961985,0.2092434310257982,-1.0
-12.219800110944346,-0.03636335163699217,-0.7546427960121711,-0.6206554391509168,0.45145653090809407,-0.9642857142857143
-50.76496771048463,-0.4892145342094385,-0.7294255914482916,-0.6418533732322197,0.2571473714175739,-1.0
-44.63983554841248,-0.8565628521379522,-0.8631944239289842,-0.5543998621642081,0.3102804825632256,-0.9642857142857143
-52.940307200536914,-0.9032427593379241,-0.7633083565580376,-0.9005106776295805,0.1900702380884849,-1.0
-37.038738786629445,-0.8178061095983876,-0.8590196113672095,-0.09575868068799014,0.3568412574629785,-0.9642857142857143
-42.817524152831,-0.9086545028189114,-0.6057343942371727,-0.7787764645973251,0.30907057554563677,-1.0
-45.711159976073226,-0.9744159333556105,-0.5217259000968845,-0.7592168406537035,0.26501179112622963,-0.8928571428571429
-41.70707507417556,-0.6811638450962877,-0.9005180983987456,-0.6574303578537332,0.17481799666225115,-0.9285714285714286
-43.397075534450025,-0.9151016785616529,-0.8691960636556425,-0.5301527420165396,0.32238193844603524,-0.9642857142857143
-53.80416437126236,-0.8997999744316356,-0.680401841337684,-0.8259253961960442,0.22101229528245225,-0.9285714285714286
-54.45188981037622,-0.7594408306240177,-0.6388550329258831,-0.6835059206154489,0.20111885992850403,-0.9285714285714286
-47.19950744709762,-0.9188126472795793,-0.8663615754296404,-0.37195779132502144,0.2795284894112109,-0.9285714285714286
-39.41633820883113,-0.8661539000919614,-0.45740184404034534,-0.7467025355170044,0.350458111678213,-0.9285714285714286
-43.6197396465851,-0.9606146728124346,-0.6622537174366115,-0.8345989267644619,0.3038669279317971,-0.9285714285714286
-35.53905304675881,-0.9695122533978747,-0.6032293591604138,-0.4548587628769326,0.36600791569510255,-0.9285714285714286
-48.61905126198466,-0.8627318028166285,-0.32766067758899126,-0.42089552346577863,0.25177736645951687,-1.0
-54.03616151464118,-0.4865726939494894,-0.7218981518838706,-0.8604372429484629,0.20282361756041695,-0.8571428571428572
-43.5927367307043,-0.9102385627322055,-0.8389665440509675,-0.7813417601766773,0.32496826389729405,-0.7857142857142857
-54.739563910696596,-0.9066728982989968,-0.7162530452015746,-0.8966813920510998,0.1681975035184809,-0.9285714285714286
-37.64390994661147,-0.9093134051094848,-0.8840877971251857,-0.5780733639082226,0.3367223035819114,-0.8928571428571429
-18.209842004622942,-0.9687218375685805,-0.8905003756906571,-0.4320692318681963,0.41329145916160037,-0.8928571428571429
-45.50371139480228,-0.765527005443037,-0.5025006115306468,-0.8375816154033362,0.31443362648404394,-0.9285714285714286
-53.49516762745908,-0.7855438223261633,-0.553378459073542,-0.8334658470045176,0.21445005541668424,-0.9642857142857143
-40.18862839307022,-0.3715268680357063,-0.7715465609661284,-0.43005402885950156,0.35274782702294283,-0.8214285714285714
-32.174058608699475,-0.9568870745343733,-0.4523145781819868,-0.8054156637648904,0.36663774365711194,-1.0
-44.60961339259873,-0.7885159065522067,-0.36152893448459344,-0.8699612328837406,0.30254468086932323,-0.9285714285714286
-53.43288607133244,-0.8046057810888844,-0.5706787802054006,-0.8765247397554186,0.21302378105048192,-0.9285714285714286
-44.356363983569636,-0.7635854972846338,-0.5013722007944664,-0.8813889220006526,0.31028004705697865,-0.9285714285714286
-40.83833544490236,-0.8823961273322842,-0.6970744676643789,-0.7626158725667168,0.3171501571748103,-1.0
-49.7645051169425,-0.9030023533590901,-0.875258229288298,-0.7511488618741743,0.23261128863430894,-0.8928571428571429
-37.305917167862624,-0.9630124322441938,-0.6526104267508618,-0.3239787386853071,0.3511073994883791,-0.9285714285714286
-53.14312103165967,-0.7158009152914127,-0.5833657901038065,-0.9340373469298987,0.19978156332538421,-0.9642857142857143
-41.7402542056024,-0.5239282080533283,-0.8165153123764318,-0.905564181685363,0.30746038497346617,-0.9642857142857143
-45.323533788391394,-0.26488945735348535,-0.9001326692520255,-0.533624773343292,0.27929722261456036,-0.8214285714285714
-45.36824632662176,-0.6545028056720296,-0.6557339437214736,-0.66419986979799,0.30023147292534275,-0.9285714285714286
-54.042614380707334,-0.7139471675065555,-0.6418244429581013,-0.6053188113461709,0.21184089092530847,-0.9642857142857143
-56.221585704049076,-0.8464892354444837,-0.8703121251272892,-0.5626367761544655,0.15018624869834696,-1.0
-6.576852366603251,-0.8473456542157989,-0.7008709068595144,-0.8728416723720224,0.455909297568349,-0.9642857142857143
-39.050625137392174,-0.46931266622403506,-0.7378712693871756,-0.769216913403186,0.3557252463141957,-0.9285714285714286
-43.62072500083733,-0.9009225361834692,-0.8507915888517493,-0.4315002503895991,0.3253153002857551,-0.8214285714285714
-13.400178830777973,-0.9198627126124207,-0.8296031522387556,-0.8854085715137143,0.4508374598791785,-0.8928571428571429
-10.190166578522984,-0.050530198165925244,-0.8597838463876027,-0.8440249549638713,0.45287933012661646,-0.9285714285714286
-46.869796824820156,-0.730965090516271,-0.6260248890843797,-0.7728464081931347,0.3016830373651363,-0.9285714285714286
-51.02177347199278,-0.9507636540315323,-0.3162962235488894,-0.47076105776598365,0.2513058871061704,-0.9285714285714286
-48.82371144282324,-0.18175443052687776,-0.9000099505812754,-0.4776993393042136,0.20651618231572377,-0.9285714285714286
-54.394958826163396,-0.8061662450144167,-0.7952491634369354,-0.8067829445558973,0.18710818241957192,-0.9285714285714286
-24.477356636577888,-0.9662398052142569,-0.6078834202172727,-0.7966263570904721,0.4041940494883965,-0.9285714285714286
-39.27198707519774,-0.7716954581314651,-0.8129960893719387,-0.7095241892827774,0.3549940030586259,-0.9642857142857143
-49.10365194241731,-0.5842989093836524,-0.8532047680677445,-0.11959599757219977,0.2503499099534378,-0.9642857142857143
-43.53114931167284,-0.4202698100203465,-0.8492999679173597,-0.6138714329729974,0.3150463495573452,-0.9285714285714286
-34.89897581198164,-0.7856737729540401,-0.6304641461751901,-0.9056228371348196,0.3654330078619715,-1.0
-43.6514610077358,-0.9411502554307343,-0.6553116770552274,-0.7867682638166011,0.3129100414709067,-0.9642857142857143
-42.44774726874217,-0.7947983772545483,-0.7254115595395223,-0.8659916161090534,0.3034622771184601,-1.0
-42.112361199568234,-0.868630277686579,-0.8529260074259275,-0.6360147806173758,0.3213477685420748,-0.8928571428571429
-52.535647399085796,-0.8872617565251094,-0.7753566135199155,-0.8733380192995229,0.20592378845430798,-0.9642857142857143
-12.800806408164489,-0.9599142972625115,-0.7106492242982326,-0.8911229163407007,0.44331770699369366,-0.9642857142857143
-46.29743282800863,-0.8051771707202865,-0.8509245335449865,-0.6928324172693048,0.2910041734177885,-0.8571428571428572
-21.967978171552293,-0.9692154157077266,-0.5148020260757457,-0.887746446278861,0.38223166376355183,-1.0
-42.71059778130035,-0.7660410057706819,-0.6691713601859762,-0.8616171600085045,0.3221552335460466,-1.0
-8.617205132717666,-0.02667197723069145,-0.8633902679445438,-0.847790857821978,0.45405513562633576,-1.0
-36.88422313221881,-0.6867673192618425,-0.8089797275095245,-0.3384480182098415,0.3524949886966092,-1.0
-10.696883718689287,-0.9532518109226472,-0.7131488267271678,-0.6526884196872887,0.45054907898864355,-0.9642857142857143
-46.28608616091001,-0.9498136539531465,-0.46163306245345204,-0.9045115416573626,0.26105287083755807,-0.8928571428571429
-53.676847552561334,-0.82298132187978,-0.8407521583622308,-0.7016464628477305,0.21234027048845683,-0.9642857142857143
-38.693879227849365,-0.4079149607806644,-0.7042883728819936,-0.8608131416926733,0.35646271678856223,-0.75
-40.28969562443722,-0.979526242811885,-0.47193427964897067,-0.799694582449465,0.28430820868556783,-1.0
-32.44486786000162,-0.0992817587125406,-0.8517748473408555,-0.8208876187811702,0.3626981358069302,-1.0
-54.26529712884983,-0.6959060247510929,-0.6350334866727265,-0.7307683194794049,0.20236476620492924,-0.9285714285714286
-27.095205829611846,-0.6937183785977535,-0.7858020568225964,-0.4940861824867811,0.4004699226592001,-1.0
-39.14971587045504,-0.6088152151831542,-0.857076000769248,-0.881902534541228,0.31188256870829495,-0.8928571428571429
-43.97501354301595,-0.30716993296002143,-0.8735412102940497,-0.6821601832009658,0.30022423238647344,-1.0
-49.8649829153114,-0.5993324602341934,-0.795284118781202,-0.9045528910964555,0.25241621940857073,-0.9285714285714286
-46.23010100397252,-0.6598881442665075,-0.87732533453848,-0.33399495482174124,0.3063975091134218,-0.9285714285714286
-11.573992060272888,-0.9727366676209658,-0.8727112873851518,-0.7601578246553203,0.2942836750978066,-0.9642857142857143
-33.774688906154154,-0.9720385563660363,-0.5293766794879646,-0.5668680831652285,0.35918070744837594,-1.0
-39.4536051137545,-0.9077571689337176,-0.4604583166190806,-0.6000034987036486,0.350161881036147,-0.8928571428571429
-38.79077981511787,-0.5045633340529792,-0.7950092692782181,-0.7939102077729779,0.35224953336845555,-0.8928571428571429
-45.34054401857544,-0.7307641720579473,-0.49211230497832603,-0.8312897085108881,0.3141606964903022,-0.9642857142857143
-53.56778934765395,-0.7028429778582597,-0.5073400255997981,-0.9363300682771103,0.20030097531926977,-0.8928571428571429
-51.445756253535315,-0.890054956718432,-0.8625616090385514,-0.7347156506603285,0.2304142528673677,-0.9642857142857143
-52.840897510503815,-0.6917143795815625,-0.8767409313860024,-0.10766019120464729,0.22056993483507042,-1.0
-40.311051334035014,-0.5942420516531016,-0.7774866622485651,-0.8273124305683228,0.3324093482061643,-0.9642857142857143
-50.66848484490809,-0.486519455687651,-0.8162821576981929,-0.5053818760696336,0.2582888039619344,-0.9642857142857143
-44.40288844668866,-0.3745232799996568,-0.7370412327817186,-0.7971746863684196,0.31348070497827984,-1.0
-11.073302395141335,-0.9840453625485748,-0.32958342579339,-0.35361346580830694,0.4511412540603375,-0.8928571428571429
-39.714335462855686,-0.606198687573556,-0.8596298485058309,-0.8808833745329366,0.30774261286101484,-0.8571428571428572
-50.13550316570666,-0.5521532312394524,-0.7418305090442191,-0.9045562989215229,0.2518740854031161,-0.9642857142857143
-40.348468145549134,-0.9678642215733767,-0.506002575031186,-0.8100626730122281,0.2572469585984642,-0.9642857142857143
-53.61116132151511,-0.6523436991779096,-0.8621564311319966,-0.7807726949428851,0.20036101189248698,-0.9642857142857143
-48.99717075329975,-0.9151363108422864,-0.5540250428150616,-0.8632755548555473,0.25134029573657957,-0.9285714285714286
-42.2669012657413,-0.5448041695819943,-0.764238967019125,-0.8817533337907385,0.3194739517907673,-0.9642857142857143
-50.16786385467488,-0.7739969096083614,-0.7206334200640995,-0.8749853402530859,0.2595081957780546,-1.0
-49.82364189993767,-0.24841670710117367,-0.858695853601105,-0.7343237497558178,0.25548510555489323,-0.8928571428571429
-54.67111589363187,-0.172915070594298,-0.8614393084154459,-0.867516822069621,0.17914997179908432,-1.0
-40.03635726891027,-0.9482290899471474,-0.7074000054277058,-0.7906323264249838,0.34753167154232995,-0.9285714285714286
-35.62950715511364,-0.9119824842152886,-0.4443148861609133,-0.7469284772067261,0.36037846565883697,-1.0
-32.27887814898596,-0.9363267772832804,-0.7216931783177113,-0.8517291710652564,0.3692893192225998,-0.9642857142857143
-42.646669336438876,-0.902559271197112,-0.6691798839451686,-0.8510703574580362,0.3222591805326313,-0.9642857142857143
-38.806365940445204,-0.5242531833180282,-0.8540949201132205,-0.7025793430962926,0.35054391350644654,-0.8214285714285714
-35.035199289019424,-0.9471888152598089,-0.7311922075814418,-0.9056684792626074,0.36953784601571915,-0.9285714285714286
-45.65042670569219,-0.950807698291124,-0.457654389248178,-0.9059626413710505,0.2600909155836774,-0.8928571428571429
-46.09988772570293,-0.8116385370884722,-0.7139740886298838,-0.6780818365825331,0.2763100053381518,-1.0
-51.39509712489231,-0.47184197095289426,-0.8045432670209016,-0.8529087767912095,0.21800968189366432,-1.0
-36.358579830677805,-0.8921759827128114,-0.6298746741542275,-0.7710566980179883,0.35462131236385946,-1.0
-39.95944404224494,-0.9618261056330238,-0.8692959387104813,-0.8901094858239055,0.30709224382991007,-0.8214285714285714
-42.21270200503766,-0.553149131969274,-0.7725960126444308,-0.9002792759620443,0.32202227443548453,-0.9285714285714286
-35.81217055406268,-0.947747971229757,-0.33721715283567244,-0.9056214418215613,0.3634543900216142,-0.9285714285714286
-49.88002054744582,-0.10058868277262217,-0.7624028160550833,-0.6456398279799733,0.270163395538203,-0.9642857142857143
-50.3122489299239,-0.9653957115764489,-0.7594773333507127,-0.7766187712569447,0.23950235890556887,-0.9285714285714286
-50.71718823888782,-0.15985366989355915,-0.4013284874580412,-0.822826316412405,0.2579933481871383,-1.0
-45.58195643658994,-0.9821688843944436,-0.5198517745052381,-0.7149904673034547,0.2576786065961597,-0.9285714285714286
-51.58815351936246,-0.838145171235323,-0.8047034584690662,-0.857478823875363,0.2206427135248716,-0.9285714285714286
-29.880504082228416,-0.9560752916769374,-0.70474639462382,-0.8936462605262434,0.37854828576642635,-0.9642857142857143
-35.90203752629514,-0.6986708353623947,-0.5891222310046926,-0.9031503776997576,0.36405870791217726,-0.9642857142857143
-50.6656079364115,-0.11975271172361665,-0.8605162808787782,-0.8650920389502126,0.25076139643360623,-0.9285714285714286
-45.47947428230326,-0.9627763472801503,-0.7717557344890783,-0.8017846044562079,0.2848148746744441,-0.9285714285714286
-16.17733700624554,-0.9795058514476395,-0.6582538601178864,-0.8181776915929783,0.44537342454813655,-0.9285714285714286
-53.28793117113775,-0.8106455213650451,-0.4641513004971263,-0.7416208530479055,0.21869723811140157,-1.0
-51.215999899739636,-0.6509849181011381,-0.7163044805209209,-0.9011466951530003,0.255099550203574,-0.9285714285714286
-52.236413185284526,-0.8884722379303154,-0.5546009128549728,-0.8372144239272495,0.20430871501701064,-1.0
-12.12644910285856,-0.7163673842757029,-0.5912952033579449,-0.42228055080812416,0.45296093703973234,-1.0
-53.72272434524238,-0.9719209335356453,-0.09519025444087151,-0.5517035636732974,0.21478087802002946,-0.9642857142857143
-44.575808226336214,-0.6458390096505261,-0.6076953565261664,-0.7078966051255239,0.3091776178903315,-0.9642857142857143
-40.00469890574122,-0.945566434920562,-0.8272650865228829,-0.8382911258677332,0.30560481994919847,-0.7857142857142857
-28.19736673950871,-0.7422796197873328,-0.49020334893070927,-0.3033207724119964,0.40144018072263876,-0.9285714285714286
-32.001940600171864,-0.1331206564881349,-0.9014105389506879,-0.1964424728126029,0.3824215431320322,-0.9642857142857143
-46.82018978967154,-0.9564239833016489,-0.7701325827141369,-0.4923793158470763,0.2631955863999278,-0.8214285714285714
-45.975049250826835,-0.9449638047040552,-0.5739601981964849,-0.8927293311447049,0.2609437243696626,-1.0
-48.753462633096134,-0.8249766122131946,-0.4803086832658398,-0.8610594415893262,0.26682437158588534,-0.9642857142857143
-47.63189295597204,-0.8626648892967249,-0.7645739158794495,-0.5716696183021721,0.2851197962430342,-0.9642857142857143
-48.25854389123086,-0.9656154843539552,-0.6726017206606982,-0.5102413142810923,0.26405911109800556,-0.8214285714285714
-38.63565609913625,-0.1996144965079424,-0.8558085075623217,-0.8811514271482505,0.3158793519660949,-0.9642857142857143
-7.155856490373749,-0.9522893269909593,-0.7942801709101852,-0.5955457107045322,0.45049725439291627,-0.8928571428571429
-51.0297156427801,-0.7126161667290869,-0.5254016340928536,-0.7624672572400457,0.25464517652231355,-0.8571428571428572
-46.248576381666645,-0.9298540055183788,-0.5740097195975715,-0.8318112627639656,0.2598723909549777,-1.0
-46.897854248167846,-0.7376642977961655,-0.6504025165347772,-0.5279279952952577,0.3001265539519894,-0.9285714285714286
-51.18573513644118,-0.945335539802104,-0.5144596617965693,-0.5939760129491618,0.2556093150202418,-0.8214285714285714
-44.5329725352494,-0.9521794559703392,-0.545612481851518,-0.7117705968869681,0.3131762779783503,-0.9285714285714286
-29.13869620836889,-0.1379508539103948,-0.9017404118791374,-0.7058861569083106,0.38473471048752694,-0.8571428571428572
-44.278486626417354,-0.9254817792736246,-0.8788838657935493,-0.4638845082584905,0.3100370903365876,-0.75
-9.523989936332738,-0.05163002556284712,-0.8722395105364729,-0.7816462672349425,0.4318206198245669,-1.0
-28.875751986951965,-0.13509704788179022,-0.9009084428758366,-0.8333244421088196,0.3862282773525157,-0.8928571428571429
-36.257907533322616,-0.91992844854593,-0.326268248112865,-0.8999494898510909,0.3648327205295175,-1.0
-54.4407892620492,-0.8831074522333436,-0.7509380455744724,-0.5586146669089662,0.20339259837988236,-0.9285714285714286
-53.21701993829576,-0.4641583051814197,-0.7614691946764044,-0.875809649181424,0.2002512901159368,-1.0
-36.399664004217904,-0.6087161845932744,-0.8646727016824105,-0.24405999114811988,0.33483147398590585,-1.0
-33.51231455893662,-0.968549928870994,-0.701562419602626,-0.7885165358201317,0.35151369689916273,-0.9285714285714286
-38.22414137311041,-0.9551200661896742,-0.29517749107851393,-0.4712473611144124,0.35256912802782964,-1.0
-38.13714053059945,-0.955273156353099,-0.4278269319056533,-0.48161608258509875,0.35246820250210414,-0.8928571428571429
-38.152316422952616,-0.7911699297079343,-0.526748395183202,-0.9195542005972822,0.32714073755287704,-1.0
-38.917667358254604,-0.29708632106883703,-0.7428561397855071,-0.7567853126180201,0.35523829943882723,-0.9642857142857143
-38.15568192671492,-0.6674110986502758,-0.627163731599549,-0.8224307152509666,0.354619856337082,-1.0
-35.216954999168024,-0.9724792416286541,-0.6127587049708958,-0.6362359301034531,0.3531658472895004,-0.9285714285714286
-39.29165988955112,-0.3037164050013893,-0.7643751413425176,-0.7571932208630112,0.35100740313542245,-0.8928571428571429
-48.28384698118609,-0.8100314401598029,-0.3954350317972487,-0.8746862572626092,0.2833673314138603,-1.0
-6.518549920919606,-0.9521043019345633,-0.7964215174142454,-0.6051042170426364,0.4504615860083417,-0.9285714285714286
-8.814943407634487,-0.9107224825709738,-0.7846621090220188,-0.8678391885107273,0.45339396799092296,-0.9285714285714286
-8.087989023777284,-0.9726856994398712,-0.8726471801324782,-0.760235899511585,0.43636260343385086,-0.8214285714285714
-6.268778357860999,-0.9524709809791235,-0.8080400315762001,-0.5958233478141919,0.4530014062037117,-0.9642857142857143
-43.583572609089664,-0.7938964394484058,-0.7255433466975688,-0.7282897987894682,0.3109338524560607,-0.9642857142857143
-43.55501179281116,-0.38042596382062344,-0.8974232367429108,-0.8057734730355339,0.3176001564357407,-0.9285714285714286
-47.20808533420288,-0.7759387253599925,-0.5920044093785627,-0.7862692848672995,0.30029847813090377,-0.9285714285714286
-8.483857762067814,-0.8387607862073646,-0.8028138079751691,-0.8947975289910298,0.4544084384360112,-0.9285714285714286
-32.53089739140859,-0.640691054070141,-0.9033298545122523,-0.6537395786169229,0.18174359011265562,-0.9642857142857143
-53.02695007540333,-0.5726207861545554,-0.7698367948641498,-0.8086440918573331,0.20268521397965317,-0.9642857142857143
-50.125223343106775,-0.9769033172111166,-0.8801197926037178,-0.7921618659798596,0.15440318184075646,-1.0
-50.07786312953951,-0.31719980261039415,-0.9116284877897323,-0.4623022716017665,0.2214800171253815,-0.8571428571428572
-53.91578891937508,-0.8636848148282072,-0.7419657253597598,-0.67210085513047,0.20129402678749858,-0.9642857142857143
-46.76417697663165,-0.9767079458163657,-0.8668478415891955,-0.8194143939480398,0.1736427343250132,-0.9285714285714286
-31.59175414022937,-0.12225885595738278,-0.9058323724583164,-0.6361984795660018,0.3835343644938587,-0.8928571428571429
-45.36875188683766,-0.9581859485737655,-0.72569196578934,-0.8587589441329407,0.305804930150026,-0.8214285714285714
-19.741965293340453,-0.9222619848963313,-0.8095230977873825,-0.5526844256140434,0.4330330671832407,-1.0
-40.66928630666109,-0.9635871619455585,-0.6376582296384088,-0.916551346994581,0.308737778203047,-0.9285714285714286
-29.012219145313786,-0.9815870194456574,-0.7064463167207574,-0.7998767138951433,0.3540988857821472,-1.0
-45.36017957712051,-0.638936180193438,-0.8763905808110448,-0.5316872722137502,0.30591662748864995,-0.8571428571428572
-35.07393141433117,-0.9442159531858616,-0.5192794100928778,-0.9099363608428513,0.3724115801015343,-1.0
-42.9949299023438,-0.7314200865126239,-0.9036545959511458,-0.3312386993769539,0.16127510273237333,-1.0
-9.156071343060509,-0.10693837019047775,-0.865421489495315,-0.8482644252825691,0.45231975854583273,-0.9285714285714286
-52.793787194090854,-0.7972526922748602,-0.822979931955953,-0.9115699300115777,0.218506081701338,-0.9642857142857143
-54.51053043654959,-0.42537713018660145,-0.41211550651133044,-0.8220847558275965,0.20955225355248044,-0.9642857142857143
-6.750218353026657,-0.9699694996774193,-0.8430345786391474,-0.5802112545196154,0.43544499613100024,-1.0
-33.70065522576413,-0.6421048426821141,-0.8840161754092426,-0.6212274519693025,0.3663503226303013,-0.9642857142857143
-52.57213356863859,-0.8065640190624754,-0.8619891275091962,-0.7710313559588658,0.1999605345432946,-1.0
-8.526213924820205,-0.9328382753562339,-0.8577983518887987,-0.44360965928746504,0.4438211834308827,-1.0
-50.92389356780812,-0.8374987347254831,-0.8047020062721675,-0.6556156257567242,0.25378365250533647,-0.9285714285714286
-53.44092253279223,-0.8894074206832928,-0.86310088817189,-0.378605924202095,0.19528279549102062,-1.0
-35.54860834469839,-0.9674423498005298,-0.5844693512666916,-0.4365788786791984,0.36466582943093434,-0.9642857142857143
-41.048013092360826,-0.7795385312038102,-0.8561556017870298,-0.7861490952756707,0.33118925537298655,-0.8928571428571429
-17.33691577231992,-0.9513365472747302,-0.7576156678514498,-0.7921335177505296,0.42948988014363304,-0.9642857142857143
-25.1924847214559,-0.9696330105144457,-0.7664545553085553,-0.9076464133761346,0.39717774091844793,-0.9285714285714286
-56.56849787947191,-0.9345397773644832,-0.8325022954630845,-0.7829596682548371,0.15337088610087596,-1.0
-35.15271349620977,-0.8774177706063336,-0.8716843843548978,-0.8919647747274213,0.337782960784413,-0.9285714285714286
-53.65255856411033,-0.812280028678542,-0.6621652129907688,-0.7927423408133971,0.21380507636238047,-0.9642857142857143
-28.15313307119651,-0.9280634533763036,-0.4014863746904585,-0.9101842258509456,0.400991814377175,-0.9642857142857143
-49.107615496996104,-0.8170431127884514,-0.522479949948759,-0.6160567383552403,0.2692949518499567,-1.0
-21.955525733129463,-0.689974025902865,-0.42689328385280023,-0.6308171277940698,0.41979222210282324,-1.0
-55.07642360260357,-0.9160899902618117,-0.5604609490208056,-0.9170979936677041,0.19143084651065198,-0.9285714285714286
-37.70819208997495,-0.980816549543515,-0.4505307059821806,-0.15112761308351533,0.3563427772584815,-0.9642857142857143
-47.901493294453765,-0.7855421609981251,-0.8500221277097589,-0.9064397762690103,0.2894469211850172,-0.9285714285714286
-48.43762587013665,-0.7908989007833829,-0.8507172849057482,-0.8902924417867953,0.2908293117181851,-0.9642857142857143
-44.79671188740306,-0.8402415803650521,-0.89059869078438,-0.609379606444518,0.3022316296442198,-0.8571428571428572
-53.802476575814445,-0.21828071375154207,-0.6516388416534022,-0.8705901405242502,0.20249661264590388,-0.8928571428571429
-36.83758956408466,-0.43089232697351976,-0.7170996446462065,-0.8857794218194032,0.35148686771989557,-0.9642857142857143
-51.765672973980465,-0.54790442068932,-0.5947176935981074,-0.8731528180404422,0.25157111106117497,-0.8928571428571429
-45.486701826955766,-0.9654222024276251,-0.8210252314831361,-0.5118262437689346,0.29335174173286166,-0.8928571428571429
-51.470760538361795,-0.9406683301174777,-0.9022390265357848,-0.1920720112803468,0.15822684698193829,-0.9642857142857143
-47.09773537128791,-0.01524063718202107,-0.6707026859874765,-0.7628387144242738,0.30163939716347776,-0.9285714285714286
-51.5265608266403,-0.4302721548471502,-0.2776163993134378,-0.7296068566097814,0.25088312066649643,-0.9285714285714286
-34.57579874883719,-0.974702133707565,-0.9009380574929817,-0.16399495973702832,0.34757500204984826,-0.8571428571428572
-49.39867435940437,-0.2276593174979914,-0.7727606049168212,-0.6131364009432354,0.2608021001617705,-1.0
-8.579765871045968,-0.9165230115233315,-0.9144709470648124,-0.44387608511889076,0.4107969074327692,-0.8571428571428572
-30.98697488070917,-0.47816219755578193,-0.8608972948929101,-0.8025215123881582,0.3014764383707861,-1.0
-36.91824698868193,-0.5416193123514295,-0.874605600814884,-0.34643477251060456,0.36058452058492635,-1.0
-16.44671700585693,-0.07956828758981854,-0.9001084184076155,-0.8328919532115338,0.40372684741673126,-0.8214285714285714
-47.21482158345808,-0.9809322509004194,-0.4447319940513191,-0.8610861934590381,0.25472323078373754,-0.8928571428571429
-52.2869636461269,-0.8177694186447432,-0.8149804362965761,-0.727194033021878,0.20459623412142866,-1.0
-51.58324106028758,-0.4993363536815945,-0.6959810959153737,-0.6309665751336021,0.25001875663905754,-0.9642857142857143
-13.17005758468791,-0.7867884155613449,-0.7062314204399778,-0.8635786769490222,0.4409907384318675,-1.0
-34.01314853614534,-0.8520865179655329,-0.8654146541014412,-0.507641847271942,0.37657361584245985,-0.9642857142857143
-52.99684259129804,-0.8285651085019833,-0.750352048435172,-0.7881570709865978,0.22125582224221774,-1.0
-53.75624839981787,-0.8853033703702186,-0.5379833488898113,-0.790962840313558,0.2254141658050187,-0.9642857142857143
-46.77057124289794,-0.8976207564544253,-0.3207027352348863,-0.7059590013568082,0.2745531479781618,-1.0
-51.319201115836336,-0.7975163353190715,-0.7632704680227224,-0.715232642414847,0.2560970255648654,-0.8214285714285714
-51.41333312584528,-0.8664845585942077,-0.8156157910790475,-0.7508990062077934,0.2142720647775548,-0.9642857142857143
-50.6118637829787,-0.40317252470044335,-0.6501267121199251,-0.9126563446103388,0.25684863083034526,-0.9642857142857143
-38.392816982379586,-0.9825298476607434,-0.28587957305518685,-0.7303525688763948,0.35071131813239204,-0.8214285714285714
-45.52660584088518,-0.6038748871828001,-0.6604065630329969,-0.6572419587867003,0.31483712293554,-0.9285714285714286
-54.25820381203811,-0.5831050627071721,-0.8399959780441518,-0.8024487647295677,0.20116761375064834,-0.9285714285714286
-16.220307124398108,-0.7519620332070474,-0.7368988830791439,-0.6767545595623263,0.42913957849154255,-1.0
-14.988606894526042,-0.6614796736732632,-0.8414390528267573,-0.6505218584634805,0.42943533557288727,-1.0
-37.430657178746564,-0.9278187735814899,-0.43454373675655616,-0.9104073823554815,0.35424401397769933,-0.8928571428571429
-53.236041397931004,-0.9598422312576652,-0.33338883765110766,-0.9127187734322824,0.15713660923534437,-1.0
-56.927962718208036,-0.9741486716270721,-0.7530449983153417,-0.678906215756369,0.15124022875587104,-0.9642857142857143
-39.673324874077764,-0.8210550453191581,-0.776650004348039,-0.7926252572257013,0.319217382637802,-0.9285714285714286
-27.989142374657956,-0.9543905667309655,-0.8284663589996738,-0.8816549741736646,0.40209335669611196,-0.8928571428571429
-51.894840986208685,-0.8441771187104952,-0.8716727725854916,-0.09516181799229409,0.25094999237773535,-0.9642857142857143
-44.805762072428706,-0.9430212208246421,-0.469774456702684,-0.9026737411830659,0.2336045268189073,-0.9285714285714286
-51.558212866581634,-0.6019955496716943,-0.832326049176307,-0.8210718090407072,0.2192270837470452,-1.0
-45.03665717597211,-0.8829254212623328,-0.5289532178084033,-0.8002844091877599,0.30421716182930475,-0.9285714285714286
-52.020519994680456,-0.7920220562060127,-0.3678516245424853,-0.3501116292703042,0.25050559547586415,-0.9642857142857143
-50.33270583235669,-0.9405142738414604,-0.36373092873166635,-0.7421419066436612,0.26437143966075805,-0.8928571428571429
-39.00173871672488,-0.790670692559026,-0.712131021178148,-0.9085960522240494,0.32025138721178553,-0.8928571428571429
-57.130948018611036,-0.8550594721254148,-0.7737147968049439,-0.7809554409730547,0.15474807690536327,-1.0
-51.398038720876556,-0.3137036722537145,-0.622934178009728,-0.7377963555473224,0.2562633524437263,-1.0
-50.72962254200023,-0.9029117325212095,-0.3480463130055809,-0.8956679721503397,0.25557357808492737,-0.9285714285714286
-44.71193423092709,-0.582879383853516,-0.6692571100130005,-0.6316208406244085,0.31644314888320746,-1.0
-33.233313398303274,-0.8232590744825183,-0.9012691660224891,-0.4421020091248901,0.33666423539858537,-0.9642857142857143
-46.493213497658964,-0.9925552483985215,-0.5018707476852228,-0.9093682578141017,0.23211854767505696,-0.8928571428571429
-53.865509749728666,-0.9490642101291646,-0.5672650993330464,-0.6882154369552492,0.2113866688131486,-0.9642857142857143
-41.57202378610756,-0.8516858265139181,-0.7627074240909878,-0.7384243428886949,0.3219878077146867,-0.9642857142857143
-28.60356126057096,-0.9330813137609247,-0.824142707433209,-0.8080975551599174,0.3854239054154439,-1.0
-44.64268557125008,-0.60294686945135,-0.6714081379007546,-0.6505691645857149,0.3118915878635282,-0.9642857142857143
-48.792365853267064,-0.6991885618792212,-0.8770583927705715,-0.40990206913032934,0.25279452968691346,-0.8571428571428572
-10.429046544973401,-0.05912313572566495,-0.8463020095058037,-0.8520243263866382,0.4513495427115127,-0.9285714285714286
-54.09645757952166,-0.8595999834313384,-0.33580953606122993,-0.5855252856663706,0.20572897552079342,-0.9642857142857143
-13.162804958939539,-0.7676560505840088,-0.7435805987480476,-0.7310395386742407,0.45228418256391134,-0.9642857142857143
-10.11509769500487,-0.09283605626828009,-0.7814713154229156,-0.8837625545344417,0.4565082157260051,-0.9642857142857143
-53.34148929544764,-0.9134294675615154,-0.5639467072353177,-0.5155536990520121,0.21799000520088996,-1.0
-46.684468519826396,-0.7921019291593002,-0.7554066640001531,-0.38926781437605606,0.30096185327828356,-0.9642857142857143
-45.2054750468182,-0.8454712468408394,-0.5848510161563457,-0.8369980559861169,0.31157732477963845,-0.9285714285714286
-14.556610038939295,-0.8098174110861782,-0.9025573958143699,-0.8829250492132237,0.4159683505665799,-0.9642857142857143
-46.69751447658658,-0.9224713012924229,-0.836580491232027,-0.797812698882875,0.29132846939253765,-0.9642857142857143
-46.32755980361045,-0.9150781404330414,-0.767967215189287,-0.8857216578969722,0.3023791478127248,-0.8928571428571429
-42.80840056127628,-0.9675415211919529,-0.863060304804061,-0.6685798055510486,0.2641112119758614,-0.8571428571428572
-37.42652199156923,-0.944530983551193,-0.7312204977211664,-0.7227780371444279,0.3531429710231427,-0.9642857142857143
-35.1225731757586,-0.7579362149721107,-0.7384088901437218,-0.9083540841325962,0.36816688231427447,-0.9642857142857143
-27.957384848941587,-0.9393970177196962,-0.8564346185919031,-0.9139915714835715,0.401823139550557,-0.9642857142857143
-39.706609468792685,-0.20825841774341422,-0.9042565152785708,-0.8133932442143934,0.3343022856342461,-0.9285714285714286
-46.8860210451532,-0.6764619763848566,-0.8283878365469842,-0.2948473463649635,0.30118770793470445,-0.9285714285714286
-7.832570127733733,-0.7349681649084338,-0.8454549730571637,-0.6325664156812011,0.4509127919996842,-0.9642857142857143
-15.147173341245667,-0.980645063366186,-0.8781008303250011,-0.7159094266110346,0.41800800624372203,-0.8928571428571429
-6.308363977352199,-0.9110914688133862,-0.8539751069375048,-0.628535977258086,0.45709604852959057,-0.9285714285714286
-51.08332478900591,-0.33461944016588124,-0.753751529484077,-0.8655946364982572,0.2628223754227899,-0.9285714285714286
-48.67928931281221,-0.8083809728876813,-0.6961287767550643,-0.9063806678520557,0.25529805343737016,-0.9285714285714286
-19.536020988011696,-0.8456898440976442,-0.5791474081207284,-0.9084273275866994,0.4058538968354654,-1.0
-51.62163260281627,-0.6836646358280047,-0.7176265690541792,-0.3137029297264334,0.2520445564615166,-0.9285714285714286
-52.00170883252633,-0.7127789721190984,-0.6004527034610101,-0.3260826909872007,0.25060161948123655,-0.9642857142857143
-53.82205291179067,-0.9480662080680031,-0.7209603273838732,-0.6158667778892509,0.2052117105881358,-0.9285714285714286
-47.95175791706087,-0.9432301423683658,-0.79469448156844,-0.4504800303783023,0.27513097978544143,-0.9642857142857143
-16.917160849446898,-0.5965656536979982,-0.8162105600253521,-0.9159398430459018,0.43609311834581016,-1.0
-42.3955314891798,-0.939309971761477,-0.6909876385922223,-0.914700402183526,0.32039350891443447,-0.9642857142857143
-8.172864945962573,-0.1272082827400834,-0.8528419545323144,-0.8677323842690284,0.45373210068756353,-1.0
-51.90830159166745,-0.6077635848983876,-0.6703648543060241,-0.3884164413703667,0.25008864974545875,-0.9642857142857143
-37.57903684281418,-0.3001662512635882,-0.70414921235491,-0.9089435940696157,0.36258788863372127,-0.8214285714285714
-32.24118788454698,-0.5272646239194573,-0.900973123738098,-0.8324230632261976,0.15807855910687538,-0.8571428571428572
-22.873941720677486,-0.9401153881190202,-0.8459531572864908,-0.4829108102128625,0.41754990863735625,-1.0
-14.851492543757876,-0.8645812037399616,-0.9077622741774436,-0.9134094862990004,0.40518432121361864,-0.8214285714285714
-15.683012824435682,-0.7766481996292867,-0.8778277954080809,-0.696119889315162,0.4506962804391118,-0.9285714285714286
-47.05904711824227,-0.9599147335069497,-0.6575808432349055,-0.4328371754506648,0.2984507237132788,-0.9642857142857143
-52.87126942782218,-0.9075695639432555,-0.8728154209889261,-0.6933941325011945,0.23411730795967614,-0.8571428571428572
-51.784761560363904,-0.9375012847329554,-0.7861681223223856,-0.7109761386628362,0.2355859701664627,-0.9285714285714286
-33.61754900242682,-0.7019706127812025,-0.891693276029313,-0.8959490981924256,0.355131465998939,-0.9285714285714286
-51.35967892059733,-0.6708252864119291,-0.750828948790709,-0.34797385585679264,0.25347120657574906,-0.8928571428571429
-44.22888372708761,-0.609737360354059,-0.9072322573179152,-0.5579878365550877,0.2453063274346072,-0.8571428571428572
-39.72560625120317,-0.2650820700885582,-0.6282045553267477,-0.927098699365984,0.3125448196209551,-1.0
-51.01792164719263,-0.4302576562634615,-0.5821920622541222,-0.7297621209158172,0.2537132743611809,-1.0
-43.836831122650864,-0.7180709359479363,-0.6993531556876493,-0.8584631638276733,0.3150173959420691,-0.9285714285714286
-6.354137973366833,-0.9006362346598763,-0.8441899016724038,-0.7622589497617663,0.45550180355499525,-1.0
-44.414266385103005,-0.8682370495083768,-0.6722081883901402,-0.9145025152682832,0.30450219733516043,-0.8571428571428572
-10.351847885894406,-0.8025607408122835,-0.8635116798926918,-0.805519632824458,0.45970328598363147,-0.8928571428571429
-6.386383051824305,-0.9252888397083718,-0.8535213983680626,-0.8151050705650721,0.45710933847254026,-0.8928571428571429
-44.98418563469272,-0.6045855925384513,-0.8115386424059255,-0.7530390681787076,0.2778966825831083,-1.0
-49.470751738638,-0.9056590189423899,-0.5743300728395827,-0.34900402556090376,0.25247135664630677,-0.9285714285714286
-12.699511233315564,-0.9069838835557817,-0.8331758727079815,-0.7608224311622889,0.4512651549330934,-0.9285714285714286
-45.744080705421084,-0.24403981778707518,-0.19413340258085243,-0.26491201271184867,0.30188015878151153,-1.0
-45.12089669148727,-0.5901722586454845,-0.7811381250777656,-0.7274804683043549,0.30518688930208104,-0.9642857142857143
-22.87169943411009,-0.9616561742026302,-0.8648646155644889,-0.5653045840483024,0.4156194513044036,-0.7142857142857143
-35.46937297318036,-0.9693854604217754,-0.838010995909198,-0.5442717369230958,0.3629961294963917,-0.9642857142857143
-55.24755589385009,-0.8495008974022397,-0.4625036136198423,-0.9068557239592783,0.15864337808428733,-1.0
-50.1077740432486,-0.9308159904465864,-0.6149295152597646,-0.856067844619537,0.23029556836366014,-0.8571428571428572
-55.698692949994104,-0.6273538607695861,-0.4538927067142969,-0.8744272844549107,0.1642221011046489,-1.0
-14.904957697095604,-0.8320695616987162,-0.907614371475491,-0.9129978501550196,0.4010676025647797,-0.8928571428571429
-54.98466393431213,-0.8187087997049655,-0.716693588029806,-0.539133069828221,0.20042140887160637,-1.0
-13.556084272323815,-0.8271120971048032,-0.8785987440778995,-0.6676315376735351,0.45794722767035906,-0.8928571428571429
-56.24196919352904,-0.5650064821278639,-0.3486464408837965,-0.9033212890130299,0.1658249928405657,-1.0
-56.12526573564226,-0.30009344377263136,-0.7293218222625091,-0.8783466088756962,0.17054844669918484,-1.0
-39.85319326130508,-0.2076883537728654,-0.37810953557661714,-0.8318998413557053,0.35017783225086635,-0.8571428571428572
-50.79421123274903,-0.9616731103074105,-0.47023061102423613,-0.716771030508486,0.26228052718443196,-0.8571428571428572
-38.55985354538153,-0.23466942240138203,-0.7423567582412748,-0.8089019751500718,0.35085608116076,-0.8571428571428572
-58.03875192151254,-0.48698574308812936,-0.7634971061405642,-0.43324057969623014,0.15023858404656623,-1.0
-48.24988790222095,-0.8751868020918424,-0.4305021106636999,-0.5703169602745877,0.26674298457820605,-1.0
-44.46145275001654,-0.40291159534940296,-0.9047621522754371,-0.29756006002141455,0.3121656117566578,-0.8571428571428572
-45.4597552394819,-0.8477740945495702,-0.6673674732989644,-0.6217107516308933,0.3160828615617303,-0.9285714285714286
-47.78630556343861,-0.926325252161829,-0.9065222237224708,-0.27385198682446416,0.17631804423839698,-0.9285714285714286
-7.126514535790743,-0.03535765583455438,-0.9050438312148849,-0.2024437701313975,0.45126627982799994,-0.75
-54.256814244041514,-0.6600455837022106,-0.7881641427592815,-0.6623093154931028,0.2029260287203459,-0.9642857142857143
-11.356693934434654,-0.9777689508373429,-0.817749113167779,-0.8744247809382796,0.448960786967038,-0.9285714285714286
-47.22244757689481,-0.45336673220999696,-0.8636643233678458,-0.7743903837242601,0.2971664930382211,-1.0
-44.27259730383071,-0.6237229732197473,-0.6591671725262477,-0.6373398925414212,0.31515515540494204,-1.0
-13.667762355795949,-0.8758830335530321,-0.7216678809869828,-0.5676579783039416,0.4521851796552843,-0.8571428571428572
-44.27882906824518,-0.13214524379341203,-0.7616293990245279,-0.792468231818808,0.30046239342485503,-1.0
-37.01284177425199,-0.7524769667297507,-0.5458016461887774,-0.8539885171248875,0.3568300988022374,-1.0
-7.096236330083025,-0.04161665049555431,-0.905359409976428,-0.42631121776492975,0.4307848632513433,-1.0
-43.34410304370996,-0.4026976493505322,-0.904446962664244,-0.31265315182757647,0.3177536811598954,-0.8571428571428572
-34.0296263542244,-0.7800454838050684,-0.867784837354769,-0.6364088588686794,0.29372959125973164,-1.0
-36.32681261840147,-0.7344804181217617,-0.6657573515402802,-0.8830760639805473,0.36699056984373635,-0.9642857142857143
-13.522667169777097,-0.8336162979008854,-0.8230332671960187,-0.8075276024936866,0.4552190070496119,-0.9285714285714286
-56.5586825151587,-0.6794527229665747,-0.43684996457699876,-0.8699903178455538,0.16095820201211958,-1.0
-18.72251495619779,-0.8861134211735704,-0.1792475938235177,-0.8571623740193147,0.4324685748802128,-1.0
-46.32880424486643,-0.9614909549266205,-0.5500923920066086,-0.6058477006610157,0.2637039740723988,-0.8928571428571429
-47.0538684627976,-0.6679731067345206,-0.8154711701919938,-0.24099738331076037,0.3011847891474153,-0.9642857142857143
-43.76859953077853,-0.694937725355505,-0.797941379030792,-0.8274541877739793,0.3184104282457905,-0.9285714285714286
-50.722733854145424,-0.7487204299630416,-0.7701835252444572,-0.8364338245021598,0.25298075512313317,-0.8214285714285714
-45.08374489041727,-0.6100329911545013,-0.815237583380778,-0.6964314712364322,0.27781912916878115,-1.0
-42.726948996154356,-0.8796016411924957,-0.7024882348067453,-0.7804842690332606,0.30294157482134876,-0.9642857142857143
-46.04992621194622,-0.8600486179603444,-0.2573265762148314,-0.7171226513555968,0.3088900932288879,-0.9285714285714286
-56.11309313992463,-0.513969855380864,-0.5784800342776618,-0.8542144665222285,0.16645620489876214,-1.0
-35.263119982851265,-0.9768778442535447,-0.5655315391036583,-0.7266564347115039,0.36443217525830557,-0.8571428571428572
-28.25300027747849,-0.9306219705712053,-0.7487439218230595,-0.4206824977137398,0.40172135573927986,-0.8928571428571429
-13.253048589179098,-0.9031061893833112,-0.8785992108273378,-0.6676272692749744,0.45213056832060017,-0.75
-42.702230729145846,-0.83543039570418,-0.9003401417086621,-0.7092906084372411,0.2827987969253826,-0.8571428571428572
-54.67734531439973,-0.8371305336775705,-0.7438876792443595,-0.8831238304546384,0.15537811172235425,-0.9642857142857143
-46.233269977100974,-0.8922059367930073,-0.7498579834249617,-0.30686154925558473,0.2974379204263362,-1.0
-55.00385011487098,-0.22316303627462797,-0.013388796570327616,-0.019253862949502595,0.20108696401427087,-1.0
-49.19237667082026,-0.44246494276330117,-0.7985930824706883,-0.6524509787264944,0.27382516552101394,-0.9642857142857143
-34.08384599502601,-0.9639810314091883,-0.648644759386242,-0.9366485113250299,0.35881330256860866,-0.8571428571428572
-35.96794146308622,-0.507183148926862,-0.8404743816028483,-0.8951367015633329,0.35196515978812626,-0.9642857142857143
-42.811495419413234,-0.9551981463898747,-0.5914002555296043,-0.8583550993000375,0.32459383278968323,-0.9285714285714286
-53.75068654872947,-0.6581551157242534,-0.821126714867357,-0.664319416678802,0.2036618508668921,-1.0
-53.212610359340054,-0.6722593513907957,-0.7515059115921009,-0.7960965401364397,0.21214770997335386,-1.0
-48.731166701289176,-0.33840252862259973,-0.8204413887075536,-0.7877442208244333,0.26930899157313587,-0.9285714285714286
-10.723634142937955,-0.3009699023461286,-0.7902995239464832,-0.8567271202498545,0.45077950312892706,-0.9285714285714286
-13.56807147218733,-0.8271046210467708,-0.8785972032854279,-0.7583928248831222,0.4579590917619316,-0.8571428571428572
-14.846688387733465,-0.9619724784606138,-0.8647781960897374,-0.7070684202502948,0.4171394179967436,-0.9285714285714286
-17.778691578232216,-0.936377163801676,-0.6648877864982058,-0.9149752971082951,0.4170003133751985,-1.0
-6.699407125652652,-0.13232489045380566,-0.900050763889971,-0.17218366083241457,0.4560595365515901,-0.7857142857142857
-13.385487125726327,-0.8223443088761786,-0.8848451342969886,-0.7723874024318823,0.4578904325913784,-0.9285714285714286
-37.65930260643593,-0.751435809471302,-0.8362962658127059,-0.8548104493290563,0.358014204631914,-0.9285714285714286
-38.163511947796586,-0.886947911760489,-0.7924509965370083,-0.44940283622934746,0.3540514007222371,-0.9642857142857143
-45.77795587200768,-0.8179813582156751,-0.7398706689586803,-0.9297733527946442,0.272486964515287,-0.8928571428571429
-55.08473556898543,-0.22277505040773832,-0.6681043995960876,-0.7289863739823566,0.20181340361564373,-0.8928571428571429
-43.61119143767653,-0.8808642162531717,-0.644379130973132,-0.8721182940932222,0.3221559258248111,-0.9642857142857143
-33.30887939707914,-0.9303649000092644,-0.8665039394824136,-0.8789809671242277,0.36806466099001905,-0.9285714285714286
-46.8074524494669,-0.4379985916324411,-0.5942201109800056,-0.902090929028631,0.27043821463898426,-1.0
-42.31933282695107,-0.6320532907662625,-0.8274476627670877,-0.7636828182761133,0.30968407538288223,-1.0
-49.603640514304004,-0.9085559494471774,-0.5977402097746612,-0.48991962255939436,0.2737327088742653,-0.8571428571428572
-52.633585302677865,-0.846052703915587,-0.8222379543654612,-0.8016143917723992,0.23325222355666902,-0.8928571428571429
-50.58388617441616,-0.629664173169749,-0.8649991912242992,-0.1675882037618322,0.2519601438555599,-0.8571428571428572
-54.22328460481286,-0.5761768760104853,-0.6840126706533024,-0.8992325146293678,0.2024518465777117,-0.7857142857142857
-32.909879752774096,-0.5601213685641904,-0.8367875436818493,-0.8591176554445995,0.37849341638973727,-1.0
-47.501899627454506,-0.9029118417660852,-0.8708210814826514,-0.8437855775937806,0.22558604150653314,-0.9642857142857143
-40.19413876080472,-0.8309290158673026,-0.8042693142000157,-0.8457330058526825,0.3350776237548862,-0.8571428571428572
-36.72069860329628,-0.9515824237569624,-0.8719184022016714,-0.9132010810829374,0.36034082293391434,-0.8214285714285714
-38.55927875615748,-0.9634034137319457,-0.7307000067423164,-0.8736913138558575,0.2954483066433985,-0.9285714285714286
-50.95651804137671,-0.7390209286079137,-0.42310139478200437,-0.7613905958792987,0.251375081827735,-0.8928571428571429
-45.34530927300763,-0.8896866206242906,-0.16008201326357746,-0.8692776921369905,0.30288668878931485,-0.9285714285714286
-30.808812198310566,-0.9898827541810263,-0.483153227540738,-0.8942873552600245,0.38086582349828346,-1.0
-45.807022887608014,-0.9641086953047194,-0.6533478571641426,-0.5464962775635583,0.27575446407518966,-0.9642857142857143
-54.125114104688976,-0.5193696203290172,-0.8412069258737145,-0.8155958980553165,0.2051073012789118,-0.9642857142857143
-36.555774454695424,-0.9583689161384678,-0.8133099531146314,-0.0562060176461556,0.3658360680691801,-0.9285714285714286
-41.15350361990625,-0.7626270723021221,-0.9011339411933594,-0.33579553577227084,0.17933676544892008,-0.9285714285714286
-21.56498897714754,-0.9718808896798525,-0.7092826397077595,-0.5882752997032838,0.4215357946760122,-1.0
-48.25285576262342,-0.7019036917259507,-0.900191075417861,-0.11586121724499351,0.24431468075839288,-0.8928571428571429
-46.65401090853441,-0.7410778086867854,-0.9008062643724148,-0.09153116321154149,0.30408998292915534,-0.8571428571428572
-19.05896312793091,-0.9527697100068323,-0.8724340159504743,-0.5902125496554508,0.4050754414794122,-0.75
-38.0773376111074,-0.8793913868288131,-0.6194858240696757,-0.770107118290169,0.35854178035657985,-0.9285714285714286
-7.34113861638368,-0.5905786815030282,-0.8576900513300691,-0.21366963808913225,0.45409059727163836,-1.0
-33.451753258045954,-0.8372420374253016,-0.8880588991209853,-0.7030353695982058,0.35222826756273085,-1.0
-37.55889329747943,-0.7697418038139997,-0.6735705659603767,-0.81183579055506,0.35226380427946535,-0.9642857142857143
-31.626932091064855,-0.950956340826886,-0.7298844176314677,-0.6728205012383804,0.3650856757581929,-0.9642857142857143
-38.12775077042124,-0.4732334047509614,-0.43112409952544134,-0.9182503681325829,0.3519554249049618,-0.8928571428571429
-46.23019143207988,-0.6811962906651348,-0.9049346173149366,-0.07922974040371274,0.3020347221025332,-0.8928571428571429
-28.42003061440653,-0.9332145718361439,-0.8380117211547666,-0.27985619576649784,0.4017054789863015,-0.8571428571428572
-51.38385706758631,-0.8613632445819304,-0.7071771773262157,-0.7256771911105524,0.2509529475780971,-0.9642857142857143
-43.38915352115543,-0.9087959346483261,-0.6865611473037018,-0.8300147305658778,0.3223918042067205,-0.9642857142857143
-13.139193954322055,-0.9591644294473175,-0.8018347018048444,-0.8041051103288429,0.4436338408365827,-0.9285714285714286
-53.85303273534826,-0.6152088755232733,-0.8206432500766502,-0.8373647551341641,0.2062864338361217,-0.8571428571428572
-49.32861392762591,-0.8354221431542522,-0.48363939382974586,-0.7313401123487296,0.26654878034268503,-1.0
-23.8146622542869,-0.9861260829366202,-0.4553455779400497,-0.7515368557764889,0.4022897931171292,-0.9642857142857143
-36.36708814721698,-0.49328358809571127,-0.7722462621688726,-0.9398320871258972,0.36497982373574417,-1.0
-54.677390707566225,-0.5515931195537582,-0.4686910975939798,-0.7924478608102745,0.20108175928449096,-0.9642857142857143
-53.44036140262702,-0.35713571916837544,-0.8873364752966196,-0.8023634284488967,0.21561387368759102,-0.9642857142857143
-79.53509414892174,-0.9937113478512135,-0.909833818455559,-0.9434074661041392,0.11000623086868308,-1.0
-31.28299254383236,-0.6556463985614048,-0.8189061983718965,-0.8719867218838256,0.3846606892263987,-0.9642857142857143
-33.8572090917654,-0.9796563710113728,-0.8758654709566294,-0.5244957525886104,0.37311476550815753,-1.0
-49.13565044662042,-0.8624288135753011,-0.8287400651046963,-0.6171693452739233,0.2522270049531408,-0.9285714285714286
-44.397874675066056,-0.9598279004413975,-0.5117412188464713,-0.7463371463508925,0.3056128304609269,-0.9642857142857143
-54.59366991817281,-0.5778204334782344,-0.5722530383916793,-0.7993960474267591,0.2030479689803091,-0.9285714285714286
-45.19063892775341,-0.8715074792385622,-0.15350436918618235,-0.8418464887605293,0.3037208318586237,-0.9642857142857143
-9.189384279643086,-0.8992423658436031,-0.8439158394536412,-0.7607338520535437,0.4426250007258796,-1.0
-39.95174478896868,-0.5547036553092599,-0.7562443808984983,-0.6903115289705383,0.35214527140605567,-0.9642857142857143
-22.3406732315078,-0.9750355256865986,-0.7889286834730599,-0.7425093913909092,0.4202762266508356,-0.9642857142857143
-50.980002312048505,-0.7557801418137892,-0.7010192482740635,-0.7522456504269404,0.25540754615565797,-0.8214285714285714
-32.877601877564494,-0.9508104664783434,-0.48825523695783524,-0.8858336659887688,0.36308064636980114,-0.9642857142857143
-46.709186723538146,-0.5909272363566977,-0.7635436681627565,-0.569927696844012,0.3011560396420088,-0.9642857142857143
-36.2590453633064,-0.9520803493545111,-0.5031322299940753,-0.5118139142367886,0.3634416143088403,-1.0
-37.77382113756869,-0.9761376486450205,-0.7425747944098285,-0.5553375898487737,0.35175251370115634,-0.8928571428571429
-43.39627446197755,-0.31787403348354276,-0.7104335009193621,-0.9149380928262527,0.30159777655852027,-0.9285714285714286
-24.679062297343805,-0.9577187724719807,-0.8883495100635929,-0.6798967525447444,0.39715013013817324,-0.9285714285714286
-52.84016434639838,-0.8632581495068269,-0.7512941631448369,-0.4612084549738198,0.2174846543598303,-1.0
-43.465619587557576,-0.9559300735773811,-0.5071323636065809,-0.5210717019801494,0.30313176000465203,-1.0
-45.32317497783766,-0.9480573524709999,-0.45126587933854423,-0.31982537478102546,0.30633399232896463,-0.9285714285714286
-40.11087893926766,-0.2005583448138474,-0.7549252310466199,-0.5607576859520668,0.3513424402554202,-0.9285714285714286
-7.280581887146276,-0.9198734480758594,-0.7009952090579485,-0.8159861211367682,0.43692668298327747,-1.0
-37.195206424471436,-0.9464246739054079,-0.729415076239001,-0.9000448741162586,0.32148798042516125,-0.9285714285714286
-50.796494865727176,-0.6317268221833169,-0.648778832168175,-0.7585214431155534,0.25583349468300176,-0.9642857142857143
-47.07218194813004,-0.8814118960331309,-0.8508048637141397,-0.5747202071467826,0.2629328090280611,-0.9642857142857143
-29.632129241322243,-0.04558817813087781,-0.9090954476776647,-0.42070223238321236,0.39227336812915103,-0.9285714285714286
-31.19357851696489,-0.9610663671679539,-0.3485355785837579,-0.9115593864495887,0.38138338727460963,-1.0
-6.440447177430742,-0.95984956940022,-0.8648373170645646,-0.609591277629554,0.45744110805681004,-0.8571428571428572
-45.41337323590199,-0.9489588047460151,-0.24684461498282784,-0.9154960822036837,0.3047706980668702,-0.8214285714285714
-46.63238661432628,-0.9821601268107593,-0.5561315087596911,-0.5260945298418334,0.2626670961234222,-0.9285714285714286
-46.036165574844006,-0.587235996470496,-0.8548125481562198,-0.68266933598075,0.3010592947793586,-0.8571428571428572
-15.029958885193247,-0.2552086300235798,-0.9052388218562876,-0.7661244688118171,0.4084526785127746,-0.8928571428571429
-44.54047236578286,-0.590838759866932,-0.8823467024039889,-0.9049576329545407,0.30876557518403447,-0.8928571428571429
-57.18464704802373,-0.30314355582987823,-0.8319994067155578,-0.8531448036319441,0.15468455947812976,-0.9642857142857143
-55.87650227641983,-0.5016586010607805,-0.6369596702642182,-0.902046430905944,0.16952375498099298,-0.9642857142857143
-36.04951063348472,-0.2848483607201875,-0.9014537766823116,-0.6027675210677151,0.3263501654179321,-1.0
-32.64522173110433,-0.6740579303493582,-0.8769847730785568,-0.90320862863394,0.37653368071292254,-0.8571428571428572
-52.64056050741973,-0.1823198584798352,-0.09024951093131563,-0.08289163417916529,0.25048071421044166,-0.8928571428571429
-37.34978566285172,-0.9659619561900449,-0.7584255057631974,-0.8754954412957444,0.3422399217258764,-0.9642857142857143
-10.351705080782565,-0.8168244172776931,-0.8830910548420324,-0.525386566866728,0.4570298415065375,-0.9642857142857143
-53.05424024887708,-0.5470125030980076,-0.562695513102848,-0.8664303756424108,0.21570349876017736,-1.0
-50.14081556393373,-0.506129232269673,-0.8799341772665236,-0.8968160636296515,0.2704422318825014,-0.8571428571428572
-57.88743860712182,-0.9484678673144812,-0.7924220561778113,-0.5991355086357696,0.15077215903064686,-0.9642857142857143
-46.053807226014264,-0.898092419651319,-0.8788006766998507,-0.7082436159493916,0.30276570481175086,-0.8214285714285714
-48.967021426124326,-0.9333518450471832,-0.7745319684139704,-0.8091178581821442,0.2676535449524396,-0.9285714285714286
-53.18614322189837,-0.561542273533769,-0.5355530102178173,-0.8892917131743304,0.2151075510056826,-1.0
-11.121541003121516,-0.09214917476622869,-0.7688032401764094,-0.892417946421799,0.45158351833249105,-0.9285714285714286
-51.13979207423984,-0.9449498222025873,-0.49309258014527935,-0.7244342412947313,0.2498645863731344,-1.0
-51.51947081806048,-0.8068887583135315,-0.31143155776796155,-0.503261048241694,0.2618406354291013,-0.8571428571428572
-44.87516847721817,-0.9500462212946076,-0.5969114914477133,-0.9132231613473554,0.18351209588008138,-0.8928571428571429
-44.096170882359026,-0.7872269239352669,-0.8445154977613125,-0.7704682511391562,0.32319322269942174,-0.8214285714285714
-36.846493346486724,-0.9256775492683171,-0.7126953651070845,-0.856946726578601,0.3592718235369935,-0.9285714285714286
-55.097050003362476,-0.8161565501374747,-0.7245397397182008,-0.5315060315136477,0.2007688598989806,-0.9642857142857143
-45.595309364231476,-0.9521407759049219,-0.7612537301222312,-0.4514630579444588,0.2980733703877542,-0.9285714285714286
-37.81783984606795,-0.9089537642272376,-0.6638910544848574,-0.8345597463564847,0.35878136202562405,-0.9285714285714286
-14.54342740074329,-0.8753370643817179,-0.9018822925291764,-0.8822639657789222,0.4215015224954213,-0.8928571428571429
-53.59909175873737,-0.7775952036071307,-0.5671513140339001,-0.8655480277153702,0.2004035752404196,-0.8928571428571429
-44.49051596729402,-0.9548483063079068,-0.773332263454809,-0.8506440406471515,0.30997638882841366,-0.8928571428571429
-38.02580097055273,-0.8314444974483811,-0.6030503820261462,-0.8608636980160067,0.3055259217619908,-1.0
-45.211717717164156,-0.8661400318781586,-0.8417040197549092,-0.5947158148954497,0.3121708319989768,-0.8571428571428572
-34.4872519754867,-0.8650396908471192,-0.837190410605756,-0.9096145456685655,0.36718121600095505,-0.9285714285714286
-48.204423119535306,-0.8159400621135602,-0.6034687710376113,-0.9025322428098528,0.23526375725571883,-0.9642857142857143
-37.65212456872931,-0.8667524817768074,-0.5534767283809064,-0.7753755091019057,0.3527346376818717,-1.0
-45.81818863857779,-0.9575842637163638,-0.438086001992967,-0.46997976628720584,0.304901443415226,-0.9285714285714286
-12.79316161863767,-0.9321083926295735,-0.8793938068940576,-0.10658300663668001,0.4079822178238682,-1.0
-10.19972965771307,-0.6649688372248345,-0.8253049345752651,-0.8334796397691734,0.45245107992265576,-0.9642857142857143
-33.85279649467555,-0.8875445294370435,-0.9100409642782403,-0.296433668759505,0.26861122206190235,-0.8928571428571429
-54.40049112115681,-0.6983085223777546,-0.5495591319123756,-0.7934631576486358,0.2101678708907868,-0.9285714285714286
-37.62330893663154,-0.9161430358045481,-0.7911555415570156,-0.6153985907031747,0.35440940236104024,-1.0
-14.952650819624623,-0.42868720110889935,-0.9088270126068199,-0.6113267003640084,0.20646085201368244,-1.0
-31.908545885108754,-0.5773284690333211,-0.8032297463138898,-0.9091957751866576,0.37810826355132326,-1.0
-56.2414683264491,-0.9531569028323675,-0.3050635804049703,-0.7535163812984154,0.15899507497447227,-0.9642857142857143
-28.728205843966503,-0.1648952573843548,-0.8242561715644403,-0.8681933845210928,0.4002601388815817,-0.8928571428571429
-28.47108804947853,-0.6075956157631597,-0.6407530152885997,-0.7843167245368603,0.40190589986732295,-1.0
-40.11965556352231,-0.3434771962614845,-0.38896703763688334,-0.24675045314640986,0.3528221872993463,-0.9642857142857143
-43.900386624824016,-0.5770585371639979,-0.4612826203825505,-0.9093988274677716,0.30563783639646946,-0.9285714285714286
-43.48223554336159,-0.6697389757235782,-0.8191446986587217,-0.7923366626880943,0.3242098843442427,-0.9642857142857143
-42.58293898323305,-0.9678228004033789,-0.8272628905178696,-0.8400622752476047,0.2231853495682224,-0.8928571428571429
-38.530641943758006,-0.6640338693807145,-0.6350749612724769,-0.8727698926668892,0.35117874711654934,-0.9642857142857143
-53.927330594920925,-0.9527703097876135,-0.8259762655598859,-0.8222911205642605,0.15564325934488069,-1.0
-38.54215225975787,-0.8059686453112188,-0.7287900629179477,-0.9256980299586715,0.32515947803972545,-0.8571428571428572
-43.22153634087496,-0.5450147594060258,-0.7605950902400764,-0.833685949689339,0.3159108330558997,-0.9642857142857143
-50.59955850566466,-0.6992584151037193,-0.8035049746035379,-0.2824126710743448,0.2513557143412327,-0.9642857142857143
-53.55950546163718,-0.8722968138360245,-0.5107029600653514,-0.6407930277878643,0.22099329301183945,-1.0
-16.25892215240702,-0.6995581761554994,-0.9103421810215424,-0.7535433207988596,0.28095924695562235,-0.8214285714285714
-46.03354719700312,-0.9159725187104665,-0.8553406712248482,-0.5629353388968146,0.2950932733162588,-0.8928571428571429
-38.11190576298468,-0.31073341368736357,-0.8692048589573715,-0.6386611483409663,0.35140117118275865,-1.0
-78.39790027804456,-0.9996338056610281,-0.9052001409816234,-0.950673030902925,0.11466632138074152,-1.0
-23.011300309720763,-0.9657745888675391,-0.8350453545302647,-0.46996076776714696,0.41041001164181046,-0.9285714285714286
-29.035647670491322,-0.9804563851604664,-0.4645204308000293,-0.9210369313195743,0.3551774454873451,-0.9285714285714286
-44.89164805785189,-0.9323021451232933,-0.7751918972774514,-0.6118240138728477,0.3168667643972776,-0.9285714285714286
-49.58174061301805,-0.9527234133986052,-0.4937203465095618,-0.36012611757914464,0.2657746218723203,-0.9285714285714286
-54.58793070385325,-0.8571113210055834,-0.26753993129175185,-0.6735148702155284,0.20955553153561457,-0.9642857142857143
-25.832037749045426,-0.8775783839986052,-0.9098401296864831,-0.21641365204461643,0.355764479607768,-0.8571428571428572
-38.26257435743146,-0.5716297291738791,-0.8213857702167421,-0.4812295606337962,0.3549830304636506,-1.0
-49.92766984728951,-0.8819912664716739,-0.77378418014582,-0.5320190263099919,0.26809913630408255,-0.8571428571428572
-36.71494145464009,-0.9258293907226297,-0.8681815651145807,-0.894685314184941,0.36003281933928055,-0.8928571428571429
-44.693066883608346,-0.9140812359016505,-0.45173267232104913,-0.5250152168854992,0.3076337995391876,-1.0
-43.60074798067162,-0.9776234058505486,-0.5784367172374908,-0.7346844816357095,0.3103230185389772,-0.9642857142857143
-30.960346981497523,-0.9560841682184862,-0.8028415329030334,-0.6662066366269687,0.3820817772547276,-1.0
-54.61820012774038,-0.9021942301319993,-0.8191435215472057,-0.5231802083782056,0.2024873865079123,-0.9642857142857143
-52.26480604184859,-0.5055822532753838,-0.6738815302840007,-0.36857038531697656,0.2521635046857276,-0.9285714285714286
-27.6170498559245,-0.046348609380676906,-0.9126518159609912,-0.7923234946783836,0.2215630568258161,-1.0
-49.50382082168478,-0.8330377219416926,-0.7049526703810287,-0.8648249637538277,0.25001122190325575,-0.9285714285714286
-53.589378363655136,-0.7574779601445084,-0.9111146645348125,-0.7181019368906525,0.1960897108678612,-0.8928571428571429
-47.310669205636906,-0.937635978629491,-0.6363625717017143,-0.8723607272787085,0.2792991018446988,-0.9642857142857143
-42.735050286297636,-0.11971787683745526,-0.9041295939485797,-0.11116066921217341,0.29222951821789755,-0.9642857142857143
-32.98913598808584,-0.5985030890334978,-0.8636598093180524,-0.9136202487304157,0.37553163729312405,-0.9642857142857143
-48.593726484043614,-0.8023074068643355,-0.5866456665035817,-0.9007992063313895,0.21855726951153004,-0.9642857142857143
-44.410409644127405,-0.9230084485748703,-0.5634466282200344,-0.9098297544155294,0.3056388505927734,-0.8928571428571429
-40.05969121920895,-0.9587587209772653,-0.8038682394825196,-0.7202904100621252,0.3099655248929628,-0.7857142857142857
-39.2912970053561,-0.11473450896315042,-0.9121117825792205,-0.05412558571166934,0.3404511832225942,-0.9642857142857143
-12.239945664146063,-0.5874654358453227,-0.7147205450691445,-0.9156830119870266,0.4520948313459941,-0.8928571428571429
-40.98730257155235,-0.91340831779118,-0.4573810764145339,-0.8330982872636685,0.319567864700469,-1.0
-38.18094755518748,-0.8052849787745907,-0.7805639207395467,-0.8085371488710731,0.3548777986401435,-0.9285714285714286
-38.69655748607934,-0.9306920078771939,-0.8026804373343754,-0.8532356208799902,0.34575277315719044,-0.9285714285714286
-55.010627097239436,-0.556282316397951,-0.500439825562739,-0.9029725967633891,0.18644844106801758,-0.9642857142857143
-46.797227683756724,-0.6106547983818876,-0.9011662042609793,-0.27827727552292936,0.28185003164070654,-0.9285714285714286
-8.87416671204282,-0.2933078954901024,-0.6434739699997535,-0.74187554175996,0.4568772695714137,-1.0
-31.96828012817186,-0.8784653055724521,-0.7969913221116011,-0.9012006629350477,0.382180158771478,-0.9642857142857143
-50.68352432346033,-0.10174649179812027,-0.9001326559034909,-0.4917860185199969,0.2013545584898651,-1.0
-15.030173704815569,-0.7229705267130074,-0.907516446624732,-0.7028601111186192,0.18551600097431636,-0.9285714285714286
-53.79640737512859,-0.9281604493607344,-0.4901227011247864,-0.9085950725420243,0.21656763455806605,-0.8571428571428572
-45.698995292795324,-0.8898667342981533,-0.714223123156397,-0.5761720833818236,0.30321591145615145,-0.9642857142857143
-51.87418169575353,-0.4928011470390827,-0.6308139086783455,-0.7345356048132049,0.261537512108363,-0.8214285714285714
-51.21363252583916,-0.796671697789206,-0.3116766579559687,-0.7965523102457743,0.2610780603386553,-0.8214285714285714
-48.87096480801162,-0.6713707301929454,-0.8757331980809949,-0.9195972983710674,0.23932517904053507,-0.8571428571428572
-49.419118438494834,-0.8517963233064673,-0.5636052682924676,-0.8940622388699496,0.27469565871095125,-0.8928571428571429
-47.122387945588365,-0.7069397778776604,-0.6846151177898243,-0.671021738146129,0.30101107352533973,-0.8571428571428572
-36.71002483185785,-0.5462383026601941,-0.8574477250740253,-0.39231852791620103,0.36251169858238724,-0.9642857142857143
-45.003390147894336,-0.9904779618271583,-0.5623845048464378,-0.7675820165327325,0.3152825742497074,-0.8928571428571429
-23.419806909891378,-0.9663803010366558,-0.6523350341070929,-0.8911050492597303,0.23135489705552678,-1.0
-7.403563488420285,-0.8238932082671506,-0.87827442216452,-0.8539081586472405,0.459867430219044,-0.8928571428571429
-42.639569744333386,-0.8110349158902355,-0.762132985469118,-0.9023612227972049,0.2985183848812281,-0.8571428571428572
-48.57317443961048,-0.9548190138964014,-0.3821420084507914,-0.5254076086028383,0.26874790856445535,-0.8928571428571429
-54.098240695634836,-0.9580707708070628,-0.850423723267164,-0.6203542370897805,0.1552815501868336,-0.9642857142857143
-44.8120418532958,-0.6429273428226714,-0.9014023618226215,-0.47327864142287385,0.2374981305981801,-0.9642857142857143
-39.492760347513986,-0.7866046920149202,-0.5484114212190803,-0.8079253839893149,0.35205547883521365,-0.9285714285714286
-39.74334092814035,-0.5882335492734431,-0.8713285604702156,-0.7009446766528394,0.3474937930586112,-0.9642857142857143
-8.754682641510852,-0.6153648878497022,-0.8189126090040152,-0.9046190050374491,0.45434037521112725,-0.9642857142857143
-39.97196862744928,-0.4564083991872581,-0.8291111866295147,-0.34635683279425733,0.35088418241753944,-0.8928571428571429
-38.53570585700615,-0.8003080903838649,-0.769766979605699,-0.7084285631337033,0.3544586956927484,-1.0
-55.48388441334297,-0.6429162040395421,-0.7732709894694323,-0.8798649059876931,0.161500595788034,-0.8928571428571429
-39.67732424144553,-0.8022856594315589,-0.6069868406424782,-0.8158643208312837,0.34870724265606745,-1.0
-31.758854607936417,-0.42440639542515723,-0.8933964390260275,-0.8187880693351153,0.3906869580276995,-1.0
-41.50420541303187,-0.4150599977147241,-0.8791126179108941,-0.2750674927177916,0.3166748053188392,-1.0
-41.12176686286376,-0.9606188826682089,-0.8057791779110987,-0.6034073419478342,0.33491180167549645,-1.0
-55.79214869920189,-0.5327276865586348,-0.9072178364396072,-0.6956126866537483,0.17842273611104656,-0.9642857142857143
-49.07815584119596,-0.9167908270073724,-0.8289634169893028,-0.24377064363189868,0.2754700234496698,-0.9285714285714286
-10.544013713951145,-0.7423857600211513,-0.8727034591797673,-0.8081290015913134,0.4595251992515368,-0.8571428571428572
-19.8596714059864,-0.46131227091968274,-0.7581264459079553,-0.8128705242987614,0.42805867232777883,-1.0
-54.211828191717686,-0.8098606859068433,-0.5091225554067857,-0.8363222913451843,0.21454098729532686,-0.8928571428571429
-47.243882930398684,-0.7915160259145334,-0.6505366238902243,-0.6220607485323046,0.3003341602350324,-0.8928571428571429
-45.10328451747238,-0.9119361766964362,-0.4412604532936665,-0.7549756983326943,0.30977520535414393,-1.0
-48.642770037581194,-0.491092375661266,-0.8822549219337126,-0.5838962344972659,0.27887730140003175,-0.9285714285714286
-57.61067924923779,-0.7763291993639163,-0.8930403300681792,-0.8107196218118575,0.15111654592074072,-1.0
-9.56974142334213,-0.31749265382778996,-0.6359670737272,-0.9144996290268463,0.4536487694116729,-0.9285714285714286
-29.79105725455838,-0.49914089717019866,-0.7544905716215603,-0.7009057128833459,0.40068878026691934,-0.9285714285714286
-44.91273427369628,-0.8543777104106425,-0.3348563385313443,-0.8806263075268062,0.30417841959975567,-0.9642857142857143
-39.43942975741318,-0.6067542159569753,-0.8627071417439052,-0.8032614090775376,0.34751008598757577,-0.9642857142857143
-10.74181012058495,-0.5762260183283952,-0.9056789216570706,-0.9269030814190726,0.44639192009449646,-0.9642857142857143
-29.89005514340489,-0.9632413391121575,-0.8693104547982636,-0.8727945941788093,0.19212824923125238,-0.8928571428571429
-52.00127427181987,-0.25991693235804936,-0.28297815029802803,-0.23390645782771527,0.2575258040802344,-1.0
-35.22819479267852,-0.6986139892145892,-0.8819777085616158,-0.7265202593179927,0.3742107295902394,-0.9285714285714286
-26.21657132404162,-0.9760792919210802,-0.8393921111053102,-0.9141223600955349,0.16525849598518946,-0.9285714285714286
-36.08213192376536,-0.7033440913976323,-0.8819811855480798,-0.25754323239389987,0.36635901531894005,-0.9642857142857143
-43.01840783246785,-0.8871818119850039,-0.7585762258943421,-0.6262550696891667,0.30273125941875983,-0.9642857142857143
-28.92523855956436,-0.6961686440950092,-0.9044131256051926,-0.4313009669819689,0.3893108972568267,-0.9285714285714286
