0.15135907078251054,0.9356204619088706,0.8929205095962836,0.9603495302134782,0.872840248747913,0.8356605471273787,0.6865634472305525,0.9779875484946468,0.19717966649355276,0.9966837318965189,0.8855664333254611,0.9951749117949733,0.31254183377538197,0.9461885732216582,0.8708992290144326,0.9892797238822628,0.9567374242920113,0.5546465352882097,0.823494399219256,0.9143943403576509,0.8198627254494869,0.5156884421117324,0.7429396599401852,0.0688514328797799,0.8484789057963134,0.9535831215251684,0.8911130011837707,0.748384738061643,0.6241480344947773,0.42331179513783423,0.9617861082059381,0.6583038396272308
0.35365970814553416,0.9010981207139599,0.8970398989072531,0.9878023828453402,0.821698111383855,0.9917605136682345,0.7697043746304074,0.996100341076178,0.17406446288098784,0.9990416792554578,0.8873381972085661,0.9965765896260276,0.30958182006455776,0.9452117261618047,0.8731949619938034,0.9237205495292143,0.9534341502382805,0.5548025523028269,0.7229713200511828,0.9227110621962622,0.8195439457878239,0.2791407769264487,0.729782369343527,0.13872624275463274,0.6795795600555379,0.9692172400489997,0.7557702612434999,0.35759558325576846,0.6352858147697433,0.37653196730880073,0.8435448149883679,0.5860663243702696
0.3556224406637251,0.89868282642737,0.8910284069369512,0.9251476538114675,0.4597328802066959,0.8818600109360342,0.8708662118045252,0.9831374666834902,0.2859322091153241,0.9966672489110876,0.8926714438215625,0.9983629688264718,0.40777682685235966,0.9466760747080247,0.8733417817666856,0.989028524284462,0.9611163661653411,0.3127701501552251,0.804658959911023,0.9439245985051054,0.7398714121053773,0.4473863077781921,0.7249745468171472,0.847698908114482,0.0907312799749192,0.7424468461467768,0.7447466891112359,0.753238001694222,0.5334833968318898,0.22599219212080784,0.8286980679230644,0.5866929382822776
0.42523039417971487,0.9275863147626063,0.8969491860824144,0.9897895322422098,0.4659486159169347,0.987320448898918,0.9252590221844947,0.9721550560893977,0.17829602876312137,0.9866793014143529,0.8873166247055181,0.9452029697853458,0.3159546542369795,0.9463015066972431,0.9452559332459698,0.9853394482638709,0.9505934139497315,0.517501700694327,0.6281265649929938,0.4630778093377987,0.35429330648763535,0.5759051316836273,0.29561575302053855,0.1566881220908128,0.06941225717465577,0.9868741181915367,0.3869642032996243,0.7556407132706359,0.5892400914473349,0.795165598123421,0.8333281820137707,0.6724722744018818
0.44903528241416163,0.9926779297773077,0.8895441675151644,0.987456198694112,0.44101461541911813,0.9964947708256733,0.8691464026224174,0.965529943646589,-0.8107814298946238,0.9932342137108965,0.886380557919017,0.9979170655321856,0.476564849882703,0.9674695991852246,0.873220597850886,0.9892848424812292,0.9903543608771149,0.555371694691027,0.799890492647562,0.9223607859262596,0.8196239410684428,0.5311386849917369,0.7239313173296724,0.6851612408265533,0.06769911797544537,0.9869640386299905,0.0015349900587353577,0.33169079675189755,0.5484093591925641,0.2856550839706412,0.9871709847062391,0.6733801335009726
0.24504276475956566,0.9355903322613953,0.8928753852616852,0.9632745528056893,-0.6269306440960598,0.8358377239413178,0.691087010233938,0.645498153274689,0.19717966649355276,0.9709636292129455,0.8847235338887758,0.8909513821807479,0.31254183377538197,0.9456740682663762,0.871377275462099,0.9906155914429362,0.9503877094635725,0.5823886789750953,0.8891069509680044,0.9143943403576509,0.489551881066495,0.5137993069324767,0.31743467039561823,0.060615812046877826,0.8343823835475377,0.9073136940470053,0.047259942901611535,0.36116895542852195,0.6250116300285461,0.22791899780613692,0.8450602956472915,0.6583038396272308
-0.005220700262451644,0.9074711399075744,0.8952213921621147,0.984131745440711,0.6958915378474783,0.8451942477975651,-0.7432287430164071,0.6883179457826847,-0.8288326137598793,0.2931021960462192,0.8509742113796769,0.9898376640510096,0.3395685106736627,0.9416979379610428,0.6529484202444542,0.9353766726213032,0.7469492166343809,0.783503713260369,0.5840943620442495,0.47965862739327025,0.3452012912692314,0.5034662093068221,0.7438933267283583,0.7559679299741846,0.020924591219461948,0.6283438925251082,0.31855711136828513,0.4093422784206481,0.5760621108692813,0.280363555636646,0.8398887557070687,0.15257315566541396
0.2170289455146056,0.9929984080059483,0.8922965384146601,0.9911029747088933,-0.5984400679918687,0.8238388975857389,0.691087010233938,0.9990509657411384,0.19696426981399376,0.9424282400240956,0.8845762239829841,0.9971204503548785,0.2964601537336794,0.9438555011235209,0.8722889026641618,0.9949968972563348,0.9545330376396146,0.5347742079147316,0.9339528873399523,0.9142075081796062,0.7998598880286607,0.7673720344729239,0.1903818337628397,0.11236460942604214,0.8561886861050321,0.9736842021124805,0.047259942901611535,0.7490959419351118,0.948042580010471,0.22755678445630653,0.902866463946546,0.673208708048917
0.22848076745816687,0.9902042363074225,0.8928753852616852,0.990471402617654,-0.6269306440960598,0.9988462792256166,0.8644878208582631,0.9983015193186187,0.2530593499036,0.9541031222318337,0.8847119316824976,0.9971204503548785,0.3120853870479167,0.9446374327293149,0.8713954376290017,0.9883574792510685,0.9541574944913325,0.5374268450515872,0.9337023105982638,0.9375746369625687,0.022310344646030156,0.7673720344729239,0.07285080435475874,0.03611314704505253,0.8363096064021602,0.9747955046648941,0.04000197031888758,0.756342055613542,0.9660936707244838,0.224521210796168,0.8697095452009005,0.6403762680467039
0.21808213265496873,0.9929984080059483,0.8929186477855082,0.9911029747088933,-0.5821245723349598,0.8248616289743683,0.691087010233938,0.9990509657411384,0.19696426981399376,0.9424282400240956,0.8845762239829841,0.9971204503548785,0.3094735029959146,0.9438555011235209,0.871377275462099,0.9949968972563348,0.9545270535540717,0.5347742079147316,0.9339528873399523,0.9142075081796062,0.7998523872001934,0.7673720344729239,0.2051056813667218,0.03302638482771875,0.8561886861050321,0.9736842021124805,0.04768988145493659,0.7490959419351118,0.948042580010471,0.22755678445630653,0.8720239338286142,0.673208708048917
0.27807539567727996,0.8604415420552856,0.9050694346799237,0.9088534890826172,0.5460374939264536,0.9879570558746334,-0.9336254854605378,0.6446293012815869,0.19398728920933486,0.9922731513309595,0.8941432646475964,0.8814093075092903,0.31252762881745433,0.9736110796124157,0.8695151851436117,0.9882873828149608,0.8858966231647556,0.5056823567946331,0.8578540275245752,0.9067268127759976,0.18196042114191782,0.4340657990891456,0.39733287495801567,0.0697651193258616,0.7074164871166586,0.9588033053664466,0.32658499623204584,0.8060366685452062,0.6429328195822589,0.2860896193834032,0.9326726822314588,0.6632282484743726
0.45105715991094353,0.9935031916851709,0.8886968921559568,0.9914747454969174,0.5951556195824078,0.9964882915582187,0.8699661445788377,0.9720931097854885,0.19797119175121414,0.9995044526478942,0.8864613807715428,0.9951207340294226,0.4770068963017648,0.9926374735806706,0.8730749271986801,0.9889527974908425,0.983546513968909,0.4951931149770009,0.8047389883199242,0.4755965756489684,0.7756476423305204,0.28262679368843796,0.7299141166363359,0.04054563338873679,0.024280026361684137,0.9958940966000618,0.022579895079616025,0.6815966001741489,0.5004019051537635,0.46377414421168367,0.8160522611253785,0.07783111662770911
0.44894748211944985,0.9937615757417735,0.8908222985798827,0.9988869802961383,0.5512367977066499,0.9994688077206056,0.869559756253741,0.9807463800128099,0.21155501531894894,0.9995044526478942,0.8936869135751508,0.9981571616883169,0.4770068963017648,0.9848178719833682,0.8794992967287907,0.989096656434664,0.9598107144324288,0.9969673958694238,0.8030692741749813,0.9132548049419473,0.7989593082297184,0.7083099815352024,0.1260071491831017,0.1396458746558861,0.04038327839035569,0.9564137832699693,0.043056785090411664,0.8128894992916698,0.9688245424816225,0.3573899916847186,0.9621588273969164,0.6578490719201844
0.3085543903895519,0.8665281986448017,0.8628236582392201,0.9923392795227987,0.44992107875800963,0.8550841168372187,0.8394675103833644,0.9775798443028751,0.17647657129100086,0.27737791781746457,0.8873245111269724,0.9971215781539008,0.34116418740135007,0.9837006648830238,0.8694906416582022,0.9677265592348275,0.9616598942425503,0.19184889590988471,0.7919250513609714,0.9633116142869522,0.3540272393985817,0.5110569293693797,0.7370548219472344,0.19235474248320603,0.07392192643724775,0.9753830405620089,0.7477338866063454,0.4250103998799179,0.6286128612849864,0.23347890286863204,0.8382587338342601,0.6721396438251191
0.3032255308836317,0.9998368586926224,0.8907947001155828,0.9633869456549046,0.5460953981867442,0.9994744601413755,0.8704543458256779,0.9887840393357803,0.26592437927259205,0.9997661406530929,0.8937440331998334,0.9986053807146845,0.40816549500539406,0.9973817297697798,0.8754660949329445,0.9977434466606377,0.7502518463861929,0.5498620113305941,0.8259439221844909,0.42192042841916105,0.8040377683919431,0.618097093869953,0.7299471164678947,0.11646952371377428,0.5505784267071686,0.9950029942093085,0.00993671308572967,0.6743566899734922,0.9733665014231033,0.09635961474340332,0.8804304869367502,0.12592863761892215
0.3693642702277496,0.9849916010875993,0.8902895385063008,0.9926682887311651,0.6660690617777768,0.9955955014026824,0.8678678018243341,0.9811356468600803,0.26256899788671495,0.9995393641802719,0.88418848923641,0.9652985679255371,0.4770068963017648,0.9849531305939868,0.8736494812408361,0.9889527974908425,0.9582364979319784,0.4951931149770009,0.8047200047703736,0.9134446072709588,0.7756476423305204,0.28531475337895223,0.7122439552327887,0.016512128953232355,0.005877756652350359,0.9958940966000618,0.007810531031781097,0.8113592097994485,0.9688245424816225,0.7303211661180525,0.8196018487602851,0.07617853199205983
0.4510907955416841,0.9953030076121184,0.890802529744311,0.9929370077832625,0.5437987630309485,0.9954070431138621,0.8693935420077428,0.9803438703517824,0.21335832658858384,0.999535136784899,0.893898469587497,0.9898714138922042,0.4770068963017648,0.94730194056951,0.8730866492484246,0.9889527974908425,0.9476759123275466,0.49974532994306653,0.8030692741749813,0.9054360276073999,0.7701301660378779,0.3105688256924674,0.24236596059119694,0.0041760427397354305,0.6197347261620517,0.9470110684600861,0.04152286541908508,0.7931616019156671,0.9688245424816225,0.19916181764651597,0.8311489425735361,0.11300270791889383
0.004469210328897938,0.907398839142558,0.8909042196788137,0.9880833668075197,0.3942200119324988,0.9977080420986071,-0.8109070086804052,0.9104349801499014,-0.8768544694391383,0.276935318867496,0.8464954965661171,0.8945777264680346,0.3313772605213207,0.909151495573408,0.8496495158318235,0.9798832568635117,0.9332587230426541,0.18511786589736262,0.69356073537501,0.9132692852089493,0.19551349811620417,0.5120843498393279,0.2087366411218773,0.752313740014608,0.03898711595878036,0.5684136139703355,0.0026960608452958057,0.6915643948458021,0.618155540960899,0.2848056705066787,0.7504619333533639,0.019167582398152472
0.23350732872976782,0.9935025115818397,0.8928793436543,0.992882848019988,-0.6269306440960598,0.9919551000729843,0.8698739118147214,0.9983015193186187,0.2530593499036,0.9576783419408355,0.8843043740894793,0.9982155463727658,0.3120853870479167,0.9144245297190954,0.8713954376290017,0.988943550456554,0.9541574944913325,0.2592825408427653,0.9337023105982638,0.9352439429609996,0.022310344646030156,0.7673720344729239,0.07285080435475874,0.03402989055468192,0.8363096064021602,0.9731659739888283,0.0023103714549723223,0.7560113203769522,0.9616185932788632,0.224521210796168,0.8686781609747276,0.6403762680467039
0.27807539567727996,0.905865134336116,0.8900346032223997,0.9857774212252249,0.3174699871860882,0.9920298360932839,-0.668185109046728,0.6443688431032113,0.19396174153209952,0.9907533771841879,0.8839486660273851,0.8952380105752284,0.31252762881745433,0.9454525370862248,0.8695151851436117,0.9883336310162063,0.885312649993908,0.5101142771535347,0.7631113174730396,0.9067268127759976,0.14229415586061775,0.43391717607603797,0.6982638936407823,0.04504913529829069,0.7074164871166586,0.5686674526367389,0.33139745887806416,0.8060366685452062,0.5125238201532601,0.3754874570805553,0.9344512850806026,0.5073113455385243
0.22848076745816687,0.9932743887492357,0.8929219055410935,0.9911199890967128,-0.6269306440960598,0.9988097294503766,0.8650160484919794,0.9657064712593818,0.2596119707941853,0.991269523163759,0.8828756512557673,0.9634698439968722,0.31314761460443763,0.9188657984871946,0.8735962799975068,0.9883019658709614,0.9541574944913325,0.9841670407594726,0.8060374293335372,0.9873700016532534,0.1997666323409677,0.2881183041052466,0.31743467039561823,0.03611314704505253,0.15730009515516832,0.99501509911366,0.04272610509818915,0.756342055613542,0.9428671099129527,0.23117437100439,0.9169032495728313,0.7381962276809269
0.3453851208667692,0.9935798449067905,0.8925145741280731,0.9910541014678218,0.38556562451276083,0.8343906531375164,-0.8784101644090967,0.9783648763985535,0.2821022632692242,0.9821107066867171,0.881729717479904,0.9967768437890778,0.41732913012205947,0.9718024217355654,0.8730854382260181,0.9910311964154915,0.746969788684879,0.5579646400927689,0.7716785592798905,0.9158718480412336,0.12505314012250063,0.7831490846563012,0.7161571845505338,0.007680615293560886,0.08608949856616187,0.9834147803574951,0.046321629609590735,0.7991921431805739,0.9868392892957587,0.1875248442889834,0.8175672773439739,0.1366336630929917
0.25811636416022626,0.9355077719656271,0.893004533012903,0.9632745528056893,0.29903873146364107,0.8330377642717607,0.691087010233938,0.645498153274689,0.19717966649355276,0.9727993399173732,0.8847235338887758,0.9845791301305516,0.21302523180431376,0.945428969050557,0.8708351961307541,0.9856845447097538,0.9264429898675812,0.5590536542511458,0.8796445363882349,0.8769911051087785,0.8104840572058852,0.4906720221043574,0.4138746873122259,0.06028810399742224,0.7112472876159098,0.9703485075218452,0.015378887309044194,0.3367175170219266,0.977399192891367,0.22328299954263028,0.9359483854856743,0.5838882418801903
0.002692445327326115,0.9088667374730227,0.8902453237083161,0.9881311129802433,0.691676235448405,0.9945624377463737,-0.815168426954518,0.938258471854507,-0.9491076562904317,0.3350307205610099,0.8931132228882013,0.990016039704602,0.33122924260248643,0.9165844059149512,0.8793043314512378,0.9888837912137642,0.9528293652366628,0.22516348142672754,0.8181371762815255,0.8997434887455789,0.1790626625302862,0.28145051631476553,0.0864499837759169,0.8695464226223983,0.08580171151082949,0.5527475584666552,0.021793906925452106,0.7015548285632862,0.6196517181871081,0.6684601330769651,0.9347489151240567,0.031197896558315313
0.2159658964880881,0.9931756618304002,0.8755979406088106,0.991130853381653,-0.43034586713975553,0.9917809133692894,0.8644878208582631,0.9632122575200445,0.2596119707941853,0.9590833207578696,0.8846034491233987,0.9971204503548785,0.3120853870479167,0.9464065182030267,0.8713013331272046,0.9889348185817974,0.9259512267427368,0.544311172896572,0.9313296607049469,0.9167140293859256,0.8219738943636082,0.4255669990781962,0.3104250734586892,0.012911142838106526,0.03595299720666609,0.5715448821249576,0.04000197031888758,0.756342055613542,0.9474077967773239,0.17750269801120142,0.8691703003343649,0.6700348038735872
0.22848076745816687,0.9998494706363925,0.8929598107389157,0.9931426307314853,-0.6466448179831285,0.9994900150044459,0.8644878208582631,0.9634776174187961,0.261607783093315,0.999192785292608,0.8665747581723087,0.9971204503548785,0.32028510125861237,0.9971365243823148,0.8731000278221686,0.9533070663470263,0.9545321826642121,0.5407056871571294,0.9373536938291949,0.9829866963626942,0.8226294985630497,0.7081132250981691,0.3159846523221441,0.0508990946151458,0.8642850091411327,0.9902475505593842,0.04652067066506444,0.756436648958718,0.9680825180046339,0.7202672427601652,0.8697095452009005,0.6707059264402501
0.3453851208667692,0.9935798449067905,0.8925322285062347,0.9910722935529176,0.3885134862933578,0.9705398322566426,-0.8784101644090967,0.9783648763985535,0.2821022632692242,0.9821107066867171,0.881729717479904,0.9967768437890778,0.41732913012205947,0.9793672146471977,0.872618118480902,0.9910311964154915,0.746969788684879,0.36413820585697443,0.8030830788330431,0.9158718480412336,0.12505314012250063,0.7823204215251334,0.16922528451769975,0.007680615293560886,0.04597246113817542,0.5621023128120304,0.026780849474287587,0.7991921431805739,0.9867939418669518,0.1875248442889834,0.817202923320413,0.1546128819449599
0.002692445327326115,0.9088667374730227,0.8901265968504511,0.9881311129802433,0.7039741859143916,0.9945624377463737,-0.8212895851221415,0.938258471854507,-0.9491076562904317,0.3350307205610099,0.8931132228882013,0.990016039704602,0.33122924260248643,0.9478058922642494,0.8786161264846146,0.9888837912137642,0.9528293652366628,0.46015532304620277,0.8181371762815255,0.8997434887455789,0.1790626625302862,0.28145051631476553,0.6464575108152317,0.8695464226223983,0.08580171151082949,0.5527475584666552,0.021793906925452106,0.701339733361311,0.6196517181871081,0.6684601330769651,0.9347489151240567,0.031197896558315313
0.22848076745816687,0.9931756618304002,0.8907692875911466,0.9911192401543966,-0.5987530750671067,0.9988745885793885,0.8650160484919794,0.9649374266690531,0.2596119707941853,0.9630388029224894,0.8828756512557673,0.998406828632369,0.3120853870479167,0.9434420006461741,0.8735962799975068,0.9883019658709614,0.9536398721957878,0.9841670407594726,0.8030200396317593,0.898005060584429,0.1997666323409677,0.5122506797967802,0.0771667588564405,0.03611314704505253,0.9057035267142398,0.9406548316251407,0.04017700659540822,0.756762525260511,0.9428671099129527,0.22612288906804168,0.8779679166931442,0.7381349285125488
0.4777857564113033,0.9931668438903373,0.8886907730375236,0.9993720506197973,0.5513639327474911,0.9994688077206056,0.8699538844531707,0.9622335485499152,0.2142258144842428,0.9980136401852245,0.8940310292577038,0.9987684963183833,0.47655539112104844,0.9977508262090823,0.8734693397054285,0.9896157736194431,0.9763191961694037,0.5062216443365449,0.8044132922902852,0.4991504955980015,0.9436638722523634,0.7595222966738707,0.11913369679148146,0.13788397142261957,0.05389122987558098,0.9913867359391296,0.043017531060415184,0.7931874900887211,0.6010357908357016,0.37689616616373645,0.8710493364051378,0.11355988971779951
0.3193563365576384,0.9938978569428906,0.8909320199732346,0.9988889724329172,0.5450441270140416,0.9993628582353675,0.869559756253741,0.9810600161097701,0.260222266783981,0.9995044526478942,0.8938109539051495,0.9984362084743353,0.36510019769372765,0.9628695349313299,0.8737038373041349,0.989301032830471,0.9503550713641039,0.49262062525991634,0.8029874789879875,0.981526044268144,0.793935897981785,0.3094194873314606,0.25473388275555564,0.14180922366223644,0.06197676616715403,0.9397659606808894,0.8553409114428103,0.8133962901784452,0.6097821818349952,0.939083842477309,0.9621588273969164,0.16564195080635502
0.28589046553355624,0.9935031916851709,0.8886968921559568,0.9914747454969174,0.511071784940191,0.9861151474701024,0.8699661445788377,0.9659593454520942,0.21516247752405437,0.41519165889727144,0.8897734808809538,0.9965833791272293,0.4196478449234003,0.9944568500154716,0.8727870747070458,0.9889527974908425,0.942778349909247,0.4951931149770009,0.8047389883199242,0.4961990130051273,0.7597459252841615,0.31197426938706435,0.7120103838721495,0.01819622505071606,0.03723339052517688,0.9958940966000618,0.020329822243330804,0.8037540213801423,0.7145565869379528,0.22792538179515928,0.8292830764993968,0.15835453035365607
0.002692445327326115,0.9088667374730227,0.8901265968504511,0.9962770860209909,0.7352040027622093,0.9961309785853418,-0.8205339637786561,0.938258471854507,-0.9491076562904317,0.3350307205610099,0.8931132228882013,0.6884197324907199,0.33122924260248643,0.9478058922642494,0.8786760083019372,0.9888837912137642,0.9528435209873772,0.10835342797413278,0.8040439746446547,0.8915050460287902,0.17173199792679214,0.2810921340320363,0.302707567414369,0.8695464226223983,0.037738227244274856,0.5521963589903196,0.02107002198526956,0.701339733361311,0.6196517181871081,0.6684601330769651,0.9347489151240567,0.031197896558315313
0.002692445327326115,0.9088667374730227,0.8923913746558549,0.9881311129802433,0.7026340418744694,0.9912382003508328,-0.815168426954518,0.9820465769136663,-0.9240300681161089,0.38097954519315536,0.889928941368199,0.9898703685200881,0.3312662669637893,0.9165844059149512,0.8732902571077775,0.9888833432768827,0.9528293652366628,0.22516348142672754,0.8031100921782208,0.8997434887455789,0.3145829482109504,0.26879057223083186,0.043386775291913704,0.8695464226223983,0.011661584135568517,0.47108340019677275,0.021793906925452106,0.7015548285632862,0.6464360251143112,0.09572628908980514,0.8358097961495723,0.028373596403793964
0.2516898060495103,0.9303573523133659,0.8908137953822808,0.9671385287685851,0.3233298315568375,0.9926607074328294,0.878378891726223,0.962279745061822,0.26045597988777286,0.1290788858294145,0.8923883070077813,0.905115076468033,0.3136366490466264,0.9148963872896643,0.8729536860153628,0.9758250287748086,0.9594065526695665,0.34187417422335803,0.7550457275929038,0.9057894239912481,0.9537757976106894,0.2861441999456985,0.6980643918377727,0.8501565553112579,0.8956356576288975,0.9963445697226889,0.006240515959958282,0.343636036752512,0.9715284978810508,0.07198877873134607,0.9641419061586209,0.6725998806260176
0.3074399299795572,0.9930281059979345,0.8924833930898982,0.963849447936336,0.36721030993691334,0.8898968103132385,-0.8624067432045388,0.9614409786849586,0.17637055529215012,0.3015289362696334,0.8835868433400802,0.9966424132367498,0.40843567646515755,0.8374333293367432,0.9284783686853679,0.9882532496626314,0.9544964785034452,0.19595747342235995,0.8151455536432937,0.8596532401305873,0.04884887825835601,0.27893755299897144,0.08474180426231748,0.013698180292998352,0.04499996437284934,0.9967685291613448,0.009936809747047422,0.3334930072453789,0.6245842451393366,0.11296666446016745,0.8737304519012237,0.1619287975864455
0.004469210328897938,0.9039700573847615,0.8909527819281843,0.9912030920392547,0.6652771821707107,0.997047470760845,-0.8149503978032961,0.9619578210611327,-0.8804509305237836,0.274291482471198,0.8798850765049073,0.9965423781355927,0.3311400715926797,0.913793026159335,0.7140149496115111,0.9893786264620502,0.9923016928149381,0.459495796896372,0.7741621123522681,0.9136005913804837,0.7554501309851267,0.5189207586027857,0.7506969031893069,0.7830208722873127,0.023645847546392828,0.9657103420423129,0.007822070476461593,0.7378739651248185,0.6196517181871081,0.26585536316626335,0.9346613174082112,0.02682305480132058
-0.0042313041469729945,0.9415957980948384,0.8987003219256271,0.9997237476631812,0.6806087729998881,0.9993693264679571,-0.7479711862243684,0.9612786399303859,-0.9150745196195715,0.3477308940757912,0.8929619176550992,0.9975013268354999,0.30747399900891026,0.9992883896488951,0.9317085752743357,0.9977446230765838,0.9657899936630503,0.47915584399461164,0.9265731955374411,0.8995351677742839,0.11903643178718412,0.5189207586027857,0.7374115449042836,0.8028492378528134,0.020829405287335654,0.9902681784634038,0.2820097263537519,0.741525838432701,0.9600077005666857,0.26691142500075826,0.9628107149994992,0.0012678123525088347
0.3453851208667692,0.9940095502035765,0.8924534080301414,0.993147965879394,0.5283050008303222,0.9996964339815817,-0.8841158491286324,0.9792371990748154,0.2821022632692242,0.9821281900930987,0.8751753974108698,0.9967768437890778,0.41732913012205947,0.9996553144943339,0.872618118480902,0.9980504987116402,0.7516246931496422,0.26815106457197685,0.8062154488154883,0.9158718480412336,0.963648265265111,0.5187617398232732,0.7327024855759074,0.006971523135063648,0.0017612879172379386,0.5679787167705953,0.027251486164651895,0.8131268880861244,0.9867939418669518,0.17196981548406454,0.9181092976015925,0.15450775259553387
0.22403277231923183,0.9915936019624416,0.880045817694398,0.9910722935529176,0.35473626200701985,0.7908726527168701,-0.8784101644090967,0.9787796522165988,0.2804267855070744,0.9903642094392486,0.8813059448198393,0.9885471503284092,0.4149938148088818,0.9464570062103862,0.8754009896300311,0.9852594973397224,0.7468066369386182,0.10721731011525343,0.8029844516522737,0.9432554324297858,0.03178780626677912,0.7831490846563012,0.08489850794811098,0.007680615293560886,0.04799384368678356,0.40211768128873343,0.014244782822633025,0.7959532769124219,0.9850974744855404,0.22322194906750176,0.8175672773439739,0.11452654679187635
0.002692445327326115,0.9138494967906448,0.8902926248280245,0.994490181648255,0.5288180982620536,0.9978598426150052,-0.8293248563499657,0.9638186596995504,-0.8423096027388673,0.4402769806364957,0.8845660958922266,0.8391019054567448,0.31124076253947885,0.916769940208219,0.8714358287353214,0.9775435971669826,0.9700979726354444,0.8626387607813772,0.8003989453227678,0.8983750176256794,0.31620386024408764,0.31044308794695263,0.07394489755755168,0.852068678042539,0.03749267263555242,0.8061658200875048,0.0823770777080434,0.7015548285632862,0.6196517181871081,0.0951696209289731,0.8028274021300914,0.028373596403793964
0.21443899328566013,0.9930606876416621,0.8924833930898982,0.9656379925138137,0.7943284187797306,0.7986248780125206,-0.8695650037372702,0.9982988839191598,0.17637055529215012,0.2760792597274604,0.8816232320345222,0.9937694017950374,0.4088146680877875,0.8374333293367432,0.8946087157815119,0.9669285143242949,0.9592264127045923,0.10935965914826648,0.7651203366616925,0.9011755133177513,0.04961890392323205,0.32781386084369196,0.08474180426231748,0.13056915235629507,0.0760956745663887,0.9919129510633592,0.013911355946096778,0.3334930072453789,0.6245842451393366,0.11296666446016745,0.873444822133414,0.6643554091624777
0.002692445327326115,0.9088667374730227,0.8902923761676604,0.9881311129802433,0.542308578443121,0.9930336772085058,-0.8411074963434768,0.9641211305391387,-0.9199167154008989,0.39711841203270487,0.8841356428434223,0.9990499768323217,0.3396689263530536,0.9165844059149512,0.7125231074586864,0.9868202946578986,0.8839643578473584,0.8041970036681461,0.7148023961140447,0.9126699693153252,0.36334723624228277,0.19368880573937108,0.07216728345146867,0.839946591123108,0.03472613856950674,0.8083988096614348,0.0078123863715838255,0.7015548285632862,0.6196517181871081,0.08738678416129274,0.8398246423300407,0.026821935996960658
0.30132237566161113,0.9508873841314046,0.3467887923934193,0.9907885116000065,-0.615760304166924,0.8445591733407074,-0.869878862056893,0.4684030205844315,0.24495492507686764,0.1161273531270034,0.880153289382956,0.9509874496308707,0.13997663308460767,0.8893213169546005,0.7500780613119683,0.9885930358206076,0.7599264077536689,0.4807361987711909,0.24827876829163875,0.5168364272614978,0.04153185474551718,0.28224466309142887,0.12970075571301456,0.7144291136708587,0.054365871687111045,0.5679308034445819,0.03744398831804867,0.4092298503058625,0.5529958780223942,0.11519867750365663,0.8290757582189273,0.141039125021758
0.3453851208667692,0.9939279273976306,0.8925322285062347,0.9989722573595543,0.3885134862933578,0.9902775175224157,0.8812055243951296,0.9970625009489592,0.2821022632692242,0.999243998839493,0.8847181946889571,0.9979353180840251,0.48456622478270384,0.9466843090438027,0.8730886077329689,0.9910311964154915,0.9722691885889942,0.26919839845644605,0.948153904135862,0.7632253745872591,0.8899630895928188,0.7823418150653658,0.7084318095659478,0.23368389286128538,0.04597246113817542,0.9737518954779472,0.04392415761779922,0.8076771153068778,0.9920203853945193,0.3116378474250257,0.9577804244623079,0.1533015098888374
0.2308747175188559,0.9968685289434007,0.8930034420887618,0.9949898067941956,-0.5854690857745812,0.9925988137246559,0.8446230143209886,0.3953498536248273,0.2555075829102645,0.966099721508131,0.8846474283725284,0.9971204503548785,0.47641726767497966,0.9464065182030267,0.8712648624101417,0.9989257638647074,0.9488952905138827,0.26148070802078294,0.9073302933929221,0.5437457512136036,0.24047500372057956,0.7905130093984835,0.11005211595049436,0.03611314704505253,0.9054041011716346,0.9622555563111749,0.7670960775661186,0.7563142188971195,0.998473080125504,0.47254236578839603,0.8691017344243677,0.10670202789672296
0.22411559623619076,0.9931756618304002,0.8928753852616852,0.9911192401543966,0.15594805991117097,0.9319710293594545,0.8941838166824675,0.9649374266690531,0.2283908969410584,0.4305312386784931,0.8828756512557673,0.9984528513462911,0.3124694672834083,0.9502406657155223,0.8735962799975068,0.9882607819194054,0.9539982564898923,0.22412027981293198,0.8066203258735214,0.9857423744569372,0.21537432821220215,0.5122506797967802,0.31743467039561823,0.06617455405355405,0.9064472222643432,0.99501509911366,0.04095766134193225,0.7023234470449435,0.9357143044167258,0.09547992016963926,0.9709545703049849,0.03309239787879237
0.30068330966387913,0.9578530089570524,0.8902391428583873,0.9894471378849118,0.41017538525473796,0.8426366809188297,0.871374544775032,0.9638288683947536,-0.850762839855707,0.27850671778563507,0.8828127689108882,0.9912942668998259,0.41296009155008007,0.9321619735240804,0.8764363668432615,0.9107825857995063,0.8197643508830089,0.22817791667314527,0.9683384815184305,0.8442348029977848,0.353087254107233,0.49854395706366345,0.6914717578862968,0.14528471073238985,0.0214991810544074,0.9959354563111591,0.027307718334136987,0.31753311864186845,0.6199446193851122,0.11842044421972309,0.9419924531044892,0.09349696008466168
0.34606999243575665,0.9930004464820881,0.89258561957189,0.9910722935529176,-0.5977478188729054,0.7956365797280235,-0.8381005989019388,0.9787796522165988,0.29076876083053416,0.9903642094392486,0.881345725798655,0.988388406238104,0.4095030722062524,0.9464570062103862,0.8727749227992502,0.9883165535028755,0.9492288006164251,0.10721731011525343,0.8229598390649496,0.7563365639606247,0.11087006956388856,0.8185441685420172,0.02081012785212325,0.00745024918561675,0.04799384368678356,0.40211768128873343,0.014244782822633025,0.7984988155548596,0.9893097269290386,0.16023011401323203,0.8175672773439739,0.16467962507466308
0.30821957388084836,0.8698799011719984,0.3467887923934193,0.9903761934417018,0.5247893188457579,0.8445732422567496,-0.9211747271845693,0.37095710682245964,0.2586581377348719,0.1161273531270034,0.880153289382956,0.8836719308736106,0.14776310185646985,0.8893213169546005,0.8712643531770573,0.9850640038197185,0.9514136445412247,0.1775026002089105,0.26110784555405797,0.5167785553572026,0.12206444196478274,0.2305546288571456,0.07911967723279292,0.7169161888917019,0.030484223553035594,0.5679308034445819,0.006920273431758179,0.32827192127082294,0.5529958780223942,0.12315158476720083,0.8290757582189273,0.1286563562871331
0.3074399299795572,0.9928525220092698,0.9004601984165806,0.963849447936336,0.8107691687382957,0.8898968103132385,-0.8624067432045388,0.9983024464745336,0.17475926583230322,0.3015289362696334,0.8915263800596127,0.9983979086705325,0.40843567646515755,0.9182542362475249,0.9284783686853679,0.999403536141683,0.9593858786317224,0.26883550968996084,0.7487235814432182,0.9159868496782178,0.11656376436362628,0.5330430192933997,0.08474180426231748,0.13056915235629507,0.0678279615898212,0.9886827625644853,0.01693273841785354,0.3334930072453789,0.6245842451393366,0.11572403328097813,0.8782738457799624,0.6349418058781368
0.25795356158804084,0.9321235431846233,0.8900769322112605,0.963708578135005,-0.6162146406827506,0.7980771681418147,-0.8076014593424172,0.6425840565150677,0.18871159255985692,0.9975575944375423,0.9544887992865784,0.9849982251003802,0.4204000920203489,0.9464349872001458,0.870835228115368,0.9843142693424612,0.7525157742870104,0.10721731011525343,0.8364596003152105,0.6213220639352162,0.6372292336048356,0.6604161054426955,0.011716062479841638,0.00745024918561675,0.044728920959385146,0.40211768128873343,0.014244782822633025,0.7959532769124219,0.9573407802320263,0.22351299058383967,0.9350201549992165,0.1256456005452618
0.27728773006741253,0.9022892303191233,0.8901515105961328,0.991130116818843,0.3233298315568375,0.9921607710729555,0.934189696535281,0.964151254884152,0.048499629722461995,0.9663406513698335,0.8825990287281648,0.8944109387701887,0.3139429423719229,0.9441901483067499,0.9695732618694549,0.9922321169014421,0.9544013960535668,0.20240829607980065,0.7549977924940605,0.8780904255688917,0.124995095990804,0.27205949989993045,0.34501806709494187,0.8508636047849173,0.024541965688038903,0.5709645093804585,0.021827378968092656,0.7591303934437342,0.916327803977287,0.12402630495399572,0.9630269853211363,0.04212363431532817
0.23608672177046292,0.9968685289434007,0.8930034420887618,0.9949898067941956,-0.5133672989641238,0.9925664726937249,0.8446230143209886,0.3956841221620088,0.2555075829102645,0.966099721508131,0.8846474283725284,0.9971204503548785,0.41482308162021675,0.9464567452956371,0.8712648624101417,0.9989257638647074,0.9488952905138827,0.16411338289923488,0.9073302933929221,0.5437457512136036,0.24047500372057956,0.7905130093984835,0.09023428193562243,0.03611314704505253,0.9054041011716346,0.4779087484056784,0.7670960775661186,0.7563142188971195,0.998473080125504,0.2309161782912295,0.8691017344243677,0.10621935726992121
0.0026092527757971273,0.9454208505282415,0.88849092407265,0.987505040457021,0.52823747127429,0.9810683922599578,-0.7400253382299309,0.9928043004176687,-0.8818636443326783,0.3302995853358623,0.8294696988168102,0.9981961111969544,0.4225756041821542,0.9819576567589149,0.8954749808032727,0.989482817613946,0.9656950808094729,0.15523503283301482,0.24990084150872585,0.8937425760477029,0.15763746134088943,0.268551498313369,0.06420882210537768,0.7779126650908609,0.021461260586083546,0.9687974125301159,0.007822070476461593,0.7762899154076961,0.9850103057809562,0.12204435914383027,0.8905861745119903,0.00987834976127415
0.2631496092126197,0.9060831776098046,0.89023045497214,0.9654213382716305,0.3401900805146127,0.8166607805248411,0.8693233985526456,0.9630063583459779,0.0637287773624737,0.14325930781899104,0.8848685962821168,0.9045385682300526,0.34591074513625303,0.9151220919524355,0.9383454248355205,0.9885848389510138,0.9562026632856238,0.7840321264648534,0.7552947205196201,0.9649028048555367,0.4729713994410105,0.2721020262816128,0.08391910298821274,0.8508636047849173,0.12777837849585275,0.8144018056057085,0.0015349900587353577,0.3323682703016212,0.5921582747446107,0.2146774220023325,0.9641419061586209,0.6535263063227783
0.002692445327326115,0.9102855697407747,0.8902926249671125,0.9878044187877156,0.46026904931763346,0.9930336772085058,-0.8138531994645449,0.9992976298041961,-0.8782504289899877,0.14271995774445667,0.8931339964049362,0.9928443186894447,0.32997902353518244,0.9837820185996418,0.879346647302693,0.9868689536177186,0.7365084781014688,0.7774121137892296,0.7548315302451274,0.91355911203251,0.02864094628229112,0.30244640370823106,0.058003400409178174,0.8732262464125178,0.025844792956967934,0.8621763874148103,0.007246785456712793,0.7015548285632862,0.8272055914050637,0.20273122506503036,0.8189558219447853,0.028373596403793964
0.22848076745816687,0.9978296664494617,0.8910197281071734,0.991130853381653,-0.7304478153187578,0.9933782571365081,0.8614266077048401,0.9194653850932895,0.2781734172002412,0.9996845065021327,0.8853578272868241,0.997099043090034,0.3120853870479167,0.9464065182030267,0.8713013331272046,0.9858580926754661,0.8969110831324689,0.16411338289923488,0.9234773909500245,0.9603297653822593,0.15257378463759186,0.7842329773104479,0.2606620521998321,0.0621918421262582,0.8704543631190959,0.5634440525998394,0.26150557230430554,0.7419609150263375,0.9907692732966229,0.33751640044046416,0.9414390065119093,0.08928010939707609
0.34606999243575665,0.9996595481103699,0.8901194170827899,0.9981712446630591,0.4600207671323571,0.9985810885935674,-0.8394122124622961,0.9655493474970469,0.251485013516109,0.9888056253292272,0.9216698180661738,0.9959889701914503,0.4095030722062524,0.9530121246104812,0.8727105044016671,0.9990773989350382,0.7551051702529681,0.23514561754378535,0.8865515379532656,0.4170182752986081,0.15790072595694638,0.8215182120421487,0.08401984177125148,0.026289841027835048,0.08253767392245953,0.38887270113999606,0.014244782822633025,0.7984988155548596,0.9909122299200812,0.16023011401323203,0.8967240022207993,0.16467962507466308
0.45267295561938875,0.999327398596203,0.8901313378956969,0.9759000638205846,0.541713880372124,0.999583820880327,0.8704543458256779,0.9978435649757077,0.27795149166431316,0.11722505770282325,0.8922620002503467,0.9943150977849918,0.4782998814056546,0.9981384354314259,0.8754660949329445,0.9994785676245628,0.7547374520260395,0.16793854845378126,0.8891813664327004,0.5169061647837383,0.7264761559351129,0.508499097802192,0.4943241698880657,0.13162879161427082,0.0019381618625257495,0.8625609836021331,0.0008400636480355968,0.6517179955063128,0.9789519757462346,0.15599711674039157,0.8211036924146585,0.028114878946088176
0.44149071834285547,0.9915912966377809,0.8900900246345732,0.9910722935529176,0.5497783550129396,0.9930267783142477,-0.8138445762815385,0.9769849237231223,0.18871159255985692,0.9975575944375423,0.9162116545532636,0.9952902799077663,0.4089154530417437,0.9822399837375501,0.8790898280941581,0.9992889112100719,0.7078307090202207,0.08602772652591328,0.9571739535131358,0.4887124547578331,0.6391332556624411,0.6605799334444553,0.0066611016888939445,0.006718670513436567,0.044728920959385146,0.9217983416497731,0.014244782822633025,0.7959532769124219,0.9575063442081513,0.2921569241618652,0.967085856036647,0.1256456005452618
0.22848076745816687,0.9137971401982966,0.8752749043416378,0.9881492776303777,0.6449379070708003,0.9964806889016727,-0.6780707794313904,0.9478566344754445,0.2530593499036,0.9437565909580158,0.8846099707469306,0.9958584668949575,0.3120853870479167,0.9446339558164655,0.8713361824590478,0.9879220023879556,0.9261925366176841,0.5423067395128356,0.9339528873399523,0.8696899329859711,0.48669643265755436,0.28303336720890504,0.010152963708683627,0.017767271983395005,0.06743216480321657,0.504863249288261,0.00272926288185759,0.756699283912146,0.9644426090490397,0.224521210796168,0.8694756842416056,0.15642090324419314
0.23433271624754745,0.9985281813705388,0.8905616724280906,0.9999479511463993,0.5517651167232164,0.9988136837510436,0.8697141975304007,0.9981480577791884,0.2507036020765586,0.3430161959533918,0.9014828339512986,0.9996612988585011,0.47602892597818414,0.997974305357616,0.8785085472219892,0.9998206254866678,0.9710852960018856,0.4664371260542275,0.8239141875546054,0.8920570419408201,0.852432843370945,0.26226167503240144,0.7340282406586187,0.22761706496762013,0.024579841283267678,0.9988807179285933,0.7737180112720039,0.7563141180591662,0.690101344241606,0.3710894471488535,0.83839633814764,0.05176966087505762
0.45005541202593335,0.9923428815717837,0.8899466420915467,0.9865260346426737,0.5407237701243948,0.9964406788355694,0.8880833548899365,0.9883972188001708,0.1653225721170753,0.32286733030893316,0.9266708922640503,0.9942741837274034,0.4756996637789357,0.9961797438924347,0.868186772914126,0.9966834889957079,0.7123664449770163,0.05551823745307863,0.8081529773906294,0.4592802462509558,0.8116878848214997,0.2359960510097836,0.7264237942303651,0.09022556394867703,0.023035368648635535,0.9494437504971491,0.3620357489313274,0.6863939271182566,0.7949287068416185,0.112971043224753,0.8217759798925934,0.005843929198490756
0.22403277231923183,0.9512512071374635,0.880045817694398,0.987044241047236,0.33595903594476934,0.7908726527168701,-0.9918300742272544,0.9787796522165988,0.2589154353244881,0.9903642094392486,0.8813059448198393,0.9885508226251735,0.14053956308323717,0.9465427292572884,0.871438527391281,0.9850652551302151,0.7468066369386182,0.10721731011525343,0.80242829764734,0.9338080727334083,0.03178780626677912,0.7829286603312708,0.01045597269161451,0.007680615293560886,0.04799384368678356,0.40211768128873343,0.014540430429814559,0.7959532769124219,0.9960172512515255,0.22384256861432933,0.8368036238048918,0.09832079982394426
0.2596872757381674,0.9316212493382457,0.8900769322112605,0.963708578135005,-0.6162146406827506,0.7980771681418147,-0.8202440421494483,0.6425840565150677,0.18871159255985692,0.9975575944375423,0.8967286829064041,0.9849982251003802,0.4204000920203489,0.9464349872001458,0.870835228115368,0.9843142693424612,0.7525157742870104,0.10721731011525343,0.8364596003152105,0.6213220639352162,0.17046044973070473,0.28210460898233136,0.011716062479841638,0.00745024918561675,0.044681847980256886,0.40211768128873343,0.014244782822633025,0.7959532769124219,0.6210199042529491,0.22351299058383967,0.9350201549992165,0.13671975141908935
0.2308747175188559,0.9917931901915307,0.8925979493128455,0.9903694030495768,-0.5854690857745812,0.9925988137246559,0.8446230143209886,0.3953498536248273,0.2531542855984173,0.9661167184788104,0.8846474283725284,0.9971204503548785,0.41634211091961487,0.9464084463415184,0.8712648624101417,0.9989257638647074,0.9607903735814071,0.26148070802078294,0.9073302933929221,0.5437457512136036,0.24047500372057956,0.3129509121870653,0.11005211595049436,0.03611314704505253,0.9054041011716346,0.9819810715013566,0.7670960775661186,0.7563142188971195,0.6663135843924484,0.47254236578839603,0.8691017344243677,0.10670202789672296
0.43442962673267216,0.9999937454329374,0.89024511067198,0.9954780350961359,0.4929629103086782,0.9987285098271772,0.87040966043485,0.9812081134515372,0.20762179990924987,0.08201340275264715,0.9155448375072723,0.9897335224337859,0.4801925692201078,0.988410420094689,0.8795802101284766,0.9999669368714987,0.7626326213691184,0.14246932005004448,0.8593489350016258,0.9268226255063287,0.7757767761409046,0.301704080760469,0.7063923347412536,0.14088925837775063,0.02500680700427618,0.9893008340911759,0.0026273313269914405,0.7985663099891565,0.9945473602335582,0.2334135810922757,0.9008319512796003,0.04171756769080481
0.004469210328897938,0.9037718287216004,0.8902392319554199,0.9911868912586763,0.5905740453955818,0.997047470760845,-0.815168426954518,0.9619578210611327,-0.9200065123053937,0.274291482471198,0.8798850765049073,0.9992346284968674,0.3311549382566303,0.913793026159335,0.7140149496115111,0.9896314877944842,0.9857022027931476,0.459495796896372,0.7394199933083954,0.9136005913804837,0.6819770485244337,0.5189207586027857,0.06572749615918054,0.7861690893101807,0.023676742323242902,0.6153658928024652,0.007822070476461593,0.7378739651248185,0.6196517181871081,0.16738511582600915,0.8917202731625617,0.02682305480132058
0.23008714137414854,0.9872339945698579,0.8821948879261655,0.9944898195833495,0.40707525921664994,0.9943360881528596,0.8410207975343816,0.9987110328749006,0.2618163816447454,0.3491015424585061,0.9153098370896899,0.9987584825087228,0.4801925692201078,0.9479487986712167,0.8001416677516024,0.9973057534123649,0.9770424802993651,0.5213702483717219,0.8265353845004954,0.9288636818033018,0.12673732725021292,0.4502550043314238,0.7328645973972187,0.779563771829173,0.015777474325482654,0.9928030374646118,0.006816331442377033,0.7115160717899038,0.5986568995966152,0.2317593574735112,0.8377161491027826,0.02934263690360043
0.25811636416022626,0.9684687840969426,0.8076321824669034,0.9633706639130336,0.29903873146364107,0.8853560145171211,0.7679208895479253,0.6692746387140789,0.19717966649355276,0.35653396242896657,0.8847249212419641,0.9862218914938093,0.21302523180431376,0.9395283172341866,0.8708351961307541,0.9856845447097538,0.9548660657670556,0.5121375262021177,0.7918145850611441,0.9127802854360799,0.8052777010211991,0.49697894340706505,0.382951376264735,0.08866518800504325,0.8954157814358229,0.9819642290157939,0.03599623343605033,0.4088501549087018,0.646935051344578,0.26496900133451085,0.8234494835582364,0.5641563858740546
0.002692445327326115,0.9088667374730227,0.8902926249671125,0.9855060856570754,0.5337950094106639,0.9930336772085058,-0.8138531994645449,0.9992976298041961,-0.8782504289899877,0.35619298798694043,0.8931339964049362,0.996749220546174,0.3306011166774202,0.983861462226451,0.879346647302693,0.9875688863181421,0.7365084781014688,0.5036675689062355,0.7548315302451274,0.91355911203251,0.030205576980616933,0.3119762279809798,0.058003400409178174,0.8732262464125178,0.025844792956967934,0.8621763874148103,0.011243247001637272,0.7015548285632862,0.8272055914050637,0.19882721699520214,0.8189558219447853,0.028373596403793964
0.3099573325484993,0.9494483489014813,0.3467887923934193,0.9684694284503647,0.3521417508239906,0.8450802644434864,-0.9970574986669554,0.3658215951499302,0.2507737874238122,0.11960581454605926,0.880153289382956,0.8799224772019008,0.1478860293766225,0.8893213169546005,0.7500780613119683,0.9850639982267202,0.990726049381056,0.4749362516589558,0.24827876829163875,0.5127456666003409,0.2636849221302093,0.27626416058112446,0.03993650741576804,0.7188660310731122,0.12099758076775975,0.5940546001622645,0.03758367384335858,0.40830637882953114,0.5529958780223942,0.12380834870579796,0.8440439950140024,0.14199419531865434
0.012182889752597376,0.9550766908305214,0.88849092407265,0.9858960032358135,0.52823747127429,0.9810683922599578,-0.7400253382299309,0.9928043004176687,-0.8818636443326783,0.3302995853358623,0.8294696988168102,0.9925520010505939,0.2909547521993946,0.9907203048256906,0.8966736461027438,0.995151271081176,0.9656950808094729,0.15523503283301482,0.7785578401608981,0.8937425760477029,0.16182038021164882,0.26774720998775625,0.06420882210537768,0.7779126650908609,0.021334391191890418,0.9984865722032064,0.007783097503587599,0.7762899154076961,0.9798479174631765,0.12204435914383027,0.8823564409646325,0.010398912112017683
0.3430629207216795,0.9494483489014813,0.34260099607020617,0.9881333800457834,-0.7836827921199063,0.8439738060963395,0.907389305835841,0.37095710682245964,0.25872338083535307,0.12515788206966139,0.880153289382956,0.8804296599423215,0.14776310185646985,0.8893213169546005,0.8712643531770573,0.9842602640130474,0.9498116713982612,0.5626130709485979,0.24827876829163875,0.5252350332127724,0.2571696381141183,0.20590482638045185,0.24323653044367655,0.7403828352430266,0.12875987804827066,0.5811567903403757,0.011375300310581631,0.7821686260861967,0.6480209793205961,0.12403536083305465,0.867071247034841,0.12645024500171131
0.002692445327326115,0.9088763305907646,0.8901265968504511,0.9962770860209909,0.7352040027622093,0.9961309785853418,-0.8203357747706289,0.9643163620300685,-0.8225868312202566,0.34663941914587987,0.8931132228882013,0.6901325398250026,0.33122924260248643,0.9478058922642494,0.8786760083019372,0.9888837912137642,0.9528435209873772,0.09308887444974245,0.8041353752702934,0.8997520713823438,0.12422601384327597,0.4948211230320362,0.7089207399185941,0.9312417183796933,0.03850876996393005,0.5521963589903196,0.0169270499677891,0.701322772679791,0.6196517181871081,0.6684601330769651,0.9347489151240567,0.03414903784794127
0.3456207378729956,0.9993010974111322,0.89009257822175,0.9954780350961359,0.4330963125195777,0.9995794304100403,0.8697415236294727,0.9746810928358794,0.2496033571643217,0.14430935651833687,0.9006046976079395,0.9967920120094239,0.4801925692201078,0.9968238182520931,0.8704244023527086,0.9971172254520138,0.9503429713365489,0.27216186369881146,0.8266481916233563,0.9269400332948663,0.7751560109670922,0.19935726955370336,0.7976303785904849,0.1906307751847146,0.6340415519180422,0.9049841917486334,0.004290686589641879,0.6863939271182566,0.9991278348601339,0.1995355559936873,0.9021235535173812,0.04994027859588779
0.004469210328897938,0.9373239047824494,0.8900932293072077,0.987505040457021,0.524658642254277,0.9810683922599578,-0.8139225422625463,0.9614375676352312,-0.907897674198011,0.2885797142039989,0.8294696988168102,0.9962355474036021,0.328422973944481,0.981956269499282,0.870871550113704,0.9867004449923347,0.8352103235141437,0.16274680884542247,0.23997346120363128,0.8936669388489419,0.15763746134088943,0.27083488512560744,0.0805357765081414,0.7977185703780352,0.021461260586083546,0.5601869249616047,0.00778513466076528,0.6987798984615935,0.5481662551370602,0.12641620138070286,0.7521925669241986,0.010412351335467696
0.0025240150261854055,0.962455672272143,0.8888210460585646,0.9874873718938404,0.6796970872839359,0.9927936458714346,-0.8615191515607356,0.9847919190284489,-0.907724680706945,0.28551968133213695,0.875042261900988,0.9859531865008708,0.2537107818937613,0.9151954344122213,0.8727046216393797,0.9881508454213254,0.9542090963428128,0.24513770653713804,0.7804470552429079,0.9187484702671351,0.7940251037874939,0.2669119687236132,0.07451172518920535,0.9577913906269211,0.03360406943254092,0.5565685283186889,0.014093933912666622,0.7015548285632862,0.6196972242052498,0.2933820267056477,0.9374012844531983,0.02682305480132058
-6.340402910558901e-05,0.9415957980948384,0.8991368394215897,0.9997237476631812,0.6746259542903932,0.9993693264679571,-0.6802173161635076,0.9612786399303859,-0.9324107002978492,0.3459658665431299,0.9138742780264397,0.9987084766152667,0.3075301935807892,0.973626060382315,0.9330123600582889,0.9977446230765838,0.9911885261149467,0.04474242824149771,0.9265731955374411,0.8995351677742839,0.11903643178718412,0.3059168095607582,0.7229593025946822,0.8236078610539199,0.027973463226381792,0.9418000256734179,0.009625460774360134,0.7902623521054623,0.6056984056812621,0.0813790680288568,0.8461977613047375,0.0008914425836020826
-0.005631045461021721,0.9419395687279243,0.8981274949017891,0.9862353876629896,0.4347191250768116,0.8685223818096113,-0.7432287430164071,0.7990380169903043,-0.8288326137598793,0.2910545464122687,0.893237186761005,0.9960671242316788,0.30944606768599053,0.980260052483506,0.7160601246902353,0.9761493498386534,0.7679408924019446,0.8350062489087826,0.5857480897815928,0.4449493335508313,0.021075400635027282,0.5277239620769067,0.05804028178658351,0.8414314560087376,0.1286320226634223,0.5678003951638549,0.0123990347852775,0.4264222786042088,0.646826853953347,0.22123968854548196,0.8598338821557675,0.16081362518034575
0.43442962673267216,0.9930359781437135,0.89009257822175,0.9947487381292329,0.4322625428172896,0.9989168404112103,0.8652284065787694,0.9652126988162997,0.2496033571643217,0.14430935651833687,0.900494669741964,0.9982436452707668,0.4801925692201078,0.9476487716787412,0.8712862865775258,0.997113036485975,0.9516166203358127,0.25806054909697695,0.8266481916233563,0.9269400332948663,0.7921146387798961,0.20206746698184316,0.7680703123543198,0.04312157528782945,0.6340415519180422,0.9234967044335904,0.0044330942710101556,0.6820125195946449,0.9435496407136337,0.24764676717607226,0.8333368155187454,0.12866060087370085
0.21653225394467268,0.9941753352207221,0.8761260370912312,0.9914818509476079,-0.6269306440960598,0.9965667435074251,0.931828854158833,0.9975552381338018,0.2456316449499365,0.9541031222318337,0.9007568881221683,0.9962898601636088,0.480727002164483,0.9462926263713718,0.8719089449897256,0.9850579558921092,0.994619532758292,0.5189244329002205,0.9339514830156469,0.8887621404992538,0.024060404827893185,0.667386698970494,0.7238338193451777,0.02915217887908289,0.06743216480321657,0.991448715519954,0.03953598040995839,0.7542968051766722,0.9662457171283726,0.2988476713818603,0.8691838650618658,0.038172210709625065
0.002692445327326115,0.9088667374730227,0.8886668357197839,0.9849712481118538,0.6924432508953503,0.9943719925894382,-0.8152524833766271,0.9358356006741917,-0.6616119179944541,0.33986632275795564,0.8895902763674429,0.990016039704602,0.34011821141247006,0.9407840884440803,0.8793043314512378,0.9888837912137642,0.9528293652366628,0.7843384889390763,0.8115523187492677,0.8997434887455789,0.1849486393473148,0.2628656940422182,0.3600408215252052,0.8553392223118819,0.08217363313136737,0.5574048002410222,0.03993265297554072,0.7015548285632862,0.6196517181871081,0.2772103172103194,0.8398325131256432,0.028373596403793964
0.36004216750656515,0.9511902892585997,0.9145457382735311,0.9870443661511261,0.7865585905679952,0.7945996687902785,-0.9890138363837592,0.9794526359286135,0.1812904703852456,0.9843925851308427,0.8915481371699945,0.8438693627949913,0.4678445741206584,0.9477143935425623,0.9248517872072344,0.9772267286016532,0.7465761491043154,0.22604050661738917,0.26416740592467647,0.40678768070550003,0.01997312356004141,0.7984333335772102,0.01010512172708572,0.002188247797592635,0.04770669242553188,0.8274736186949423,0.01691950064074221,0.7949304546375641,0.6388033658972523,0.12479478458272601,0.8285386697221139,0.05391865816006457
0.002692445327326115,0.9088667374730227,0.888618204576995,0.984961341530657,0.5337950094106639,0.9930336772085058,-0.8139031422973747,0.9940422135470803,-0.8908585367017832,0.35619298798694043,0.8931339964049362,0.9964935334853098,0.3306011166774202,0.9828301903466757,0.8793049687527473,0.9875688863181421,0.8080378894830912,0.5036675689062355,0.7548315302451274,0.8997751521991694,0.030205576980616933,0.3119762279809798,0.058003400409178174,0.8751142561283843,0.025844792956967934,0.8620674684594727,0.011243247001637272,0.7015584337273557,0.8215061544029201,0.19882721699520214,0.8189558219447853,0.028373596403793964
-5.1143155435226994e-05,0.9407641353981067,0.892505673787165,0.9907900967000698,0.8046459271361052,0.9927512935438872,-0.7599122641341371,0.9358738303974469,-0.9414772930105594,0.09526145357520831,0.856939500156535,0.9943679644413247,0.3062017903285298,0.9502467120814229,0.8753451483301556,0.990173568065816,0.9510725176290512,0.17264114582184142,0.21351803835082311,0.8769622056216368,0.12744966543773467,0.2957639518857499,0.0833048587818705,0.7724329209333363,0.8623723970790418,0.550377468169763,0.006057926654404167,0.703942671252098,0.5743188315936671,0.026651169142008782,0.848453266865948,0.01065310936729262
-0.005701557264627672,0.9497271158954437,0.8955201302402183,0.9874417782942677,0.7039091815000313,0.9762734863319851,-0.7421863699364142,0.9619578210611327,-0.9136897041792812,0.3350944466898408,0.8750035423715199,0.9038976480689362,0.31244260497642234,0.9479590427458806,0.9075560763669702,0.988214629033505,0.9537818961070134,0.4607666678117016,0.529954674914444,0.8927354466401886,0.1523525821705538,0.5189207586027857,0.7229930447698097,0.7759364903212858,0.021461260586083546,0.6037158988732669,0.00798441052713686,0.7415271332765663,0.6109793076323499,0.15049206663131487,0.8328928513832528,0.00801510963636079
0.5087061077048455,0.999663444797979,0.8886761691896097,0.9984492244175578,0.5116284795894358,0.9997142662876479,0.8704543458256779,0.9773607693611294,0.2201202294128426,0.20156821269854824,0.8848350904410706,0.9986653025645239,0.47830275488881546,0.998161334899485,0.8742525980269993,0.9994785676245628,0.9836162485511922,0.20721751430989924,0.9385733692271069,0.45891357852588044,0.734162519992973,0.32720543529315493,0.7209455776434153,0.09604856584635088,0.06807643041210988,0.9946970251945254,0.005067551014971458,0.7361409580557029,0.7300346901738209,0.23415158726286994,0.8357558525937514,0.1172036212908993
0.21443899328566013,0.9930606876416621,0.8924833930898982,0.9656379925138137,0.7943284187797306,0.7986248780125206,-0.8695650037372702,0.9986283619149232,0.17637055529215012,0.2760792597274604,0.8782151187125905,0.9937694017950374,0.4088146680877875,0.8374333293367432,0.8941186515290452,0.9669285143242949,0.9591228576046793,0.1476608802562379,0.7651203366616925,0.9011755133177513,0.04961890392323205,0.32781386084369196,0.08474180426231748,0.13171599315110416,0.0760956745663887,0.9919129510633592,0.013911355946096778,0.3334930072453789,0.6240511582361099,0.11296666446016745,0.873444822133414,0.6643554091624777
0.266111136844156,0.9414240601157255,0.3780438600403624,0.983303486940856,0.805486719890898,0.8764215041647369,-0.8726151974558414,0.43348209125270054,0.23864762624953184,0.1163270040474002,0.9081406353607473,0.8836586465997452,0.30047516745396013,0.8954966120212728,0.8708831845678832,0.9853210289532732,0.9606189115312368,0.8399329370242548,0.03027827445353741,0.48733128571662465,0.15913966651619527,0.2707072593657642,0.05988202045243432,0.7364869026538726,0.6508015370208893,0.570510747798316,0.006211231253478623,0.7012141458421698,0.6142960567551298,0.19319020789515062,0.8706726204171508,0.12865411305516405
0.26942530450717916,0.9995842451814074,0.8899377668128514,0.9523702353100054,-0.7284271191898758,0.9902775175224157,0.8699370975228767,0.9809360741049634,0.2784077671778411,0.9739302887877771,0.8936941822373917,0.9964129999594915,0.31459614064134384,0.9464040058028316,0.8713192113373639,0.9855940364262408,0.8961363313709508,0.2462347051837862,0.7196034341497458,0.402448892380982,0.08295051521391439,0.7831827743832912,0.05925958603844135,0.026514862773245537,0.033662347931869036,0.5651183049591322,0.019965275205431343,0.7556063486327683,0.9708756604683666,0.232546219616042,0.9388464609922496,0.006253311191354617
0.30821957388084836,0.8698799011719984,0.3467887923934193,0.9903761934417018,0.49864595493745356,0.8445732422567496,-0.8731231151126987,0.37095710682245964,0.2552607013532008,0.11852824337071671,0.880153289382956,0.8836719308736106,0.14776310185646985,0.8798053056831034,0.8712643531770573,0.9850229065849261,0.9801462210104993,0.1775026002089105,0.26110784555405797,0.5167785553572026,0.2571696381141183,0.2305546288571456,0.04598606116175452,0.7182652647933022,0.6056252711978876,0.5679308034445819,0.00781945576527906,0.32827192127082294,0.5529958780223942,0.12403536083305465,0.8290757582189273,0.1286563562871331
0.22848076745816687,0.875624211856068,0.8901799145090759,0.9906568861450754,-0.5987530750671067,0.9994739707940851,0.8859759682522294,0.964283155337713,0.25963049491191437,0.9691041779526399,0.8828756512557673,0.99965510787285,0.3120853870479167,0.9434420006461741,0.8737133067370083,0.998973556712489,0.9179638711401833,0.9637964136196377,0.22900328082818144,0.9333717277052069,0.209695041239848,0.5154852328997312,0.004697621007845987,0.03611314704505253,0.003786178463346425,0.5636443895126958,0.03212368707104749,0.36966312894661507,0.9466415351356426,0.11692497454220949,0.8994483251873957,0.0511275088028932
0.26242473577940767,0.9854299413015382,0.880045817694398,0.9874098545015589,0.016075894482602743,0.7908726527168701,0.9026716584920041,0.9794526359286135,0.2589154353244881,0.9903642094392486,0.8936683282598881,0.9867016591865527,0.14554103127093448,0.9465427292572884,0.9355414040455019,0.9781685492972361,0.7467380313263513,0.1709218257217487,0.80242829764734,0.8975867304561526,0.03178780626677912,0.8255618012019675,0.2455735343054124,0.02880961877811855,0.04799384368678356,0.3804914545506109,0.050794751602470684,0.8143256426183128,0.9424201475102374,0.4692723102225004,0.8368036238048918,0.09832079982394426
0.50535384559076,0.9996142318290479,0.8906436073880847,0.9911319408097383,0.47159215380511105,0.9964303142608663,0.8699951542026176,0.9996518118472709,0.35392452598454904,0.1453697809845701,0.8894652952661533,0.996085339438594,0.47830275488881546,0.998161334899485,0.8742476859372068,0.9995944391888774,0.9611299091795508,0.19873695019414894,0.8890115105302937,0.403639471589871,0.734162519992973,0.3177043880573201,0.7206288915347216,0.011187410425856692,0.2169604030867233,0.6195861762255764,0.037842066143177644,0.7947922876459607,0.5584843555662415,0.3007120936250896,0.9355631962454832,0.045129844695087296
0.0026957970093305812,0.9404822514774795,0.892573229174114,0.9899610855053085,0.5460400769143275,0.9960922438325691,-0.7400253382299309,0.9705221769455166,-0.7935773954635649,0.34766211368622113,0.8409472112022601,0.9961164383991022,0.4157906985381765,0.9820295823275437,0.8753212238326761,0.9901546470903306,0.9854608207776129,0.24608390288716775,0.21351803835082311,0.8992811015525094,0.03703153921001462,0.29605985176577504,0.09173588652129416,0.7820275418205502,0.8972530451477294,0.796539695712378,0.006139110091989013,0.7841745636131132,0.594531310429495,0.026651169142008782,0.8493637226460645,0.01065310936729262
0.22848076745816687,0.875624211856068,0.8899500179832985,0.9907172423979447,-0.5987530750671067,0.982403150629716,0.8859759682522294,0.964283155337713,0.258639782547687,0.974123156029466,0.8831287168582078,0.9982190555932392,0.2754011124016322,0.9464770552298059,0.8737133067370083,0.9973472591824535,0.9179638711401833,0.12798544218475966,0.22900328082818144,0.49334867770287394,0.209695041239848,0.5154852328997312,0.008333214218479521,0.03629448348847218,0.003786178463346425,0.5636498816956522,0.03212368707104749,0.3751678487789988,0.9470232706554382,0.2343432513994568,0.8259290144182525,0.0511275088028932
0.48094387257319743,0.9941753352207221,0.8761260370912312,0.9885079174466272,-0.6225406299538234,0.9998250932534648,0.8739318570237165,0.9994509755351035,0.2456316449499365,0.955344378060025,0.9007568881221683,0.9963475413451987,0.4834273589061524,0.9462926263713718,0.8364760655507114,0.998571661533508,0.9952385351170715,0.19039800874441065,0.9339514830156469,0.8887621404992538,0.04227296256704963,0.667386698970494,0.72374791783797,0.06384380477483842,0.06743216480321657,0.6466016072321614,0.03953598040995839,0.7542968051766722,0.9481409780843585,0.29725518260748907,0.8964301818554172,0.04113126344755133
0.0031504250762026645,0.9108546698847715,0.8888405087900212,0.9907986770103867,0.33100373019842905,0.9637833754165348,-0.7328614737110197,0.9642864419170374,-0.9207779714075018,0.34681211765135017,0.8275784067894393,0.8216273337992414,0.14970419484025943,0.9474578152957647,0.8699956966614004,0.9855167416619475,0.8091333794003556,0.114400040525444,0.5736530334211292,0.8988712941559611,0.13976533775658298,0.30159935652715947,0.00988298514830344,0.699637773716166,0.02466509079422375,0.8036828823770074,0.004925238343113822,0.7014883839422609,0.5403806936215139,0.08741524949240655,0.8744822694962642,0.010490343139726369
0.3074399299795572,0.9116107366156565,0.8924833930898982,0.9645377871576881,0.8374387043538016,0.8898968103132385,-0.8679015721770291,0.933544119113552,0.20474441999080284,0.2760792597274604,0.8915263800596127,0.9851153187171622,0.4088146680877875,0.9460097079941765,0.8946087157815119,0.8905991254462089,0.9655327666074462,0.20687517684414536,0.7439417228312285,0.9623839288049244,0.2997820525564962,0.32781386084369196,0.7157872696275288,0.05096962230070426,0.0760956745663887,0.8489483357749648,0.006337863691777086,0.3350902985133486,0.6245842451393366,0.11296666446016745,0.8564899971532584,0.6335783277752751
-0.016454352979529296,0.9114480644354271,0.8902963613197094,0.9991715900305365,0.5388943230477479,0.9665513698774362,-0.7440722297281664,0.9989600219254465,0.2057875233761054,0.03858380212608142,0.992648453052696,0.8382299092945718,0.3266090119597629,0.9709017922281123,0.8700606413525844,0.989363316823289,0.8981700453467162,0.792655530216378,0.6782819290648145,0.9917993463404524,0.2828941602789269,0.31975158462210895,0.7683345426398029,0.8386266734777977,0.07295201711770066,0.8513050288569322,0.014124518842085265,0.7037873091392005,0.9322577422614181,0.15557278489338666,0.8378044257631322,0.006141641813474263
0.27758557127433586,0.9569044492763509,0.3780438600403624,0.9836199714001339,0.41924762407306504,0.8761634707445821,-0.982382518111734,0.43348209125270054,0.2592001188635789,0.0990899910551849,0.9116871593941327,0.8939928904368081,0.3021988216874341,0.8909769088269588,0.8822749468672131,0.9853210289532732,0.9712598182127105,0.1678397842056821,0.12254690700779884,0.48354700644191223,0.15791297004098026,0.4506086117500694,0.3152024685999636,0.7593543757676682,0.03364924583995135,0.6192380052989245,0.014637571549779092,0.7360461804859464,0.6252686676135094,0.4629860047788925,0.8506661324902509,0.14188004374443797
0.2283753044662087,0.9502877003166291,0.8807618943468819,0.987297466259183,-0.02715120625961004,0.9941715560613483,-0.7346712719785512,0.9798334419628556,0.2589154353244881,0.9903642094392486,0.8942209122305069,0.9870764214544513,0.3316793392121496,0.9465427292572884,0.8799079708009558,0.9867010144367439,0.7465806379166522,0.8403020910666097,0.80242829764734,0.8998171874887191,0.03437659523547762,0.7824253972035804,0.2455735343054124,0.03553391698738617,0.7367394755489163,0.34863282598759904,0.007934234583451067,0.8113217807557501,0.9424201475102374,0.29271985935484024,0.8582762891273402,0.09854557530414922
0.22193982682530317,0.9923754571119181,0.8804360501161284,0.9996553582575034,0.5471526267485239,0.9899738324089911,0.916431187045626,0.9602836746505328,0.17645483019219155,0.91036977800122,0.8855357687524434,0.8975346973207249,0.47792776653962055,0.9461546143839181,0.871228041162476,0.9775366508587288,0.9528048080348174,0.4920611009305663,0.7884755281476346,0.8981745250605022,0.1405475853809725,0.26705711415825,0.3110624883314033,0.01894293883934082,0.008159135934494577,0.6263271092206487,0.0032738259050418515,0.773140184992741,0.5952236613452384,0.3075838482960498,0.8835056203490457,0.027297100234421744
0.22193982682530317,0.9923754571119181,0.8797965390109532,0.9709635293708501,-0.6269306440960598,0.8439607894656408,0.916431187045626,0.9545550831143029,0.17645483019219155,0.9116649190980952,0.8855357687524434,0.9813440407024083,0.3149170299175004,0.9461546143839181,0.8713013331272046,0.9948304966175485,0.9533385561899519,0.16411338289923488,0.7882112379213765,0.8981745250605022,0.18928894001824592,0.26705711415825,0.11908144230118307,0.01894293883934082,0.008159135934494577,0.6263271092206487,0.3767220557426678,0.7596612414484987,0.5952236613452384,0.0503636249402587,0.7507087858536953,0.008977003230457673
0.45005541202593335,0.9930197650737111,0.8899466420915467,0.9861421965936571,0.5488152280157461,0.9797683511608282,0.8709746123627391,0.9912220607366067,0.3648048263332181,0.09836725107830557,0.8912635284221649,0.8997116761260415,0.4795578905025685,0.9961797438924347,0.8752291324948398,0.997281423487693,0.7123664449770163,0.060906861231949605,0.8081164422166746,0.46134499164017845,0.9393849622523247,0.2359960510097836,0.7285607101058734,0.014538028535600697,0.001447362801245954,0.5135937776966205,0.016738044979888955,0.6863939271182566,0.9760521426358347,0.08790873158536552,0.8242902336553041,0.039077128451735166
0.25964456687913107,0.9992841814204095,0.8898898960762124,0.9860584541439643,0.7437162182313215,0.7951042254547639,-0.9753832906779997,0.3649787651583375,0.22276538225146367,0.9643468509662334,0.8803147587249918,0.9590386866894014,0.4678445741206584,0.9983634101165293,0.8732547935089188,0.9781155159296141,0.7392235618536666,0.17359955677264102,0.2642755950955238,0.9117152010419893,0.01997312356004141,0.3041169714077979,0.7555005839258715,0.004953781419330491,0.03495184665762685,0.8262580435303227,0.060349702337831546,0.7822876134403063,0.639471683375592,0.3054191589618746,0.8291596361209999,0.1130205850249967
0.31062997565330974,0.8698799011719984,0.3467887923934193,0.9850511840061171,0.5237488753783152,0.8445591733407074,-0.8762097494904194,0.37095710682245964,0.2637056567542918,0.11637420754158886,0.880064240748377,0.8207176912778795,0.29593486869216995,0.8893213169546005,0.8712643531770573,0.9671777527243761,0.9607028169191573,0.17174324159935017,0.12264341986975572,0.5167889175781388,0.2593126724218821,0.2959072458597712,0.004748936555598,0.7002827805183224,0.01438047763139555,0.5679308034445819,0.013195549417869039,0.6779417469391334,0.5166418763418661,0.02818010630597559,0.9054453854732206,0.11769090746076655
0.2529529504008281,0.9869112373536197,0.8929256555400248,0.997796982950721,0.8176383140533408,0.9181915872553146,0.8709652002298608,0.9797459465630561,0.2891426680483784,0.9733467419538965,0.8926354069519706,0.9964027926786109,0.3776002381502743,0.9718560418426341,0.9297738188600713,0.9893385571797141,0.9546796569210443,0.9643858647382474,0.9695106933873106,0.9084679742186694,0.8250499690611653,0.8241751179710208,0.7733703452238825,0.14234121993145032,0.07317221536757035,0.9964192955229545,0.05066531675294208,0.8143654362591844,0.9810266759711385,0.44832775597823593,0.959585850555918,0.03939690657436883
0.44552563048234867,0.9995881184991525,0.8913455474182642,0.9954370423324258,0.4203419378519871,0.9989463738120882,0.8654206142301031,0.9652126988162997,0.2507090839114649,0.14430935651833687,0.9007590937731846,0.9929660734489368,0.4801925692201078,0.9463008360234781,0.92765457927333,0.997113036485975,0.9511360472923658,0.4931850239915132,0.9188930777839375,0.9265576162466427,0.6110401915768021,0.29182614251279104,0.7680703123543198,0.06944933795668912,0.6131204564268258,0.9912001265986893,0.0041818778480034735,0.7577054842017026,0.9435496407136337,0.24764676717607226,0.8318474812829788,0.1405957659744283
0.24504276475956566,0.8596561753218533,0.8928095982184638,0.9637148414983484,-0.6269306440960598,0.9919238826991462,0.691087010233938,0.645498153274689,0.04785251769943688,0.4494421657754477,0.8848608571446918,0.9990105447491319,0.3094735029959146,0.9456739998477108,0.871377275462099,0.9906197124955257,0.9541702260835628,0.5091409835394565,0.8902477401386238,0.5311764932599359,0.799707521232561,0.7673720344729239,0.31743467039561823,0.07515239767655518,0.8262215810749668,0.9567346812631959,0.047259942901611535,0.7575840743979841,0.6249382974405201,0.22983039989843593,0.9754552372335032,0.664156061293695
0.003137484389064347,0.9131776491873482,0.8903034228702859,0.9999282864624077,0.4985076886247529,0.9636877923383396,-0.8384131474390207,0.9640620117253569,-0.9311410628752331,0.3954214931644744,0.8292148330563481,0.8384475757797354,0.31459175219022745,0.9697776304560836,0.8789571042721046,0.9862147905217606,0.7540855820812146,0.028873876551021457,0.5736530334211292,0.9228974293819682,0.20271376616237813,0.5280128236811164,0.05893535465502192,0.7330620737308637,0.022097593164820864,0.8064744580323449,0.023013175815075212,0.7138889703591565,0.9485206982336731,0.09412029407373565,0.8320096608852032,0.008687415331847845
0.003202625560983472,0.9114480644354271,0.8902771151347137,0.996949000316082,0.4969407900496643,0.9549989765633287,-0.8384131474390207,0.9642135935928535,0.20626930265193247,0.11684014382479956,0.8299540031964624,0.8382299092945718,0.33125647531116176,0.9454320673760348,0.8712536788596644,0.9777863292618982,0.9519189177475778,0.11876890054194345,0.5736530334211292,0.9228974293819682,0.2828941602789269,0.31975158462210895,0.763560093663639,0.7333703935068896,0.064781526915727,0.8513050288569322,0.06034758164259925,0.7037873091392005,0.9322577422614181,0.09697746827222993,0.8368995807623164,0.00864427196499841
0.30817268094491795,0.8698799011719984,0.3467887923934193,0.9903761934417018,0.4428718246442064,0.8445591733407074,-0.8731231151126987,0.37095710682245964,0.2496297382574173,0.11549887749662566,0.8839245720443837,0.8385244631532766,0.14776310185646985,0.8893213169546005,0.8712643531770573,0.9850640038197185,0.9571802935766427,0.06353768343016439,0.23187025082371004,0.5173822534265684,0.46539799147525696,0.2000626554714177,0.20631497819156297,0.7159174221738238,0.12682874257592452,0.5679308034445819,0.019667839914900245,0.32827192127082294,0.5397169499723746,0.12260504674321844,0.8290757582189273,0.12887260722611593
0.0026957970093305812,0.9404822514774795,0.8937174464243012,0.966308971106608,0.5649920216670629,0.9960510376226225,-0.736386434970541,0.9656217393923663,-0.7935773954635649,0.34766211368622113,0.8409472112022601,0.8816305404516884,0.4157906985381765,0.9820295823275437,0.8753212238326761,0.9901546470903306,0.9854608207776129,0.24608390288716775,0.21351803835082311,0.8915268130637702,0.03703153921001462,0.29605985176577504,0.09173588652129416,0.7179699991800461,0.05562278424357203,0.8002946067964495,0.006139110091989013,0.7841745636131132,0.5523081331794087,0.026651169142008782,0.8493637226460645,0.01065310936729262
0.25811636416022626,0.992019993503585,0.8929190901571855,0.9905048417898166,0.4636941242936395,0.9862482088718093,-0.917793729872545,0.6496571553023891,0.20939292708673102,0.9600133611408153,0.8833820616758906,0.9966317240939229,0.31254183377538197,0.9850986364237843,0.871321735698599,0.988956175909238,0.9549127761123126,0.6554052772397592,0.963148790569824,0.9089087029160693,0.1466222779646355,0.2662736164842355,0.4267889531878076,0.038494946471850235,0.0025007750545043006,0.5845894536471102,0.006887020636227523,0.7538521842475783,0.961777585918928,0.2872046151597798,0.8677171575804501,0.12611312171286698
0.006419956269184179,0.9073096825859902,0.8903319628616599,0.991563196297493,0.47115962040545195,0.9645883120396774,-0.8362503765136287,0.993965634702435,-0.8719013654802641,0.3516208827151124,0.8284848033105383,0.8404330924507403,0.4192545573603444,0.9698450615490192,0.870826000322091,0.9624873065238635,0.7527724429323485,0.1394484818979265,0.5736530334211292,0.9155852125377396,0.011594568991642268,0.5252938497067448,0.4625187016556208,0.7348803360971502,0.024894488082702858,0.9529644098930872,0.011171789017806048,0.7140759330530325,0.9523844889260425,0.09745242191020942,0.8391662126674231,0.008687415331847845
0.26390991464188157,0.999369236351613,0.8903960454916432,0.9996983115471264,0.8267649225976118,0.9988660216917304,0.8709651666021118,0.9996549799997693,0.2979896636282001,0.9905474345599398,0.8839078561345591,0.9927134580159516,0.4875031481687301,0.9702008291733736,0.8737494818423922,0.9977791381753048,0.9699884555530653,0.5343343841793803,0.7467616327643817,0.8927901690759413,0.23698008981418905,0.7928707144559323,0.7032054995607675,0.15613340737349413,0.0017692467125124747,0.8993277384192628,0.016544135970360602,0.7908627839771322,0.7704098562028919,0.26945630314432506,0.8325409618738264,0.02833485700076982
0.22403277231923183,0.9494651409678102,0.8803407569542896,0.9871624001793596,-0.02715120625961004,0.8758428573618132,0.862459850252127,0.441077559853566,0.2589154353244881,0.9891418935750624,0.9158545499485252,0.9961705130993531,0.3309999999353832,0.9973994328642243,0.8799079708009558,0.9867010144367439,0.7459808752864364,0.5486118075727856,0.8733237579592826,0.9227134242660203,0.18245238368246852,0.7829286603312708,0.24509623300264227,0.03494231315354957,0.7367392361377938,0.34863282598759904,0.6992257191242144,0.8113217807557501,0.9363488801603204,0.23194336186882505,0.8384463950130852,0.09854557530414922
0.3074399299795572,0.9930821510106556,0.8924840864255267,0.9656379925138137,-0.6406444409639287,0.9843682868015976,-0.9220339115836197,0.9954686427826978,0.08415353432893696,0.14188196698855782,0.8833347788401266,0.941516546285776,0.313933711327366,0.8374333293367432,0.8712481178645675,0.9904925507076073,0.9611843914944629,0.20227904200036162,0.8728528836329894,0.9011755133177513,0.049597345548166236,0.2361249865153663,0.0068796804791427316,0.07139859301589847,0.0760956745663887,0.9816352612200026,0.04013424561847267,0.26462577107493235,0.6245842451393366,0.11296666446016745,0.8308477075693953,0.649507799234236
0.22403277231923183,0.9494651409678102,0.8803407569542896,0.9999896505737925,0.8397502979232505,0.9991606385027572,-0.9263804505709583,0.9850714988705356,0.25902678522055383,0.9552729414720196,0.8845887360735422,0.8823249549199039,0.48692999766636474,0.9491289095439742,0.8799079708009558,0.9867261988278974,0.7545807547526744,0.5689609487420524,0.8732307109887998,0.9227134242660203,0.04713348241900367,0.7828433067338632,0.7114163123861553,0.03553391698738617,0.7367392361377938,0.34863282598759904,0.016417582120251628,0.8111406263605432,0.9540672165124227,0.26995106078171105,0.8384463950130852,0.09854557530414922
0.00245957515572145,0.9415957980948384,0.8984894857440066,0.9997237476631812,0.6715998805491076,0.9791461601710199,-0.7463744519701219,0.9612786399303859,-0.9324107002978492,0.22064751322929424,0.8860892801510362,0.997642903778497,0.3087929344133907,0.973626060382315,0.8707626706137934,0.9771221973024924,0.7431813098821458,0.16481022257427513,0.7993538770199252,0.8921958369162855,0.027076297570969896,0.29135011172346426,0.7220740840299221,0.8236019831999948,0.02272276132331994,0.88287321355378,0.012120908105971245,0.7213633160184938,0.6060713980901877,0.046525383265977494,0.9070168554945177,0.0011866258059973767
0.3549843188715104,0.999606594484692,0.908947031093065,0.9912333360653812,0.5000867747694094,0.9963028678665174,0.8717912090115759,0.9903842031914097,0.25746118827066217,0.9501717227954789,0.8891044388016021,0.998173078264811,0.4670895267764197,0.9687002909410131,0.8757222241684116,0.9528091934221006,0.9615574299405345,0.5326398240709139,0.7580295552717504,0.8853848975272696,0.3289488441027018,0.31188189626619056,0.7092230171993704,0.0740693956235483,0.04874541907178709,0.5602600620921108,0.04803421707614887,0.8061376319196528,0.7810642189571512,0.17935346698459417,0.965092567319619,0.027170401914083625
0.30821957388084836,0.8698799011719984,0.3467887923934193,0.9903761934417018,0.5247893188457579,0.8445732422567496,-0.8730945800884791,0.9901517061729987,0.2552607013532008,0.11852824337071671,0.880153289382956,0.9708386584471218,0.14776310185646985,0.8893213169546005,0.8712643531770573,0.9850640038197185,0.9581282781785103,0.17432836435519716,0.26425472894951013,0.5167785553572026,0.2571696381141183,0.22755855643311876,0.20631497819156297,0.77133695933491,0.605659904935826,0.5679308034445819,0.008049984373412696,0.6771995498405861,0.5520268705336888,0.12403536083305465,0.8290757582189273,0.1286563562871331
0.3076311060662696,0.9145784934780237,0.3467887923934193,0.9992186439811753,0.4055978915218908,0.8446098020525225,-0.873201528134288,0.9780241238759415,0.2550556892918839,0.1161273531270034,0.880153289382956,0.9700789094638957,0.1654656237628141,0.8893213169546005,0.8712643531770573,0.9862776640160406,0.9584892299966766,0.2304665059276077,0.5646377063371076,0.5168360702578353,0.25747566953825995,0.5102311890025371,0.20631497819156297,0.7665384759933014,0.009165684873552599,0.891376829041134,0.005417041509121062,0.7013645251797418,0.6137789720925029,0.12403536083305465,0.9020769424175464,0.12813355062958914
0.30132237566161113,0.9645202889278994,0.3467887923934193,0.9867453774258149,0.4498707788036549,0.8443598495882404,-0.869878862056893,0.3656620416083586,0.24495492507686764,0.1161273531270034,0.880153289382956,0.8755273985069834,0.13997663308460767,0.8893213169546005,0.7500780613119683,0.9675527095172034,0.7599264077536689,0.19098814785212231,0.19880358192096426,0.5168364272614978,0.03957762815049887,0.17833486860378306,0.045714334685668497,0.6928570795356522,0.10177818753157455,0.5679308034445819,0.016929793787849687,0.4083592273075014,0.5529958780223942,0.11519867750365663,0.8289112072566902,0.13614037955689934
0.003202625560983472,0.9114480644354271,0.8902963613197094,0.9953432222459492,0.4969407900496643,0.9870132686809019,-0.7444326668014837,0.9642135935928535,0.1894710918314485,0.07032122527730536,0.8797470934988779,0.8410596444461997,0.33125647531116176,0.9704729959104008,0.8832268366759999,0.9893880627729141,0.7525145780385873,0.7901136711031166,0.6782819290648145,0.8339562615662076,0.005262955017807915,0.4141630182839949,0.7488030724795642,0.8372818947108124,0.06457590419009757,0.8574268501789445,0.0073576447301559045,0.703451317780065,0.9322577422614181,0.15419267830304922,0.8117697529417823,0.006141641813474263
0.22848076745816687,0.9931756618304002,0.8930000612471805,0.9915281846682305,-0.6512000920581258,0.9903138108673759,-0.7418939672465739,0.9632122575200445,0.2596119707941853,0.9590833207578696,0.8847119316824976,0.9972670712559698,0.3120853870479167,0.9464065182030267,0.8713013331272046,0.9858737035375558,0.7494633506807837,0.16920436250165793,0.8699583915447681,0.9160010626096883,0.8225354976350734,0.7661778136515264,0.31743467039561823,0.03781037577755668,0.005784167289586771,0.5721643436895752,0.0399184360570048,0.756342055613542,0.9474077967773239,0.23003497226737624,0.8692374752782652,0.7498873342490084
0.0026923993403556844,0.9628535849612787,0.8931992653252533,0.9844853755215837,0.5560864694264882,0.9953009408144385,-0.8411319859646158,0.972651999695465,-0.9154388115690666,0.3495260670088719,0.8288632984754698,0.8055175525678019,0.4908254555939308,0.9413223610751948,0.8830284956135241,0.9903307258717337,0.965235911751034,0.4692121085555452,0.22924500031652634,0.8992811015525094,0.7372991362668593,0.31462585832568674,0.008989742179637751,0.7804439099678605,0.9206310900648061,0.6283156531551966,0.006139110091989013,0.7752872634054281,0.5757601027943529,0.03567736341907815,0.8750807430376173,0.01065310936729262
0.26404895415050494,0.9869112373536197,0.8929256555400248,0.995213987406498,0.8187427112704772,0.997796714730741,0.8709652002298608,0.9792836790205202,0.2891426680483784,0.9730221900137564,0.8936307732864224,0.9964027926786109,0.18634894393645582,0.9718560418426341,0.9297738188600713,0.9893385571797141,0.7275896052171941,0.9592146022014407,0.9695106933873106,0.9080855571704457,0.00200858161677836,0.8241751179710208,0.4661462919434848,0.14234121993145032,0.06865430076091752,0.9996649995092547,0.05007423199503986,0.8143654362591844,0.9827390526881982,0.44832775597823593,0.9595863301062304,0.03928139338024206
0.009662381834462701,0.9628535849612787,0.8926643448172654,0.9908667400854142,0.556256809725983,0.9813593790723762,-0.8417947028284285,0.9336495836544721,-0.9154388115690666,0.3456244589257651,0.8288632984754698,0.8851996566612623,0.4908432323558627,0.9413223610751948,0.8830284956135241,0.9903055344481893,0.9691628718886834,0.04845502855934666,0.22924500031652634,0.906856866762007,0.15754249156723305,0.33021667078294753,0.008989742179637751,0.7373874295399148,0.03603293561584303,0.8123182738948644,0.00818996828011907,0.7752872634054281,0.5757601027943529,0.03567736341907815,0.8764063396898545,0.012042995827189235
0.003202625560983472,0.9114480644354271,0.8902837834680073,0.9953400409292327,0.5022806072468768,0.9987740925966263,-0.739171816312739,0.9642135935928535,0.13942237353076015,0.07032122527730536,0.8299540031964624,0.8404949772575355,0.33125647531116176,0.9496701449180401,0.8261209083522427,0.9910106267000222,0.7525145780385873,0.11876890054194345,0.5850812796921359,0.9228974293819682,0.2828941602789269,0.31975158462210895,0.7650562258755533,0.7317117412118906,0.05458339807738383,0.46336651219609165,0.2363249783973007,0.7840962045055518,0.9229329774197554,0.15419267830304922,0.8368995807623164,0.010722746098981304
0.002608312873518733,0.9405778552070084,0.892573229174114,0.9901433702252475,0.5279460987039224,0.9999339141375784,-0.739798620497163,0.979389684250521,-0.9422014920410882,0.3570749762326045,0.8413784340934378,0.9960261886679206,0.350505431063433,0.9820295823275437,0.8753212238326761,0.9901546470903306,0.9849972321984323,0.24430423379763755,0.23765431273919801,0.8995286451052195,0.14187853075500362,0.2955741561794667,0.0906842228650879,0.7819479158983549,0.0374217593633423,0.43327349247163327,0.004716260617627217,0.7838718410461837,0.594531310429495,0.08241451325256474,0.8493637226460645,0.01064913450586417
0.30374568514046557,0.9932061313441547,0.8946473220081772,0.9965202876995417,0.17800916524071492,0.8181768754648401,0.8651421852569674,0.8969524555067027,0.07546616487867845,0.2934995551915396,0.8936645961478056,0.9900045650991764,0.4094785274824106,0.9941962430458461,0.875733298068976,0.9885848389510138,0.8963121109574507,0.2564127652304955,0.7513681035364559,0.9438596295756817,0.5159133912161344,0.3022002710766266,0.08425474296138691,0.7659078747658792,0.03482068661840471,0.8786505667551194,0.01645879691111299,0.33875466649966446,0.9862867862214642,0.1924698226506118,0.9689193978054609,0.592292129059728
0.30671924326879535,0.8689493016554646,0.3467887923934193,0.9850511840061171,0.529630035829771,0.7705155206496479,-0.9866621424881487,0.37095710682245964,0.2637056567542918,0.11637420754158886,0.8802767632919611,0.8199825868107304,0.30284017043400924,0.8893213169546005,0.8712643531770573,0.9671777527243761,0.7770137902378442,0.5013702875134178,0.12264341986975572,0.5160894104505381,0.3173690093151443,0.15833524527011644,0.004748936555598,0.7083630759974496,0.01438047763139555,0.5681433096869132,0.013195549417869039,0.6779417469391334,0.5166418763418661,0.02818010630597559,0.7798251678813969,0.11769090746076655
0.003202625560983472,0.9114480644354271,0.8902963613197094,0.9863270091818902,0.4969407900496643,0.9870132686809019,-0.7444326668014837,0.964263029388299,0.1894710918314485,0.07032122527730536,0.8797470934988779,0.8410596444461997,0.33125647531116176,0.9704729959104008,0.8713337582404588,0.9841878758520078,0.7449179128655752,0.8567076109454894,0.6782819290648145,0.9228974293819682,0.03831851255846387,0.31975158462210895,0.0013130553154365177,0.7793158057728797,0.049516253548580476,0.8477168043994137,0.0073576447301559045,0.703451317780065,0.9322577422614181,0.15419267830304922,0.8117697529417823,0.006141641813474263
0.27758557127433586,0.9586178768546438,0.37860509795386754,0.9837367342841553,0.5044512828144787,0.8660390844995486,-0.9659762766527459,0.4284527507816484,0.26890116931157443,0.0990899910551849,0.9116871593941327,0.9570809771851905,0.301524519309559,0.9537814725495981,0.8711927794857021,0.9849481719375415,0.9745122399508589,0.17643357121892256,0.9897669173831315,0.5273383528329534,0.2656299556961646,0.3961392582611022,0.7286186213455956,0.7868899581945457,0.022041210208536898,0.6192380052989245,0.007877864354985248,0.7538258474969647,0.7973879248967339,0.4629860047788925,0.9067040002703677,0.14188004374443797
0.0026923993403556844,0.9688559236975263,0.8926080928595574,0.9908667400854142,0.6036716750409223,0.9978206824608827,-0.8417947028284285,0.9641455333823361,-0.9154388115690666,0.3472217405424258,0.8288632984754698,0.8055175525678019,0.29882223393675156,0.9413223610751948,0.8828618848321506,0.9901546470903306,0.969323264413895,0.4692121085555452,0.22924500031652634,0.8992811015525094,0.20356985456083798,0.30168380955074603,0.08471390034025651,0.780656695882125,0.7136523971924666,0.6384428481290952,0.006139110091989013,0.7767332504147668,0.5757601027943529,0.03567736341907815,0.851019546853289,0.01065318682125943
-0.005691554746608873,0.90714123956218,0.8981597560885882,0.9874410898709479,0.529858615604843,0.8626894284016051,-0.7070500747864207,0.8013563033511315,0.24011490377453637,0.10375375539577927,0.8809000758121562,0.8983595812365773,0.3089543943573349,0.9989756009931995,0.7264086330784987,0.9840732966233506,0.768521701118246,0.8029028358207336,0.5864614390906737,0.4449493335508313,0.11762275907253017,0.2989894569455721,0.7264674090643486,0.8091887797528864,0.1286320226634223,0.5680706596438402,0.30973955819321175,0.6746165570692733,0.627293939029691,0.2847833845323451,0.9751331538710807,0.16081362518034575
0.003202625560983472,0.9114480644354271,0.8901789875865376,0.9981306502580259,0.5083286444268421,0.9943184799649509,-0.739171816312739,0.9642135935928535,0.13942237353076015,0.07032122527730536,0.916945559295627,0.8416538698910517,0.32014180370504813,0.9504239922783675,0.8700606413525844,0.9849928703262947,0.7525145780385873,0.18584984777911984,0.5968515856866712,0.9216235317245509,0.253830681896264,0.2931797835135358,0.7600046771235333,0.7298789665449639,0.04455223631629873,0.39914187879506535,0.22832126764582544,0.7840686547958968,0.5496059208194443,0.15419267830304922,0.8289949484851015,0.010722746098981304
0.003477354659372817,0.9117474216104381,0.8902963613197094,0.9953400409292327,0.5039644317885603,0.9963832224416761,-0.739171816312739,0.9642135935928535,0.20378048146529895,0.05579978046997926,0.8299540031964624,0.8406682041918273,0.33125647531116176,0.9704729959104008,0.8673474079256082,0.9910106267000222,0.7455535319391855,0.11876890054194345,0.5838821174459562,0.9228974293819682,0.2828941602789269,0.28035175500149273,0.01865028493529186,0.7317117412118906,0.04455223631629873,0.8513050288569322,0.008504791946501264,0.7840686547958968,0.6568327295843198,0.15419267830304922,0.8368995807623164,0.010722746098981304
0.22403277231923183,0.9494651409678102,0.8801975216379223,0.987297466259183,-0.02715120625961004,0.9941715560613483,-0.869562034938399,0.9850714988705356,0.2589154353244881,0.9552729414720196,0.8845887360735422,0.8823249549199039,0.3316793392121496,0.8902122078426051,0.8799079708009558,0.9867010144367439,0.7459808752864364,0.582551930298976,0.8511269466862932,0.9227134242660203,0.03178780626677912,0.7829286603312708,0.2455735343054124,0.03553391698738617,0.7367392361377938,0.34863282598759904,0.013902587188853798,0.6721558477030102,0.9363488801603204,0.22384256861432933,0.8384463950130852,0.09854557530414922
-6.340402910558901e-05,0.9415957980948384,0.8988607061179997,0.9982285687590995,0.6746259542903932,0.9965494675789404,-0.7463744519701219,0.9382284135934575,-0.9324107002978492,0.23446495728159467,0.8848894506153367,0.9976994186603703,0.30944158664029703,0.973626060382315,0.8303359547993051,0.9771221973024924,0.7431813098821458,0.017866202757682498,0.8737182535109378,0.8995351677742839,0.11866238247081598,0.29126830516236824,0.7224144175608623,0.8048213819820689,0.021477882215229355,0.8839350213085817,0.016917703675577128,0.7211914379016615,0.6056984056812621,0.046525383265977494,0.8835709645419886,0.0011866258059973767
0.2513479005593019,0.983782712617928,0.8997356767964994,0.9644952542987157,0.4764451839698811,0.8898968103132385,-0.8571608010601905,0.9702320709111321,0.18292317618273543,0.27736847593514347,0.8915263800596127,0.9650835786450176,0.3303017841314697,0.9182542362475249,0.9300070590790975,0.9903712539058769,0.7142496452859064,0.24034365023968013,0.671843380193576,0.915427234663442,0.175722470824285,0.4917603159744717,0.3321058532082851,0.06264652814077559,0.06914696861807733,0.5979094707266757,8.554317822125589e-05,0.33297250582734,0.7147696306969462,0.0454378354027727,0.8992388172284036,0.7400397319632329
0.3069105443025831,0.9145784934780237,0.34565523455143654,0.9991267258661889,0.4054932557300608,0.8446098020525225,-0.873201528134288,0.9780241238759415,0.2550556892918839,0.1284210932812836,0.880153289382956,0.9700789094638957,0.1654656237628141,0.8893213169546005,0.8784960481550645,0.988928400873519,0.9584892299966766,0.2304665059276077,0.8015911135074926,0.5168360702578353,0.1816605096396799,0.4795694620919354,0.08113769079757516,0.7665384759933014,0.003425732934475803,0.891376829041134,0.012684868362460994,0.7013645251797418,0.9715349012036592,0.1128195462696352,0.901574863314452,0.1277085623524846
0.003202625560983472,0.9114480644354271,0.8969040576585972,0.9953400409292327,0.5022806072468768,0.9978517933740728,-0.739171816312739,0.9642135935928535,0.13942237353076015,0.07032122527730536,0.8299540031964624,0.8404949772575355,0.33126134078712355,0.9496701449180401,0.8700606413525844,0.9773827768004223,0.7525145780385873,0.11876890054194345,0.5850812796921359,0.9228974293819682,0.28273499525707874,0.3188805051681197,0.3010816739866128,0.7317117412118906,0.005805019082876714,0.46336651219609165,0.2363249783973007,0.755428426521932,0.9322577422614181,0.15419267830304922,0.8368995807623164,0.010722746098981304
-0.005691554746608873,0.90714123956218,0.8981597560885882,0.9874410898709479,0.529858615604843,0.8626894284016051,-0.7070500747864207,0.8013563033511315,0.22674050014180938,0.09171587039148175,0.8759832953159553,0.8983595812365773,0.3089543943573349,0.9988532239029729,0.7264086330784987,0.9840732966233506,0.768521701118246,0.8029028358207336,0.5864614390906737,0.4456302268428585,0.11762275907253017,0.2989894569455721,0.7264674090643486,0.8091887797528864,0.12776422737586274,0.40287044478124184,0.3046664592083621,0.6746165570692733,0.6292969420351068,0.2847833845323451,0.9751331538710807,0.16081362518034575
0.003477354659372817,0.9057951918477705,0.8902963613197094,0.9954403507972772,0.5039644317885603,0.9919695460526803,-0.7319925106145618,0.9642415738521197,0.20378048146529895,0.0430702097419855,0.8804192599546288,0.837893478510612,0.42538354320224747,0.890527851532824,0.8721359868739508,0.9981443557905388,0.9868339740528387,0.11672971847089633,0.5869075677548456,0.9228974293819682,0.2828941602789269,0.29019645411682377,0.01283594227485671,0.7317117412118906,0.04607604257696031,0.8488696203340375,0.005665348613586543,0.7840686547958968,0.6569683840072058,0.2573987997975825,0.8368995807623164,0.010722746098981304
0.3076311060662696,0.9105723055554954,0.3467887923934193,0.999190230119575,0.5256388174094896,0.8435155334314596,-0.8731231151126987,0.9780241238759415,0.2552607013532008,0.11545556334726016,0.880153289382956,0.8836719308736106,0.1654656237628141,0.8893213169546005,0.8712643531770573,0.9862776640160406,0.9536083228721228,0.17763942009566863,0.6227885261498869,0.5167889175781388,0.2607792078578653,0.26924936081670015,0.20631497819156297,0.7674880858945974,0.6049537618188712,0.8110943131800998,0.0016401517097402373,0.6850332053108305,0.6137789720925029,0.1912438682726516,0.845751036758305,0.1286563562871331
