0.3180070947073051,0.9998692628203034,0.9101932371187023,0.9985419133583365,0.44300187749483844,0.10753523761493683,-0.7479629694493122,0.9979513368289633,0.21746027082922748,0.9425279803142218,0.8314149787848362,0.964122153908065,0.2516646128267493,0.9863932124509119,0.8414802715276637,0.7040880014375661,0.8455742566843202,0.16519539955580773,0.8033883285375606,0.9096414897130956,0.13388567942222915,0.7059293098096726,0.14803928169067368,0.517349587076106,0.836440921566862,0.0197460488792707,0.48273402808198385,0.7738921468583682,0.6867743475264599,0.23047352403399546,0.11458026914963251,0.12090984509790031
0.3311357145901831,0.9934335932854012,0.8289139014726828,0.9483465543833953,0.23042393661840604,0.9695595384025066,0.9140777048252291,0.991529356691692,0.46306876692942106,0.9649680843684046,0.7989174180399812,0.9354622201816399,0.2631435224011745,0.8827955712819805,0.8321779255601546,0.9883638950503343,0.9261509389758871,0.14722480908007213,0.8108817370983699,0.690957958810108,0.08868830666706626,0.6605328066935288,0.10820700069525357,0.5058287724376325,0.9847750319588064,0.10977250474604783,0.2653167869347647,0.32905479745424726,0.8555497395813716,0.9136125891051845,0.5320117812096978,0.7683212701186812
0.395266807712453,0.9864400817635453,0.8485264776699906,0.9983774410715214,0.22581495210758057,0.9967881464098723,0.883574467579841,0.9992637332314451,0.19079191749512817,0.9500088985311049,0.9003502331167013,0.9877658272784714,0.1883157092952878,0.9990775800000308,0.8642849615330216,0.7487568375724811,0.8175020284674684,0.20680695017703304,0.9632932815512699,0.9364752079881851,0.013929011043354908,0.9081305850531899,0.06217587976682222,0.7310182942328509,0.9862973317658665,0.09826656489351648,0.6166395820974938,0.29084919273390664,0.8619269990405695,0.8160086842492713,0.27799197192912833,0.24788489075825082
0.5205200970871388,0.9998211464960648,0.9374650643166953,0.9988133111496265,0.2800123853275089,0.980326453407445,0.8796201290327879,0.99492177666128,0.6123668295008227,0.9712090665918215,0.8718232008240275,0.9894957170050453,0.46850364119353394,0.9952499744079987,0.8696791868576392,0.9961898265240784,0.9392068078658368,0.0459585304313096,0.9767013058571872,0.8465332555472681,0.011185672096791974,0.9351957912330882,0.1502948085269739,0.9560180517989649,0.9859421716036755,0.21339480843078373,0.4523538124709509,0.31527083593676575,0.8853793751938841,0.904608351002242,0.8018229647099898,0.9463112564218724
0.18910712291407905,0.9993978965356741,0.9067114030165832,0.9988193437623366,0.17196925330876595,0.9995033207144443,0.8148253021153562,0.4937862888523775,0.4580698262244615,0.9655347833148571,0.9003002809708316,0.9464446240410811,0.13517825941264017,0.9417762065505992,0.8308967042541602,0.9908809998850232,0.6676714406840403,0.10618777366660673,0.9866300117099776,0.9355896187914051,0.02495462071696085,0.9104290257954187,0.17273465679842454,0.5355449248647555,0.9646775528964837,0.09812330171289221,0.986114124592179,0.32112228511298274,0.6839129512660076,0.35050810706422675,0.20621279097101716,0.10562660495223902
0.32605733982807455,0.9998520575293546,0.9667475528417822,0.9994478114065578,0.2205046280762637,0.9866942455272532,0.8819447152762203,0.9860306689595667,0.4589912186117041,0.989626019169525,0.8681811046801449,0.9972667734114083,0.240824294081882,0.9968387276026128,0.8685076074633186,0.9992016267628226,0.8896414815428292,0.15888193629040476,0.811892227605823,0.6987343317676475,0.027600404534716357,0.9702937620660352,0.07097290958619656,0.4238633464996926,0.9878980988061502,0.08866114679226933,0.9876749879920694,0.11422471354955471,0.8447620469086171,0.40657386452637884,0.7370423556754094,0.9369093132159323
0.3585366485805248,0.9988764278995362,0.9327666677220849,0.998943809995143,0.17731486588389317,0.4014381169434901,0.8241002280557824,0.8892495742314213,0.4563394401281687,0.9873841682595569,0.8718604783118831,0.9810853124631348,0.23542124126382022,0.9740868431562307,0.8647323778026941,0.9961069607496389,0.9210336883166321,0.16456496272242752,0.9100385909357744,0.8850848889894868,0.05266641302145836,0.9487153583739046,0.07535829731638743,0.5550476699677522,0.9613481132266968,0.19607441866309963,0.9838223542938382,0.35967909925976665,0.6605682052707613,0.2833494748543364,0.9759143379937345,0.9558013914742612
0.18921061509133053,0.9993737572659728,0.8674285935748224,0.9982952308934705,0.3397362901993644,0.9817742591804086,0.8819379272519795,0.9990956490757613,0.4594979799822414,0.99991484400099,0.8652239402216755,0.982553502729773,0.5151245808628013,0.9998064162151169,0.8672317768259313,0.9959535396557662,0.9809795165823475,0.13972181031258285,0.9726571994858951,0.8770499590082917,0.037336265342524065,0.9779678586228719,0.8680091127368996,0.5741446323601518,0.9965376280011846,0.24907627914499353,0.9746486341504226,0.10470288079604372,0.9615497248318217,0.21987515132464686,0.9549739619165293,0.9547385837948271
0.4455677482443708,0.9994123362767942,0.8946907605911656,0.9962197494316062,0.2195432279870663,0.30067265244109614,0.88869864891171,0.9608562950192546,0.46225928860070464,0.99897110865423,0.8954291880264906,0.9843648787456736,0.36013378501085047,0.973365816186619,0.876842632276849,0.9800906468244466,0.9408516624234191,0.09091190169608031,0.9988984392616073,0.7727427645624856,0.03232314044398666,0.9441352851826512,0.9754070040710312,0.4612820600133152,0.9999863629752416,0.04824264679186235,0.4898747121378538,0.2832213780575846,0.8290764108675046,0.2383776504019141,0.5649644596195664,0.9216403307303018
0.15568207987799776,0.9986457242820379,0.9014777128881926,0.9997699573809021,0.18082926068830696,0.982225362724428,0.839651102260517,0.9730139567068739,0.31713196903838553,0.9968799135953653,0.8697891967321584,0.8415256921197496,0.08274098494427873,0.9639353995458182,0.7942030908244629,0.9947441636228606,0.988728386249616,0.18088003070096714,0.795521026141746,0.6328845784085214,0.012909943700435711,0.8958895190076214,0.1251278983059132,0.7472907143415967,0.9885482468424541,0.1919508240635126,0.9969089541497987,0.04354754661547314,0.8324028296163662,0.34176005601370085,0.13926180712891942,0.9555638547021094
0.34094706376253353,0.999297330661929,0.8924363465395411,0.9929953863994031,0.17633228059019881,0.3110274392466774,0.8760056322683725,0.8821946155715025,0.47002606870283425,0.9986762986621148,0.8954386288846259,0.9830608444566086,0.5061422777026001,0.999378507308049,0.8786104057523326,0.9823541239095323,0.6646701251860295,0.18310161714143247,0.9100243996875825,0.8825738566583543,0.008887606928633477,0.9486951613897711,0.1273439914918128,0.95445433854059,0.9951406117875027,0.01748658856116289,0.467675503185003,0.3605540120864258,0.8976735432359305,0.08683778121119874,0.5459346870029023,0.83376592537974
0.10272017828970148,0.9998447303467607,0.9011933000598222,0.9989158087973916,0.18388105777800076,0.9936380079400697,0.9129293860489569,0.8892495742314213,0.5377195230673314,0.9948357117113343,0.8699703658387893,0.9827676323452625,0.24108495951368367,0.9740868431562307,0.8679749950311901,0.9961704298908575,0.9210336883166321,0.18355695251556264,0.8243002966007523,0.8850848889894868,0.009233462695064327,0.9335500620274506,0.15950386760888002,0.9509849777099817,0.9520423097728486,0.20861863103954717,0.46816796475922595,0.35967909925976665,0.66399280132565,0.03843631808738174,0.9755861688579409,0.1938955147467084
0.10272017828970148,0.9977583113080484,0.9010631769932378,0.969685266172942,0.18388105777800076,0.8398686095189116,0.8828937509844095,0.5491649415028375,0.5375216177600087,0.9948298688583546,0.8699703658387893,0.9827676323452625,0.24108495951368367,0.9740868431562307,0.8679563523523278,0.9961704298908575,0.008767283984339347,0.18164018353630246,0.8243002966007523,0.8850848889894868,0.009233462695064327,0.9335500620274506,0.07611105752437142,0.9519870807682153,0.9520423097728486,0.2087096001049598,0.46736067846441415,0.2832531221629899,0.5831220092945323,0.03843631808738174,0.9881331973703495,0.1938955147467084
0.38268261216984717,0.9997903826802848,0.8398151131957055,0.9910481026797545,0.1682996362871598,0.9155458628407231,0.8403066594398881,0.5658854672800968,0.31285861228923445,0.9968799135953653,0.8688695588042211,0.9466661044241352,0.08274098494427873,0.9384581411579802,0.8339650004933415,0.9959533708415225,0.11010951625640583,0.21640191674276188,0.7522913959108614,0.8811838967226926,0.5125827846826082,0.8872455605427708,0.002350092307734586,0.7416255742578209,0.9922602284596681,0.005604288469867491,0.41490425077365817,0.20592985787569804,0.7018193543761664,0.07425554365489642,0.6167335141382202,0.2033459486290523
0.18910253628138407,0.9993944243810219,0.9014987526179361,0.991044218260066,0.19821635985364103,0.9407930175740956,0.839265709331932,0.5634836027193216,0.4453564821823756,0.9528909636460112,0.8730689743403921,0.9464446240410811,0.11564808639194607,0.9417762065505992,0.656230291496503,0.9969275107465506,0.13929769943806,0.08938769846035766,0.8260708327497681,0.9347656882961667,0.02678870447694632,0.908064885360131,0.1591087854259687,0.7581333216986172,0.9515683033077479,0.057586921949567244,0.46899975300546637,0.3251462001390478,0.8360082540190732,0.02618085254011826,0.16476768149103987,0.1547807940080569
0.4064167355041661,0.9994210874402346,0.7907032565623475,0.9928565552552654,-0.022008274141099543,0.25059628660993305,0.8291233000271707,0.8826237743468095,0.46764506060351496,0.9895618404944696,0.8954386288846259,0.9880195291364107,0.5066449986070577,0.999378507308049,0.8786104057523326,0.9994303187796676,0.17110234968108398,0.09830051855929031,0.9595166468056254,0.6665229451122684,0.008465208921596181,0.945228934045457,0.9568099563930754,0.9408235530561779,0.9613275515421419,0.020102924256658238,0.9827940301771115,0.36391631145757986,0.9144495735429818,0.052399193890908996,0.9837972572811082,0.23055436736740925
0.4496287110273403,0.997692027106899,0.8956925323792351,0.9991469608235204,0.20826217599258212,0.9603793246940757,0.8903013408796198,0.9949181146937881,0.4793849382458987,0.9988178530960375,0.8950372124162794,0.9833931210737209,0.5126987726856871,0.9991505381233224,0.8328113176681659,0.9926488768088866,0.7090249011661106,0.09795909256795962,0.9819043303881959,0.9101498034399147,0.21553659606337844,0.956791606693436,0.04664829903331391,0.9459607349471197,0.9928480124688362,0.14038469588051009,0.9587810457838785,0.2807000544740449,0.7231230838929016,0.0753653633610249,0.5415998060340403,0.2258098150674493
0.39854931611636646,0.9994112412972885,0.8996504084924994,0.990566550885198,0.09317280672891808,0.9586333861627901,0.8850533266645999,0.5626001651118182,0.5615502629597415,0.9915325087310771,0.9298689239677179,0.9957963462384369,0.3839467196288246,0.9966093360922612,0.8350354393730137,0.9967209888199382,0.10492571438650822,0.07723600778653597,0.6172130185505108,0.7033285603288189,0.025198540501156552,0.946440651376743,0.0034686034536667992,0.459733780171508,0.9661645595271695,0.02062963585822679,0.9892729004526768,0.24859611723627983,0.7131513769584567,0.08648029069408451,0.1608749537682839,0.19361162242730925
0.24373028794413898,0.9998635166970932,0.8992118127620845,0.9997461722306649,0.21751853068309457,0.3495171839327725,0.9576303492408795,0.873179597210989,0.4596484851646202,0.9966857177887873,0.8974939490870061,0.9614425305151161,0.1335873653131055,0.9395132088787332,0.8677638306345499,0.9965530471998215,0.9120097708233199,0.14007420728005318,0.7980088508152215,0.7631487395783483,0.06393838976675387,0.8831290156883038,0.022126838370075834,0.7219302295294047,0.9634560218999834,0.227139479651156,0.4514601146082748,0.1928268534110306,0.9119089107298479,0.849155992228098,0.03200989039751051,0.9777166636148222
0.3985068127304281,0.9997903826802848,0.8390968544631583,0.9999889416666411,0.1057025262333999,0.956479433870567,0.8403066594398881,0.545846068423199,0.31285861228923445,0.9968799135953653,0.8696291781667436,0.9466686894750191,0.08274098494427873,0.9384581411579802,0.8339650004933415,0.9821461227165552,0.1053450358736229,0.17930654684633696,0.9961538972576207,0.6974120462169324,0.5135604009187074,0.8872455605427708,0.16924159461609511,0.7475848592973942,0.9918648806566488,0.09422950538517992,0.40825195743824766,0.20554357327048392,0.8311268590639772,0.24852455827132752,0.5138473586871715,0.9885175066346822
0.24373028794413898,0.9980175758777101,0.899844475679788,0.9998125837385481,0.21751853068309457,0.3495171839327725,0.9576303492408795,0.5469390032385433,0.4596484851646202,0.9966857177887873,0.8707336151162115,0.9458626531789477,0.1345075840411198,0.9395132088787332,0.8676403670778998,0.9819797688226675,0.16271317045274042,0.27220094719386506,0.7980088508152215,0.6974176840933187,0.0016933869095033076,0.6861748773837356,0.00038717557850729244,0.7219302295294047,0.9634560218999834,0.2258120863596614,0.2804224874847503,0.1928268534110306,0.9104547145986525,0.36688000109934654,0.03200989039751051,0.13223950850201766
0.3585366485805248,0.9988764278995362,0.9327666677220849,0.9989477042931942,0.1808913539139593,0.4014381169434901,0.8812552351536748,0.8892495742314213,0.4563394401281687,0.9873841682595569,0.8718604783118831,0.9810853124631348,0.23542124126382022,0.9740868431562307,0.8647323778026941,0.9961069607496389,0.9206758257936316,0.16456496272242752,0.9100385909357744,0.8850848889894868,0.05266641302145836,0.9487153583739046,0.07535829731638743,0.5751169143512276,0.961002680404248,0.1782693137616113,0.9838223542938382,0.35967909925976665,0.6624222173178795,0.3472795576393682,0.9759143379937345,0.9558013914742612
0.20454706167052072,0.9995956900040432,0.897652519940031,0.9989360199060904,0.10518174328870084,0.9817719343899574,0.7784172006088356,0.5046502738752419,0.5371789522802698,0.9994045183875425,0.8984367216357211,0.99788416675985,0.4727847616924926,0.9422522440225386,0.8737687625103362,0.9986710033200425,0.9003968729686774,0.1924506120857951,0.9731367202733553,0.8731639731272753,0.050274244005588095,0.9161652896318047,0.03361986002180819,0.741614142695474,0.9983678956022889,0.05271961536339181,0.48665706318099966,0.10112231544270724,0.7210059483648452,0.3113179031819123,0.1652957596881326,0.0012953694355174045
0.38268261216984717,0.9997924280094129,0.9250848513425067,0.990909083608797,0.16986735950495732,0.9155458628407231,0.9566124771022105,0.909081724327737,0.45834324013622785,0.9968610833779954,0.870328328230599,0.9849959224470796,0.5930224558176871,0.9455637717085927,0.8790245763643241,0.999507719395328,0.2948094984391963,0.1800647042841409,0.9623324364588082,0.6985962802264332,0.49027967804320843,0.9036397187916265,0.07598695083781071,0.9351699057003253,0.9976083985236286,0.007445679955843179,0.9700288007680655,0.19977955057064278,0.8284870453257515,0.1303893635461615,0.19640068127987448,0.18930872977954505
0.3985068127304281,0.999784022374856,0.9242646424770429,0.9957705779766343,0.10755862759152761,0.9555211563871749,0.8403066594398881,0.545846068423199,0.31285861228923445,0.9950992419584955,0.8696291781667436,0.9462271425735121,0.11704247095207025,0.9384581411579802,0.8339650004933415,0.9821390042166486,0.10960316958104557,0.17930654684633696,0.9861748653290138,0.6974120462169324,0.5283805951045984,0.8872455605427708,0.16988376677019928,0.7508984528790791,0.9918648806566488,0.09197697417572623,0.4116825432535811,0.33334597161709734,0.8318172134289834,0.9803067568740692,0.2801174074965383,0.9982647826390834
0.4498780641172803,0.9999746043249459,0.8937095316178384,0.9993499984406312,0.22642345927893465,0.9987984553961923,0.8815708703194626,0.9958106036366792,0.544484354899789,0.9987090047631632,0.9002332110519309,0.983365011781739,0.4449023207757036,0.9987958216681715,0.9046757818546317,0.9960457791106819,0.00021923251266969812,0.09144818919966047,0.9664957654376741,0.6270480798815471,0.10868443692318733,0.9257349976695286,0.44778504131407487,0.8917899165432649,0.9635004838326668,0.08746537454309808,0.4622758973235521,0.3482252788274076,0.9519291344888365,0.8538613578233141,0.1319918920726177,0.2509421017487065
0.4727792342709828,0.9999589308126722,0.8906519270623214,0.9989957476952915,0.2618249379134742,0.9994373820257961,0.8613246594169421,0.5514940911219117,0.47628620510421665,0.9998622073966008,0.8952894802517675,0.9986655293534485,0.07769840849960458,0.9996156786817673,0.8782186773660551,0.9985888929238813,0.7779567741515887,0.004704294530197536,0.9838191427124306,0.7405082544845799,0.03611147102884358,0.998196001376802,0.06791971333475993,0.982178055171602,0.9921561218751914,0.08842772884313198,0.4450697258644441,0.326180264076401,0.9042386392901388,0.06306374014012511,0.07236471088377466,0.21769928924487952
0.10272017828970148,0.9993636482449618,0.922692271985976,0.9967303195364745,0.18388105777800076,0.8398686095189116,0.882837494261792,0.5544914894805667,0.5342500450409035,0.9524342493748255,0.8756985066467253,0.984386258254484,0.25286425695680986,0.9397441864883714,0.8686311026086293,0.9961704298908575,0.1266027959448628,0.07699898006120416,0.8243002966007523,0.6310050781096112,0.009233462695064327,0.9069954352381487,0.9618349785225182,0.9594691762162176,0.9651445857252614,0.11327311420239497,0.4620923316134785,0.28854047316693293,0.6783689658943148,0.20772072713128742,0.9333473297155741,0.2382179786540839
0.22304833561927265,0.9993589295467903,0.8953594611305841,0.8984980658487238,0.03855352336228253,0.9593648932482879,0.8459577589080725,0.6116335555193988,0.47642321340425553,0.9898362679876209,0.894425551076644,0.993469123183657,0.5623647213441705,0.9928184512894095,0.8628653893088009,0.9961411975537066,0.023787801685046295,0.15680161086437044,0.8818617613436006,0.8865269813416577,0.017264167379826455,0.8996222967476519,0.0524766103595935,0.4047926335377486,0.9817631762486619,0.08824791887735882,0.46781348344268797,0.268762311760071,0.7338630884934458,0.009370106497941164,0.06214884981444628,0.9162254809451358
0.18458213327791972,0.9994973317099152,0.88951640020344,0.8963792888491898,0.23742479937107325,0.31368167296300714,0.840180398806981,0.8526005400599466,0.5496365365328905,0.9897050585593425,0.8936439305127666,0.993470613097741,0.4990430026634389,0.9927438512210298,0.8463290515285071,0.9983380570174497,0.013951850794770279,0.904060078834666,0.7746830510084757,0.7018620868295121,0.00811258068035517,0.878838211690382,0.7394168239398027,0.3969648205492209,0.9719561633674673,0.09375236606471682,0.4875572594963812,0.10834837584412514,0.834261628261445,0.014693825857421912,0.06205146236030273,0.19893447433024514
0.11473875529929535,0.9985735682591698,0.9356781865726448,0.8867595868933292,0.22200815240595675,0.23000835909459288,-0.5012664303161772,0.9874206973659123,0.6162548682308571,0.999934000064693,0.8961484040939894,0.9898584745974361,0.5727276421923401,0.9994803589167016,0.8757293560364943,0.9952659236000361,0.143088650125136,0.08787276250062925,0.7596995433577409,0.9227714973449018,0.012094952919890855,0.9557613916612157,0.020739675761307697,0.407378362268202,0.980662780302165,0.003483904785570105,0.4886194847796828,0.2836483152515948,0.7039581366644062,0.034795562495689894,0.28081497908443454,0.22184886695162875
0.2444569487133676,0.9988854026265233,0.8956940939363953,0.9992251150212595,0.1677772036937213,0.2438193605617811,0.8825312096709248,0.8802774181959219,0.5457388496096125,0.999883959403947,0.8645133109953682,0.9833744540306114,0.5601547101694202,0.9984269673612906,0.8855283842450561,0.9999375122683375,0.048117492396232364,0.06110006921669155,0.7990699535125417,0.881216774313872,0.0024984249570960777,0.6240981795197496,0.006130738616161202,0.47359261620569926,0.9911683356182899,0.09307411168218083,0.5224901937805772,0.16772812037379753,0.9530364817562209,0.09237667352437545,0.9484656018186686,0.18962853448348915
0.39854931611636646,0.9509082638736267,0.9260899753123977,0.9907819448019863,0.08197358281138988,0.9589336550206145,0.8850533266645999,0.5605844762501095,0.5615502629597415,0.9993792033073748,0.9298689239677179,0.9957963462384369,0.5726105755831354,0.999474322055881,0.8759859753202531,0.9984825305423604,0.10492571438650822,0.07723600778653597,0.6234978684861072,0.9280526881903404,0.025198540501156552,0.946440651376743,0.0033497814344519393,0.459733780171508,0.9643850835618946,0.02062963585822679,0.9892729004526768,0.34445401378973856,0.7131513769584567,0.08648029069408451,0.2845049565446756,0.25626212074702265
0.25939963745156674,0.9997924280094129,0.9015361785967966,0.990909083608797,0.16986735950495732,0.9155458628407231,0.9566124771022105,0.909081724327737,0.45834324013622785,0.9968610833779954,0.870328328230599,0.9849959224470796,0.5869411795107152,0.9455637717085927,0.8790245763643241,0.999507719395328,0.2948094984391963,0.09695669355162047,0.9623324364588082,0.6985962802264332,0.004105568887774191,0.9036397187916265,0.07598695083781071,0.9351699057003253,0.9976083985236286,0.007445679955843179,0.9700288007680655,0.19977955057064278,0.8301768721302152,0.1303893635461615,0.19640068127987448,0.18930872977954505
0.39818493644549774,0.9997107471052012,0.9251486974199401,0.99981208362458,0.23091877340616881,0.9963352749533919,0.952808522119389,0.997919030153525,0.5606217184948704,0.9982823147367765,0.8980848721068458,0.9972746674921977,0.6304126197466854,0.9985977333318978,0.8794170430210717,0.9913701090664883,0.9836238170179836,0.18808933526240956,0.9680640218592504,0.91550119477366,0.02822532783439447,0.9772306014246803,0.0760723534514472,0.9949829923722169,0.9614609207393512,0.23309737668300023,0.9752170302948963,0.41757964353285426,0.6948232281294991,0.23058326900682002,0.0388285373204294,0.17489070634742182
0.24520765823655233,0.9984923969510457,0.8933021451811108,0.9968438026904268,0.22213726176668455,0.394385611969369,0.8796304022055185,0.985308360455736,0.5443385839544993,0.9993910169963891,0.8934284599631107,0.9960342781868683,0.603375103115943,0.9839195044386218,0.8662814220994847,0.9961953377208023,0.7028346964356893,0.07456985811717234,0.8258170008587947,0.92446791069344,0.012097976157602074,0.9573106750893009,0.17400602161506903,0.4011391295454441,0.975804896398999,0.06224821368975114,0.9496084077396626,0.34746218319781164,0.7021330106916011,0.04585437740818615,0.29543412910853334,0.22307604714366677
0.41280459071751424,0.9994112412972885,0.8945333316775299,0.9913780455232017,0.10883289031441709,0.28541473295861247,0.8842759249283157,0.9975342192724777,0.5267599881190441,0.9997876148241605,0.8949392187928796,0.997924535709483,0.5559115925044729,0.9789156943045296,0.8780389924604285,0.9996503331988833,0.2701629477154071,0.048151063625160584,0.7999610205904345,0.86509356331573,0.025740182082162975,0.9474895734614598,0.07399028780442826,0.4744698872841485,0.9755487176646177,0.09375930624172665,0.4300798547966376,0.24859611723627983,0.822678742963133,0.09090069118098233,0.17816830169933107,0.2035512208154584
0.39884447388039895,0.9994112412972885,0.9012778278426803,0.990566550885198,0.2249114039920007,0.9978894620870983,0.8850533266645999,0.5626001651118182,0.5615502629597415,0.9915325087310771,0.9008809091091555,0.9957963462384369,0.07812616141688516,0.9966093360922612,0.8756955019792833,0.9967449324981318,0.26319403815371967,0.17830816513274814,0.6172130185505108,0.701766200064209,0.025198540501156552,0.9598121463612492,0.0366699146046192,0.40916976807241673,0.9901826392804451,0.20574420181615224,0.9892729004526768,0.1856092714708351,0.7131513769584567,0.13099074513320502,0.16156743581437674,0.19361162242730925
0.2444569487133676,0.9988854026265233,0.9352219160484677,0.9992251150212595,0.21294027558090103,0.3823771627770444,0.8795454830824553,0.9983233158156906,0.5466052548228159,0.9998989186400906,0.8993856759991237,0.9929164568744236,0.5601961578180179,0.9993256758134962,0.835188151018159,0.999938007183274,0.048117492396232364,0.06110006921669155,0.7990847364203035,0.9219440057405238,0.016714128532501968,0.9370505260070534,0.11918095890215391,0.5572683058150388,0.9964990659413491,0.08587039646456734,0.9776818400448493,0.3438715889443573,0.9663427439031644,0.1959308242587947,0.9452118387287319,0.9424986744949088
0.22304833561927265,0.9481926485144179,0.8931979654823842,0.9686714625709604,0.03856674392891236,0.936181755164976,0.8459577589080725,0.6116335555193988,0.47642321340425553,0.9898362679876209,0.8982715012621821,0.9914744215845849,0.5597061024801675,0.9928184512894095,0.8629413433561933,0.991108653721394,0.02402430402350679,0.15680161086437044,0.8818617613436006,0.8870955074595085,0.01733323205896879,0.8996222967476519,0.0524766103595935,0.4047926335377486,0.7634500074924574,0.06377497595192835,0.4675669516610045,0.1880071595930288,0.7338630884934458,0.009370106497941164,0.06214884981444628,0.9162254809451358
0.5076002750307765,0.9997944580671594,0.895659349587555,0.9989688839166605,0.21115676114712992,0.29836231593836043,0.9241096784011688,0.9997808891726468,0.5406761253781375,0.99945056545636,0.9000195922489738,0.9959634412030748,0.5822001153033454,0.998049146270824,0.8775489671018187,0.9999720823939369,0.9665300125381955,0.09690011732453946,0.9759251358094984,0.9015950495144539,0.008195937475482501,0.9193873064650526,0.20846467494346332,0.9536526311485226,0.9947369248458424,0.21130600973755792,0.47662183585453227,0.2825514982360886,0.9121632592252098,0.07220180045219818,0.988405741946475,0.9685173331292225
0.10272017828970148,0.9979308358628082,0.9018449841569541,0.9933451500480155,0.1796101194176021,0.9865407340958402,0.8828937509844095,0.5576045483384535,0.5383072834128153,0.9919581898812299,0.8959721684273058,0.9827676323452625,0.5195586191193735,0.998071753684853,0.8787056343179449,0.996057915606485,0.010375095349290653,0.2532965729543644,0.8331080431301348,0.8848241249312766,0.009118612900414342,0.9938304448485245,0.21624645619990768,0.9535870680385358,0.9907441681841577,0.21347243464769494,0.4876014006254674,0.31230182259342487,0.7077459853696306,0.10745865774780639,0.9881331973703495,0.2003404387579593
0.4684515798709935,0.9999589308126722,0.8906519270623214,0.9914944217487903,0.23450825299863026,0.9980915875439196,0.8613246594169421,0.5514940911219117,0.47628620510421665,0.9997500885517012,0.8972796492019732,0.9986655293534485,0.07769840849960458,0.9995995581651234,0.8250775244106866,0.9211945197304586,0.7779567741515887,0.004704294530197536,0.9838191427124306,0.6795538186799963,0.48941268240892966,0.9990604487877455,0.06791971333475993,0.91899490462833,0.9629989994306403,0.1284699843380827,0.44883974801582743,0.177028136503728,0.8338365218238368,0.06355744413233712,0.07187281163482326,0.19496491108123842
0.03391082283609134,0.9994066722055179,0.9010428727858678,0.9921033595060741,0.23731154499637971,0.31368167296300714,0.839183234569733,0.9958083922663727,0.5497248024715577,0.9949153771320276,0.894635766445985,0.9936068040400091,0.4899727546145518,0.999041537301084,0.8425665527624602,0.9981764929550502,0.05153134437382147,0.8907422955095592,0.7504531502755122,0.685402861589035,0.001226188062358891,0.9327142086451962,0.9638030039304153,0.4020642312421966,0.9718896636376326,0.0882319185623629,0.4875572594963812,0.1155773871207091,0.8536044303827675,0.07456005162450052,0.598369770635731,0.19878266237821746
0.285579904422468,0.9994883066560772,0.8796035440571837,0.9952376396409728,0.22135448127449553,0.9980891954466087,0.8672427931350611,0.8820569714522363,0.5498393107596461,0.9976760925694464,0.8936439305127666,0.9985857569490172,0.581215896370355,0.99979253114065,0.8657555299394906,0.9951881391522008,0.016522826416568694,0.07080581566060044,0.8411455245195222,0.6261379549261156,0.008674640809557642,0.8824845039232916,0.003463429313669275,0.4225568060513395,0.9976827426481186,0.15508053791271997,0.4359951481965767,0.34441478862524394,0.9091481602515064,0.016009841987375706,0.6455005289021201,0.2528816064669176
0.25213887029433824,0.999419555584968,0.8958779625826084,0.9991469608235204,0.20842459835298663,0.4271671824015519,0.8399243166811573,0.5454528976614962,0.4825281975898992,0.9911136795861393,0.8675827650663946,0.9464174984649276,0.40319034585167635,0.9997383198157779,0.8328113176681659,0.9908435405959162,0.6578300710529131,0.07783641794510515,0.04781683047585489,0.899551457234984,0.0019986241844320712,0.985539746180009,0.006420825513008542,0.7250542911792554,0.967308287812078,0.02183872916211549,0.41120555052204766,0.289907232985477,0.5662137590306119,0.08282185562596854,0.057744169688790405,0.09806896231424783
0.44318262218992543,0.9994112412972885,0.8991815011103209,0.9976463134177435,0.2151301349490634,0.3852802824043109,0.8824195725748889,0.9337294809866398,0.5467115212538755,0.9998374682105788,0.8949392187928796,0.9966034316485665,0.5606333711560242,0.9980073787629321,0.8775965126984162,0.9996503331988833,0.12536875680884435,0.9127883409672148,0.7839381253530346,0.8638812030439323,0.02571132432306871,0.947503174650786,0.0036540403447746297,0.9709440631789588,0.9754069256161351,0.0943169596713569,0.4936056100018181,0.34245531496098874,0.8910549848883652,0.19327404276335464,0.7895261171959815,0.2035512208154584
0.3280013160524775,0.998493939195925,0.895682968090238,0.9907061593520593,0.1814933161485364,0.9865258138776035,0.8863107865650655,0.9478009696400098,0.5485120322769078,0.9986681316182197,0.8694007712134169,0.9814357073623865,0.5603398684026747,0.9998917760749239,0.9034252929071181,0.9997331773490319,0.05192214412947194,0.1693482759594581,0.8868415220958605,0.6266567643376506,0.05344954556163507,0.9465182340385648,0.8782749801001596,0.8846835697817409,0.982683498924663,0.08244762797927732,0.4981301871669953,0.3626154609457676,0.699462914767361,0.0071614961319263065,0.003505351978206589,0.18125615961832586
0.08758809719335445,0.9997147059954908,0.9356781865726448,0.9484790085207794,0.2189868165805333,0.41750999751212475,0.9104583358883666,0.9396250743092958,0.5450527429957069,0.995234283448955,0.8624354441482113,0.9898584745974361,0.6026050361291173,0.9994803589167016,0.867157566072995,0.9957042161135821,0.04508925425400451,0.17680606083686906,0.7381193494379032,0.9240581140413651,0.012097976157602074,0.9558488624435009,0.020739675761307697,0.9641808118309869,0.9746542207819283,0.00864427301893017,0.4886194847796828,0.3240467656873237,0.9188561247707138,0.10391080373334273,0.9806580523441517,0.23287635968066872
0.33590971468351005,0.9984108169571067,0.895682968090238,0.9913704051786221,0.18422934770118374,0.16013347901862784,0.900050779648297,0.8853335592944809,0.5348927590554218,0.9986624110654736,0.8697228201972034,0.9981564553141616,0.5099881770718353,0.9998995575376677,0.901621551947782,0.9997331773490319,0.08186604833399624,0.1693482759594581,0.8005698098117263,0.6266567643376506,0.010665066789973204,0.9478164134871159,0.8758573939638995,0.43158519432549697,0.9710657967666855,0.08465083191356941,0.44370819485255114,0.17485285306174136,0.729215630743094,0.011621585697519522,0.0466026226677943,0.18125615961832586
0.08758809719335445,0.9999751979791227,0.9012067467946381,0.9484790085207794,0.21650241568606124,0.41766713090682656,0.8843912829712539,0.9941278498672669,0.5316139816861424,0.9657725930022842,0.8985974678196048,0.9844883212211643,0.6048166482932494,0.9498684392746808,0.8762515276457776,0.998716222319691,0.11308648532315921,0.17680606083686906,0.7381193494379032,0.9194631978343993,0.01695172209430626,0.8818467800491032,0.020739675761307697,0.9493149158337866,0.9746542207819283,0.00864427301893017,0.43644154488838244,0.3251470777662702,0.9335171507301816,0.10497848955673422,0.05975114438326899,0.1554552119470678
0.3903896997487255,0.9991744514977122,0.9043386219587592,0.9909576702922442,0.19825687270861242,0.991886894594087,0.9248903467064645,0.5372665504532131,0.44759669894036513,0.9921431217239638,0.8999774035952316,0.9464212310936728,0.5562017251450202,0.9273907847700624,0.8339663602187112,0.9880553284596347,0.7527071218568562,0.08622060163449219,0.9655879724771088,0.8917230344479893,0.025943678643619676,0.9111825594568517,0.9328213699314885,0.7861207872550292,0.9922936340349626,0.08011131224078545,0.44187793688047877,0.33291720865139557,0.6917083032185704,0.24849452549722661,0.20977554942585713,0.20338751731587962
0.42099443898781586,0.9994079757061184,0.8919972906169563,0.9998707934930615,0.22178576415641454,0.2716790600987369,0.8826446489588547,0.9730351348614241,0.5088885138301602,0.9923379567674488,0.915569774698164,0.9809933751498401,0.2446006055559874,0.9992416222134826,0.9028940820108675,0.98739147085876,0.8766527035268716,0.16133361246992622,0.7389439473721009,0.9210297169012973,0.016947135675030665,0.8813348971716639,0.004997063291069692,0.9057504364348938,0.9953493913542825,0.14182899310818795,0.5644009864592097,0.2759832306306203,0.9353366889653454,0.9569636168271116,0.11398472527678549,0.9623119417155448
0.3479021246686602,0.9995587389561169,0.925019369628059,0.990559621655117,0.11295620329805821,0.3459959858980215,0.8859147657365514,0.9382096937092793,0.5497903156013154,0.9998009784711137,0.8919052145071665,0.999719061060824,0.5537057912128334,0.9986663585715319,0.8655889460581913,0.9984613155462262,0.016020317909697268,0.13949982611218034,0.8125185962491016,0.9165206574742648,0.0017634783013712949,0.946256870869582,0.9766597543004713,0.593751419758868,0.9674087282724249,0.3060056187131147,0.3776359312972716,0.3473842494247931,0.7148354125453749,0.01558644916604375,0.623893387537138,0.19135200069059205
0.14953184782331738,0.9986660686407021,0.8967661234248365,0.99553832422901,0.21683693016939207,0.23875037546453542,0.8803582506653302,0.9755398472372163,0.5390823936779486,0.99882356385958,0.8716411173592861,0.9822742639352366,0.531805624962728,0.9746921107071493,0.7990720580916251,0.9232786692298384,0.008557115901289603,0.14494237573000962,0.792883483648227,0.6984656218977101,0.0014993806160333908,0.977418306473424,0.1738255513695456,0.8353012470192636,0.9624642208876597,0.010040160386115368,0.45571053533425426,0.2733122235412614,0.7132744814999142,0.016739586542490636,0.06396149728293755,0.05145776290702353
0.24787116764744888,0.9980329024930404,0.8998137478403011,0.991515280803145,0.1703900910030947,0.9799384010604372,0.8411179669384365,0.5394022756001078,0.4592112345947201,0.9988044918285108,0.8670278161325927,0.9845434352780129,0.5710910925978021,0.8206201586937952,0.8645992085811386,0.9820309487004677,0.15946950943441543,0.26755946288917515,0.7873821116367312,0.8802755961183807,0.0016933869095033076,0.6901916944445885,0.00038717557850729244,0.9963959651401516,0.9631563962083685,0.25014597421612617,0.2804224874847503,0.18341848091515045,0.8316291984773145,0.14341044549799753,0.12606748560734496,0.13223950850201766
0.10272017828970148,0.9998447303467607,0.9011933000598222,0.9989158087973916,0.18388105777800076,0.9936380079400697,0.9129293860489569,0.8892495742314213,0.562154627520501,0.9948357117113343,0.9284619582848513,0.983275911434921,0.3831852728142933,0.9740868431562307,0.8679749950311901,0.9983451999547724,0.9210336883166321,0.1443590937544063,0.8243002966007523,0.8850848889894868,0.009233462695064327,0.9335174194019321,0.15950386760888002,0.9509849777099817,0.9773196648318271,0.20861863103954717,0.46816796475922595,0.35967909925976665,0.66399280132565,0.03843631808738174,0.9755861688579409,0.1938955147467084
0.2545716556058025,0.9988703146456909,0.8958779625826084,0.9753694627863687,0.20842459835298663,0.4271671824015519,0.8399243166811573,0.572314716599702,0.4817107859965333,0.9915947121800911,0.867572341695847,0.9837526954729492,0.40319034585167635,0.9992630117245891,0.8325963000572417,0.9994105132962677,0.1613331989942158,0.07783641794510515,0.08282952396030802,0.9017715997449917,0.0019986241844320712,0.985539746180009,0.006590116550156977,0.7250542911792554,0.9670651682493908,0.02183872916211549,0.9457207257857285,0.28709709365117275,0.5704204463945844,0.08282185562596854,0.06764793226521054,0.09806896231424783
0.49187440233940805,0.9994268596348825,0.8936877823885536,0.9641475777273085,0.23058612002486106,0.2530698259756766,0.8829740122450377,0.9987528374626853,0.549169368859867,0.9999483202143998,0.8954386288846259,0.9880195291364107,0.5622206866282571,0.89644518834679,0.9022610212651546,0.9986981744459456,0.967745898596925,0.10586410618244951,0.9691155937865952,0.8634984160073798,0.027615447812839568,0.9299385301129469,0.030292079719090148,0.9463397643166993,0.9960376047606909,0.0006876159821107633,0.48259394244093556,0.10307690899121522,0.9036182034703272,0.05352689941791347,0.17828751827878433,0.246565602129468
0.24997329959887962,0.9993607158608377,0.8924245727537968,0.9978400049495899,0.15477295074091094,0.31492855535217196,0.8638643415879356,0.9388064383480254,0.5462529206248388,0.9982709588862037,0.869259790334022,0.9965661487931211,0.14845381310542147,0.9984149402869323,0.8698678510547463,0.9703562415353353,0.017583251280149072,0.11793602003450607,0.8099866955062008,0.921606533666209,0.0013556691420265445,0.9930809830954348,0.06340517275061963,0.4163766235502471,0.9927130992741441,0.011471289069884233,0.4349032642501834,0.3310653852709351,0.7160601896644917,0.06816529753075029,0.1364459714939421,0.3849602356142982
0.18002111112222566,0.9994393066682736,0.88951640020344,0.9802222595100372,0.23742479937107325,0.3437282451579299,0.864572656360426,0.8526005400599466,0.5496365365328905,0.9897050585593425,0.849840207348284,0.9879150951102794,0.4990430026634389,0.9992519510907216,0.8463290515285071,0.999404203061723,0.013951850794770279,0.9155325185888703,0.7746830510084757,0.7018620868295121,0.00811258068035517,0.9858777357452351,0.7394168239398027,0.3969648205492209,0.9719561633674673,0.09340498372149215,0.48587960447756257,0.11005038995871959,0.8480350760257379,0.002881643305060255,0.0621010395839875,0.19893447433024514
0.2552538180493656,0.9997234464824398,0.9365383390745112,0.948401238792742,0.23046038620913287,0.41766713090682656,0.8843912829712539,0.9990091045773234,0.5331307410320291,0.9996683624061705,0.8961955846257881,0.9974522169764042,0.6048166482932494,0.9995342352985489,0.8762558785607333,0.9999499623565077,0.06678076944654782,0.1779458162421626,0.7381193494379032,0.9194631978343993,0.023817589433898605,0.994226991158328,0.02092599790086081,0.9552873338394016,0.9921471705060685,0.006873697018412839,0.49316665889938194,0.3425741865911603,0.9106422902615524,0.10490747534845417,0.06012600588154016,0.1554552119470678
0.27486434547680316,0.9993607158608377,0.8924245727537968,0.9978400049495899,0.15808364330716465,0.9494184842979485,0.8630114297628133,0.9388064383480254,0.5457019181376414,0.9982508127089519,0.8936573127766507,0.9964312620396599,0.5598025449392795,0.9986761920247628,0.8760968570236974,0.9697877320363194,0.10973065545195451,0.11793602003450607,0.958642511623405,0.921606533666209,0.0013556691420265445,0.9930809830954348,0.9654240872679172,0.4163766235502471,0.9927130992741441,0.24629118522684318,0.4349032642501834,0.3313839639514652,0.7160601896644917,0.06816529753075029,0.954709699354244,0.3849602356142982
0.4276287031826006,0.9999338524321952,0.9233362773674798,0.8977770125084789,0.18388105777800076,0.8398686095189116,0.8828937509844095,0.5544914894805667,0.5411952329327592,0.9948026181555242,0.8954535323614133,0.9827676323452625,0.24819865853452033,0.974144505509703,0.8679563523523278,0.9981438804904027,0.1266027959448628,0.06441839878426642,0.9593066977948421,0.6271530905528468,0.009233462695064327,0.9335500620274506,0.9979469053764447,0.9594691762162176,0.9647090718736675,0.12239111151688246,0.4620923316134785,0.2832531221629899,0.724468978898178,0.21241006870719586,0.12227455495830797,0.9453200488941006
0.18964418932766774,0.9991215557431931,0.9312294719964552,0.9909225158516044,0.17780426734139665,0.9965891785959085,0.8388009868624976,0.5582812973412973,0.4454135385080872,0.9543080122154772,0.9010728926197837,0.9464446240410811,0.09251029578020034,0.9417762065505992,0.7989493129523108,0.9840281860204674,0.5696804330899571,0.8634514947964562,0.9645163672382416,0.8785156146023367,0.025560285029217217,0.7046587205475897,0.16989999034853434,0.9613184950846356,0.9964369405965074,0.09976093915643507,0.9973145868118105,0.345181884668869,0.7128448118498952,0.9962201568666781,0.19090843959993967,0.9749595612846383
0.12935018052166775,0.9914935494933448,0.978081921658895,0.9968561973500608,0.1666501355720215,0.29475777074168064,0.8672885546628516,0.9568025722877601,0.5402816274003902,0.9998352346206263,0.8925193701691193,0.9960342781868683,0.6018696119854099,0.995306816858443,0.8785329074316903,0.9996531154861688,0.0138403969910346,0.05865265818395379,0.8337977366652418,0.9273801175523444,0.007555961339904702,0.947898415763492,0.020739675761307697,0.407378362268202,0.9758302818497478,0.02063513900115039,0.4388758023809096,0.2836483152515948,0.8376145383418911,0.06426061235078837,0.7847508190099508,0.18620832419611383
0.21252675748731836,0.9997411554958275,0.9359317156940405,0.9959550562981121,0.04356072239967518,0.9890798866801334,0.8803337620708926,0.4559254306232607,0.5348771433546748,0.9948265656416042,0.8577257369106764,0.9894710964761712,0.5605845068059142,0.9993418572010895,0.8665395334231945,0.9980886489734729,0.0241662991742575,0.8138318403204985,0.9392788520935607,0.8805887264959672,0.011230676955369778,0.9519429916510034,0.027052481529056926,0.9431853782429098,0.7340847382858904,0.12258479010070934,0.4886194847796828,0.19758123467224342,0.8245049224436792,0.06090770550979008,0.7581930362395968,0.19144380035430203
0.18458213327791972,0.9994973317099152,0.88951640020344,0.9249551041871811,0.18154912671103066,0.31368167296300714,0.8132974833301008,0.8806667121852759,0.5334886803320437,0.986271801945909,0.8936439305127666,0.993470613097741,0.5063761934744282,0.9410270782608424,0.8463290515285071,0.9951429488127482,0.013951850794770279,0.10362837510060385,0.8173121271492728,0.7018620868295121,0.0023787717041326836,0.878838211690382,0.8742742521724698,0.3969648205492209,0.971813356591514,0.09248717869640743,0.4878547700810192,0.10781783850991325,0.838921894772326,0.07657767132130983,0.07232146907575074,0.19893447433024514
0.10927560302442421,0.9987323617876374,0.9360757301516927,0.9968438026904268,0.2177263577730729,0.23000835909459288,-0.4717909969058489,0.8953667367269552,0.5391695750339323,0.9998923607081894,0.8959645360843741,0.9960549515469628,0.5737724939397719,0.9990934144446117,0.8757293560364943,0.9825386128367425,0.015311976072312827,0.07457083290087825,0.7584747787728859,0.9232565835569521,0.012097976157602074,0.9043362794446663,0.020739675761307697,0.407378362268202,0.9810975505618407,0.006577454597740465,0.4885813645624718,0.2836483152515948,0.7039581366644062,0.034795562495689894,0.28081497908443454,0.22144132017965848
0.45731662240257476,0.9874854571644611,0.8467357477714577,0.998956936374769,0.20437379958757446,0.9968897643658058,0.8588671617781709,0.9459091803161134,0.45287947222846836,0.9500088985311049,0.8693765741625894,0.9877621712162136,0.1883157092952878,0.9420986920635676,0.8369390982677611,0.7443614781572606,0.016640607084668354,0.1818023088292529,0.6918911208822618,0.8928587385874444,0.03967076834786099,0.8287419643784322,0.02163635427244054,0.7310182942328509,0.9997584990190607,0.08094428686516694,0.04548267972521805,0.3352483632237165,0.7369225857389932,0.840733912710502,0.021050129335333526,0.17174419517813017
0.4137644690162078,0.9922372838149277,0.9782729378391395,0.9948621997737817,0.16561240902306107,0.29475777074168064,0.8351081071091001,0.9568025722877601,0.5394641101156481,0.999837063998069,0.8925193701691193,0.9960342781868683,0.6018696119854099,0.9953297566696339,0.8785329074316903,0.9996531154861688,0.9500106533828734,0.059300681826314705,0.9637831553524078,0.9273801175523444,0.004992942034425379,0.947898415763492,0.1797082131939628,0.407378362268202,0.9710370361138054,0.01892827174216813,0.42845126275597784,0.32905164732002046,0.8376145383418911,0.06420340554062981,0.008071759969214054,0.7677787175773576
0.25461762342142763,0.999419555584968,0.8958779625826084,0.9753694627863687,0.19475102089066745,0.4271671824015519,0.8308553989099241,0.572314716599702,0.5149230480584918,0.9936314845544932,0.8665910165186131,0.9837526954729492,0.3401882689697954,0.9973275870972972,0.738332078949529,0.9993728067382899,0.12889816912124824,0.07780588845351169,0.053338126410691966,0.9021553568221129,0.0022983318491830987,0.9715054159800152,0.008348087628070416,0.7250542911792554,0.9670651682493908,0.02183872916211549,0.4265464884920481,0.2506015763305611,0.5704204463945844,0.08282185562596854,0.07218086284136388,0.053784379674868876
0.0764915802430518,0.9997022385970546,0.8907116217068428,0.9975575333146997,0.14448421548666673,0.7979274006978346,0.8824458181818746,0.5544914894805667,0.5411952329327592,0.9998780056876765,0.893807816534813,0.9938434977131025,0.24819865853452033,0.9727989441932192,0.8671291291012869,0.9959330555272867,0.01092458516165195,0.07295735206848666,0.08981780891062857,0.8688191443979221,0.0010465278242996826,0.8997119606816782,0.04158895136144408,0.9558810289743197,0.9761489285459481,0.11603084906420186,0.9024817188165526,0.2844082369419521,0.5709206683788003,0.2431415410484566,0.028752724717884315,0.1900098623161994
0.49423298185624387,0.9922149834784109,0.8957686584752169,0.9979197112483404,0.20703650565055626,0.9880572027220585,0.8597136429356816,0.8327407451255423,0.5331672435241093,0.9959365551066417,0.8937037642868026,0.9986767920587895,0.5565162192446302,0.998645618236551,0.8672470908147445,0.9894222103182309,0.017229179806684605,0.137078842578635,0.9712931338793758,0.7793977825986733,0.0019138872434371853,0.8739649846479063,0.0021972433823985085,0.9726447806792129,0.9614821687488855,0.3088547386129837,0.4295959006697694,0.10806388467637164,0.9104239066661807,0.05120789993590624,0.04869187764643714,0.053854699160351516
0.1884550776422296,0.9993754799125042,0.9278067159866776,0.991044218260066,0.19553391496537728,0.9426759224498168,0.884672994348391,0.5633449909218342,0.5493359174644916,0.9528909636460112,0.8937676336492059,0.9951793359701511,0.5609650921782561,0.9981538861775264,0.8644101643985201,0.9969564263957436,0.13929769943806,0.08938769846035766,0.8260708327497681,0.8553370162249377,0.01210478609389819,0.9549593586556164,0.004794927950720744,0.7581333216986172,0.9515683033077479,0.05072008947294719,0.4877022826243801,0.25295123118423907,0.8360082540190732,0.02604477010222554,0.17843930885602616,0.14873061346089128
0.18473732322800873,0.9994973317099152,0.8106709909965372,0.9963792045516146,0.18094306777528427,0.4192911649775055,0.8829804995404466,0.977862599281016,0.5496365365328905,0.9990680879589204,0.8936439305127666,0.993470613097741,0.530220012470859,0.9990909679965633,0.8675449049618192,0.9951319277123982,0.016674240657256218,0.904060078834666,0.8173121271492728,0.6839087544525079,0.0012305873345811141,0.880858708875228,0.8769135696084237,0.858143172273675,0.9621727343521015,0.09402723800156236,0.4875572594963812,0.19694290595083092,0.8388177123154151,0.38978713935497944,0.07232146907575074,0.22694928353389784
0.18458213327791972,0.9994973317099152,0.88951640020344,0.9247042674364812,0.20806609759458972,0.43832078691515636,0.8092634876522757,0.6291834337146935,0.5334886803320437,0.986271801945909,0.8936439305127666,0.9855687927322481,0.4920381727698502,0.997352383132844,0.8464549931688111,0.9949257993221456,0.013951850794770279,0.10362837510060385,0.8173121271492728,0.7064873594571565,0.0023787717041326836,0.878838211690382,0.004709769110520234,0.3945120987723475,0.971813356591514,0.09248717869640743,0.4878547700810192,0.2883224986078998,0.8386627195853612,0.07657767132130983,0.07232146907575074,0.19893447433024514
0.10272017828970148,0.9993298781361893,0.8974824768320133,0.9635367118770561,0.18388105777800076,0.8396543306808828,0.882837494261792,0.5544914894805667,0.5342500450409035,0.9524342493748255,0.8756985066467253,0.9827676323452625,0.25286425695680986,0.9397441864883714,0.8068675546309811,0.9961704298908575,0.1266027959448628,0.05898143116517776,0.8243002966007523,0.6310050781096112,0.009233462695064327,0.9069954352381487,0.06618663256990076,0.7383472052960699,0.9643505921630711,0.11327311420239497,0.4620923316134785,0.2832531221629899,0.6783689658943148,0.025712153324415774,0.12227455495830797,0.19420002242115422
0.4455677482443708,0.9994927897162486,0.8946907605911656,0.9962197494316062,0.2195432279870663,0.30078880723216234,0.88869864891171,0.9608562950192546,0.46225928860070464,0.99897110865423,0.8954291880264906,0.9843648787456736,0.36013378501085047,0.973365816186619,0.876842632276849,0.9800906468244466,0.9408516624234191,0.09091190169608031,0.9988984392616073,0.7727427645624856,0.03232314044398666,0.9926544148650491,0.9754070040710312,0.4612820600133152,0.9999863629752416,0.05424559225264251,0.4898747121378538,0.2832213780575846,0.8290023642342209,0.2625258123850442,0.5649644596195664,0.9216403307303018
0.0764915802430518,0.9997022385970546,0.9242636470623367,0.9975575333146997,0.14448421548666673,0.7979274006978346,0.8824458181818746,0.5544914894805667,0.5411952329327592,0.999888891971724,0.8964731826999657,0.993833284696399,0.24819865853452033,0.9979325354086281,0.877575531881643,0.9959330555272867,0.9468154882093075,0.07295735206848666,0.09949290699103319,0.8688191443979221,0.0010465278242996826,0.8997119606816782,0.04158895136144408,0.9558810289743197,0.9761489285459481,0.11603084906420186,0.9024817188165526,0.2844082369419521,0.5709206683788003,0.2431415410484566,0.028752724717884315,0.223801447781575
0.17970171074891506,0.9994404953369979,0.88951640020344,0.9981595275902285,0.23742479937107325,0.29958516748820807,0.840180398806981,0.8526005400599466,0.5496365365328905,0.9493830990852213,0.849840207348284,0.9879150951102794,0.4990430026634389,0.9983429521685762,0.8463290515285071,0.9983380570174497,0.013951850794770279,0.9155325185888703,0.7746830510084757,0.7018620868295121,0.00811258068035517,0.8790160674221484,0.6741783966713062,0.3969648205492209,0.971946564736213,0.09340498372149215,0.4608782237968026,0.11362530562702977,0.8480350760257379,0.0026326540083574487,0.06205146236030273,0.19893447433024514
0.25374228534254084,0.999413729208979,0.9347113262408346,0.998983264724297,0.19819290764483002,0.990588645268136,0.880047298671617,0.5505708685118149,0.46048159349521545,0.9948301161502733,0.8730689743403921,0.983714909780563,0.5920096058420232,0.9424035865600432,0.6596552221838144,0.9973036866807197,0.13300110109867902,0.04208949901277725,0.9679125164468301,0.9347656882961667,0.03649969622403518,0.9081619172625959,0.8650112346275185,0.9672274884536426,0.9911733462122846,0.05157833260498898,0.48957797875862014,0.316637016466603,0.8358110598364109,0.013695223050874755,0.2216397472179908,0.11977732819698397
0.19392552889273307,0.999419555584968,0.8958779625826084,0.9015145760259703,0.20650460865063616,0.4271671824015519,0.8408383095544754,0.5916120926230569,0.4677472578107447,0.9915947121800911,0.867572341695847,0.9837526954729492,0.3967103530292927,0.999259591094972,0.8319029753980457,0.9994105132962677,0.6447728631764219,0.07783641794510515,0.06905105837215858,0.8904785202779884,0.0005283287435114518,0.9432883837743792,0.006420825513008542,0.63812931646107,0.9672157080152011,0.009374447193081344,0.45938090027559364,0.22949021033513464,0.6064109756189108,0.08281724453854429,0.0579350070762345,0.24983612586739098
0.44253458463787143,0.9994112412972885,0.8932198230082659,0.9904995780692298,0.0927033812763098,0.3003395195754157,0.8824195725748889,0.932420196455452,0.4617719785629994,0.9478101698255668,0.8701355335700431,0.9841922288607958,0.3400378208996532,0.9973372117852926,0.8775965126984162,0.9996503331988833,0.8549510763622311,0.2305479911762507,0.783824709037792,0.6264121910364591,0.026766747531300504,0.9477181866369797,0.03273711563313086,0.9696364872996206,0.9712649627378089,0.17765821860621606,0.4927519871349867,0.24859611723627983,0.8910549848883652,0.017295858695174235,0.7971680772383118,0.2035512208154584
0.03391082283609134,0.9993962851436503,0.88951640020344,0.9912354147138014,0.23742479937107325,0.31368167296300714,0.808220167748969,0.858626451883158,0.5496365365328905,0.9897050585593425,0.8646947363633356,0.993470613097741,0.5037566052984636,0.999041537301084,0.8441366841785363,0.9981764929550502,0.016674240657256218,0.9280383911635033,0.8174264998693606,0.685402861589035,0.001226188062358891,0.880858708875228,0.9650395039418557,0.3971215471372503,0.9718896636376326,0.007211077051478387,0.4875572594963812,0.10834837584412514,0.8274969532465973,0.01639536196284208,0.07205513620201097,0.19878266237821746
0.0764915802430518,0.9997022385970546,0.9242636470623367,0.9975575333146997,0.14448421548666673,0.7979274006978346,0.8824458181818746,0.5543595264911676,0.5411952329327592,0.999888891971724,0.8964731826999657,0.993833284696399,0.24819865853452033,0.9979325354086281,0.877575531881643,0.9959394456278816,0.9468154882093075,0.07295735206848666,0.0817178012233391,0.8688191443979221,0.0010465278242996826,0.8986375064745974,0.04158895136144408,0.9558810289743197,0.9761489285459481,0.11603084906420186,0.9673398456523796,0.2844082369419521,0.8601696977988526,0.2431415410484566,0.027486436650589058,0.223801447781575
0.10032479714752537,0.9920560293573333,0.8773706917168261,0.9115103196625703,0.18387178212736718,0.8505093624774944,0.8802329146553349,0.8474527938882193,0.59041370692745,0.998283389793887,0.8692618463422791,0.9826115912967472,0.41151873412808526,0.9444642196967161,0.8678659593481654,0.9984034823144373,0.0062028525990660555,0.099746037400746,0.7782791557292403,0.7754801173268926,0.002288616973120508,0.8829170537818388,0.0001889689436204156,0.9472271795141856,0.9630389693523252,0.2238241900367404,0.44212987532332715,0.11351650008252123,0.7145125547066311,0.19339984441104968,0.04274912473879805,0.07322986215744035
0.2553651520825233,0.998874989294841,0.8958779625826084,0.9759974683715471,0.20840498742534677,0.4271671824015519,0.7551342151116899,0.572314716599702,0.4817107859965333,0.9915947121800911,0.8675612986681838,0.9836609860998026,0.40319034585167635,0.9987183716033805,0.8325963000572417,0.9994105132962677,0.1613331989942158,0.07668493622566425,0.08282952396030802,0.9163819776722708,0.001619521594434263,0.985539746180009,0.006590116550156977,0.7250542911792554,0.954199653518363,0.02152601786018517,0.41143513976615453,0.28709709365117275,0.5704204463945844,0.06505177508781292,0.06764793226521054,0.09867064421895501
0.15510564069846416,0.9986453420283928,0.8936695656015985,0.9998991087159561,0.11638728519416502,0.9804168676827464,0.8850622730397057,0.9972380675630464,0.3119971499431966,0.9911474334293561,0.8973659837518184,0.9885048285669762,0.09544551770751966,0.8366763036949811,0.8332931927175619,0.9540568769967065,0.8161810486082931,0.20218431901871942,0.9992228478417406,0.6903332339713931,0.004679337835420043,0.6328993501325392,0.03483562443051112,0.7532136466264524,0.9924057528572064,0.2629183043150463,0.9888396178676844,0.19087364294269807,0.6938720251033919,0.10226630955671208,0.04644963645923132,0.9465549658364056
0.3830032737080495,0.9989012025503671,0.8624024495999645,0.9910443549378761,0.21123609796082293,0.9768918556410027,0.8875121425732281,0.567412111275652,0.45964830230066833,0.9911497378906756,0.8921376702016519,0.9841373524358001,0.08181644798365253,0.997399341633231,0.8269031761247152,0.9967357103586896,0.8242069448457756,0.10849387056755208,0.8065413857175397,0.7648426703371096,0.005981514983739635,0.99163876766476,0.03626631847134176,0.9681427548589773,0.9626172547182567,0.16957775749146098,0.44215916869265576,0.08019388285917486,0.9142061902624579,0.8856121482004975,0.04156490747236698,0.9785095638427537
0.11169071398604523,0.9989286662055491,0.8926075788600507,0.9968669578398733,0.15808364330716465,0.2263799762981699,0.8638643415879356,0.932878136049683,0.290252531463994,0.9982664210594421,0.8936439305127666,0.9990489047992342,0.34178093750413413,0.998714169232779,0.8658585676105048,0.9999177781963439,0.015320223545198495,0.11793602003450607,0.9731358524408541,0.921606533666209,0.0013556691420265445,0.9904807731550226,0.024220100070966255,0.38774969486339333,0.9916832638591784,0.025031258909072623,0.4139285113126534,0.34730551039244395,0.7162436582386488,0.06763568869871163,0.2830884629560383,0.38411933066113657
0.29525225531826416,0.9997779530289838,0.9109280310230375,0.9990945117449673,0.23265174555579304,0.9546492656681728,0.8857346078203746,0.5546657226193974,0.5365671887306523,0.9488260282070724,0.8955003118884072,0.9461426871062022,0.12270387016176126,0.9968054701753176,0.8334548707338768,0.9826273678943858,0.6738473860431631,0.098379964655565,0.8246727019982121,0.6900038985821184,0.06104903621541968,0.9518412042642178,0.02264344735268488,0.9664380250211186,0.9474868115434301,0.16219423273918757,0.3555250028744554,0.32420110675893865,0.7495610838260824,0.9376494495162677,0.8804170423837805,0.8512435157131184
0.4892369038897213,0.9999158262882666,0.8957943758203518,0.9988779241400411,0.313302291521402,0.13000293887808034,0.8830767040155348,0.8875836163698498,0.5403115198196576,0.9944859060931458,0.8959678989378425,0.9827258591376073,0.5942499645257837,0.9995834620528022,0.8781328600565266,0.9976861988661954,0.6574004442940158,0.2080755240149153,0.08224740674606917,0.6068531299746207,0.0011589982922036437,0.9065707169932455,0.005285464018766423,0.9034073405644036,0.9914180996665851,0.1977952549880429,0.43880930153495906,0.274323216871833,0.8357107568193517,0.12534515836422122,0.7867668809577772,0.014622765537603666
0.32605733982807455,0.9986525591815182,0.8658184473370206,0.9994478114065578,0.31235609092609534,0.9513072422884687,0.8819447152762203,0.4939288900351515,0.4681432890697127,0.989626019169525,0.8680563435964139,0.9944010419684366,0.240824294081882,0.9968387276026128,0.8656072486943307,0.920552228485601,0.9131733670230688,0.15549934458283937,0.8118556919494679,0.6873027353990381,0.027600404534716357,0.9702937620660352,0.15850280802154865,0.4238633464996926,0.9439806700654976,0.005315173357221564,0.24512530710342711,0.09746829582923938,0.7371009787653704,0.40821497601704526,0.029539210753715794,0.9369093132159323
0.5288777279293677,0.9998004143300109,0.8935528628702782,0.9996445228393638,0.09559215979481361,0.8030515506728264,0.8823957829046912,0.9946367011491055,0.5398570811683007,0.9998329361927814,0.8712946108792976,0.997041417827298,0.5555936973746411,0.9995242881545653,0.8775965126984162,0.9835041034657264,0.12269611051766727,0.18213246908616743,0.7867081937688212,0.884156179390852,0.00044615427841436517,0.9466887260123902,0.09031873779291483,0.984151962118986,0.9969789515183217,0.11099266925068299,0.4635055014622595,0.24603329993623713,0.8523601013787799,0.00430860788579715,0.9183751644652259,0.25148351310358635
0.5072228458024934,0.9998087293436199,0.8887697583703363,0.9994195706793484,0.2384461427837196,0.9994055853037334,0.8821223525712539,0.9932530481161671,0.5458318931822121,0.9988420080285694,0.8680884469167308,0.9969859246623135,0.25465871649885174,0.9980410941941557,0.8769514385818117,0.9982049897157844,0.9702791827199118,0.18882873500226238,0.9443771026539541,0.6736790302687902,0.028646223518865754,0.8750687055408255,0.16961286562966132,0.3788582646552818,0.9666160008044339,0.03661997496377518,0.48470046544543116,0.33737899402408283,0.8846004958540742,0.0023566780200582893,0.2873233880860026,0.8895102567431934
0.1820439681846059,0.9995782107746747,0.840508153170282,0.9990195379986225,0.10603275353908663,0.948233287157769,0.7591755520598905,0.4688890067420687,0.5493965511639163,0.9784179843932946,0.8699234314248386,0.9973001837283801,0.14506378886240867,0.9984071142260309,0.748986286456262,0.9984139528437738,0.02611370314384233,0.016069590299318773,0.7851151925541278,0.7912805959714818,0.0028151355350784692,0.6344333074592108,0.004582272409426887,0.4596898289308561,0.9654935607435968,0.0027072176845796964,0.503229676280921,0.11169082034262691,0.6314221182962744,0.1925592629711275,0.08131791793055375,0.21563261920439122
0.2895183556068003,0.9999989841468141,0.98714892495483,0.9990076881168864,0.1989245900619452,0.9466303005580279,0.8388009868624976,0.5582812973412973,0.4427728855827617,0.9543080122154772,0.9011288034965678,0.9464446240410811,0.091533088805814,0.9417762065505992,0.7977583024989924,0.9840281860204674,0.5557062262629313,0.8651849163910139,0.9645163672382416,0.8785156146023367,0.025560285029217217,0.7046587205475897,0.006678535971116256,0.9613184950846356,0.9964369405965074,0.06134396491436757,0.4847748903280129,0.3448526390088288,0.6846449472534869,0.9725116367046067,0.19090843959993967,0.9749595612846383
0.17184805398091557,0.9986736901414491,0.9343917398590614,0.9990033155726891,0.22863781905818925,0.9996340128933913,0.980155594294766,0.6250639789618521,0.3329201325020055,0.9997578611077411,0.8930234601543235,0.9960163707829904,0.12298878623537843,0.9972213857593978,0.9031651640471642,0.9999947485608807,0.8435140141270162,0.1719779767882679,0.9900974979365911,0.7389783094535692,0.07527167997165927,0.9845630468995586,0.08213258393246808,0.9681520517053147,0.9694404431179094,0.0971477946612556,0.9722442606135189,0.3240406419366974,0.9018615235846069,0.9728373014761698,0.9367806641838446,0.9676862549333696
0.4755367392180585,0.9994106096039923,0.8543336941005445,0.9990632804788192,0.20089003871776026,0.3014291995925368,0.8799147712365348,0.5719890969402919,0.45472846077144996,0.9898101888922136,0.8943268030791537,0.9841844123920902,0.14555627381989097,0.9321825202161221,0.8308967042541602,0.9951888408720185,0.8341807011045453,0.08660834482156136,0.9700159774741661,0.9358928841633035,0.006588511549218388,0.8865214495970943,0.9336308463079316,0.5683591474981203,0.971716467474728,0.09928214137241141,0.46693724356390487,0.2817572910164331,0.7264996606038437,0.2211937280581063,0.5746739212295383,0.9807105062420962
0.39633782854857924,0.9749709860214333,0.8526436781702315,0.9988360196071637,0.21416856963208913,0.9486732455624514,0.963048013749123,0.9862834789070416,0.961556007660344,0.9934810084539125,0.8572373330850891,0.9181427941564702,0.13798791352838585,0.9816718933059422,0.8633526560474298,0.7283944609950022,0.9419438030026671,0.1891919950115281,0.9646167820773256,0.698890062614069,0.14771744632193143,0.9302730317936247,0.09441384746991449,0.7988895404957461,0.982815068796598,0.08082812354768597,0.03404638513324154,0.40387251540256713,0.9402414672070645,0.8702426121786245,0.5230425004030268,0.7862112501447914
0.2105874202455803,0.9997351308863822,0.9491322755103341,0.9906284858200363,0.2376789949962087,0.4064533753221419,0.8400651463349971,0.8170247289283816,0.5149230480584918,0.9934821783823853,0.9430509890711696,0.9832269012369926,0.5751966103752824,0.9743725078127139,0.7402439694279741,0.983542717589493,0.08517879112395604,0.9065392796039466,0.053338126410691966,0.7725886171966014,0.003030973724617746,0.9189933051337228,0.008348087628070416,0.728823100626191,0.9548593648491874,0.019278677285948637,0.9806200256638952,0.289907232985477,0.5704204463945844,0.16381088009125552,0.06764793226521054,0.2430515101221137
0.3964523383062657,0.9998085544458291,0.9252150860470357,0.9912140743483596,0.21190344277018908,0.8831584538846984,-0.8320933418116451,0.4922985266819472,0.5443011279159056,0.9986105718849512,0.8656534948757677,0.9850122818956758,0.530524144367379,0.9970899194535497,0.8249191810998944,0.9126137705724277,0.012012989696416176,0.03789469312595273,0.8035534618337805,0.6199284360115775,0.012514705158518486,0.8649631375656843,0.002631827158631306,0.732881069016368,0.945598969318723,0.0035046950024059387,0.9994934108450415,0.1183187749973102,0.6758363329385357,0.03396176061431293,0.00637683197881286,0.11299637848712632
0.18458213327791972,0.9989519956707185,0.8938715660714095,0.9937804845783379,0.18295138109453635,0.31368167296300714,0.8819207526116551,0.8526005400599466,0.5496365365328905,0.9937245623558228,0.8753403042891528,0.9936545370476444,0.4990430026634389,0.9942046131474509,0.8444171610493512,0.9960843213839663,0.013951850794770279,0.08365987899828173,0.825205361301693,0.7018620868295121,0.00811258068035517,0.878838211690382,0.7394168239398027,0.398083644968667,0.9671212490101055,0.09375236606471682,0.4917626263653726,0.1830814512685628,0.8288507853797314,0.083696358199948,0.06205146236030273,0.09127093313279269
0.24373028794413898,0.9988096558977292,0.8998023631325468,0.9993379817437097,0.23245446556570765,0.3495171839327725,0.9576303492408795,0.873179597210989,0.45750164033995755,0.9966857177887873,0.9003490640288953,0.9614425305151161,0.1335873653131055,0.9977766956408021,0.8644614617537006,0.9449287995585879,0.1356486748102842,0.07041526857363038,0.7980088508152215,0.7599047872696251,0.0057776677170267195,0.88429175784115,0.022126838370075834,0.478739534891624,0.9634560218999834,0.22684174562386777,0.4544183792548375,0.1928268534110306,0.862376046063964,0.05366773904722677,0.03199020677399265,0.9777166636148222
0.10032479714752537,0.9920560293573333,0.8378080831345427,0.9115103196625703,0.1461365272260275,0.8450300525747794,0.8256199033763795,0.9582311468298026,0.5604689987135236,0.9994236304434407,0.8628739419730361,0.9832725746042222,0.4103277103496386,0.9444642196967161,0.8644750007799736,0.9957698840370564,0.0062028525990660555,0.099746037400746,0.8240464962493367,0.7744567464468597,0.002288616973120508,0.8829170537818388,0.0001889689436204156,0.9597470669510392,0.9630389693523252,0.22445115805735127,0.44212987532332715,0.1209605677935876,0.7145125547066311,0.19339984441104968,0.04274912473879805,0.07322986215744035
0.24640731372464703,0.9942876189999426,0.8601648959010179,0.9912914136642488,0.2751736776039337,0.14305393795064597,0.8595832450924265,0.5045845657462512,0.4666281171673496,0.9900376432857732,0.8979188441163019,0.9963640958762021,0.3536079214254102,0.9904759867621558,0.8644210578133644,0.9443467827670455,0.6521681547962868,0.04226071608216103,0.017581444366651544,0.6924937826309524,0.007950400624382114,0.8383751528856754,0.0001834289805550315,0.7565831614701195,0.94462883342934,0.004288111133730441,0.2946257468455051,0.12886761429195562,0.6758363329385357,0.028658408174858062,0.00011463270711426898,0.15339714658105938
0.22073197001274059,0.9509082638736267,0.8089429533069326,0.9907819448019863,0.08197358281138988,0.3405913313240038,0.8860605252832549,0.5605844762501095,0.5468027306450738,0.9542640694790516,0.8729231337172507,0.9957963462384369,0.6056760174417211,0.9993573768889366,0.8657476859070606,0.9967098968518405,0.02310122135028883,0.049251203332372435,0.6234978684861072,0.8984363979125938,0.07511903649205387,0.9071186108516575,0.0030036454701046454,0.4605485609733849,0.9646063300653451,0.0007046166202451659,0.3803605059966706,0.2887152552863135,0.7126078061275047,0.001953742499888979,0.03795579432176459,0.07860854569009046
0.3963333067564655,0.9951857546198581,0.8958042807970621,0.9914202338801017,0.14377663523810008,0.9885933187156288,0.8824458181818746,0.9374552150513792,0.4555192004126184,0.9994756575680747,0.8575008340090647,0.9842596170620386,0.08671717694705397,0.9736197999203561,0.8675828036320276,0.9960247775213644,0.010143091631851115,0.07071690416237451,0.08981780891062857,0.8668621945490389,0.0010496178650989502,0.8997119606816782,0.009686510208981761,0.9558810289743197,0.9246287581130985,0.1158569979914047,0.8968195549145146,0.2228011175164757,0.5792422606869523,0.3529195404390942,0.02835260466890262,0.1900098623161994
0.1957844369338361,0.9998181069551758,0.892817424830855,0.9988905827171694,0.31113721341286704,0.2105413400716078,0.869482598087146,0.9481604120146572,0.47364163418874394,0.9501488821336616,0.8169096396182839,0.9859290036814231,0.5572842647313012,0.9772129593152874,0.8790002248427597,0.9926560486645497,0.12822503941526986,0.002443260101137587,0.9743839925578098,0.8962738502056191,0.00175843827420076,0.8991526483012071,0.003306303972913303,0.8869169967242359,0.9759621313592335,0.21417528375547495,0.520809825078556,0.11232235387902592,0.7234769718301651,0.03868710942806608,0.039242858610268994,0.15708451066105983
0.33590971468351005,0.9994792879782786,0.895682968090238,0.9905438695189258,0.18422934770118374,0.9688973651979019,0.8886019980128481,0.5201852713578285,0.5389376515171754,0.9986624110654736,0.8697228201972034,0.9944374840161814,0.5099881770718353,0.9998917760749239,0.8772324225623519,0.9997331773490319,0.014640709081107026,0.17054221109988676,0.8008728480621581,0.6266567643376506,0.010722070273194467,0.9465281026196023,0.8758573939638995,0.11501067836645831,0.9710657967666855,0.08492219096012495,0.44370819485255114,0.17485285306174136,0.7086024603902558,0.03423145195603197,0.04857654848379023,0.09205745775844693
0.4953112229004752,0.9995759625267668,0.8989234444192354,0.9998278704571757,0.30906426296571704,0.22559176877839837,0.8344422389724024,0.9949004066431755,0.44888580736507305,0.9961032025092945,0.8960119847838077,0.9962845678980712,0.5076949031806005,0.9975537708001833,0.8830787710916385,0.9951151577422164,0.9552524410621137,0.07817498514227617,0.9654407321771185,0.6454000258510195,0.011129737136269439,0.9499276462154538,0.027256366229590934,0.7529951799781123,0.9915485192073996,0.2030521940435773,0.4428577384051878,0.29700154763374753,0.8343624505527982,0.041113195357992835,0.8051744321288432,0.061275131226318516
0.18872205149084653,0.9985735682591698,0.9013660281373206,0.9969046929531037,0.221358110279097,0.8236513129430713,-0.43940628655893743,0.9567863793869013,0.4712115831530722,0.9994787318894207,0.9142765910767657,0.9946892058836848,0.40662202671977543,0.9900499620769895,0.8666965895030735,0.9830216424836001,0.015311976072312827,0.09656986364620708,0.9787746407348159,0.9915275374874992,0.003210017405763795,0.8990904141068772,0.004635300968863054,0.11894146811739842,0.975804896398999,0.006429073128495666,0.40303131000003933,0.2689545318367707,0.9129608266727285,0.06419521602508604,0.03683432267462401,0.09181791096388857
0.4882295613630464,0.9998839454376723,0.8959965880670628,0.9987084398850348,0.22040653650739273,0.9996532000314433,0.8878300634012436,0.555879580762924,0.29974744497565087,0.9740480531033208,0.8950372124162794,0.9958148793407506,0.3851592913313529,0.9976218226849963,0.8288052280638218,0.9984644362744447,0.7173716088700078,0.07744970091906,0.9392381782923315,0.8903027973867185,0.24461669132115477,0.9541608484525811,0.9992612943798578,0.8566169844830458,0.9746844648320027,0.0046476809010884135,0.9587810457838785,0.3066155736233098,0.6978711914476592,0.07529267394469125,0.18989233039761327,0.1940011868281461
0.39854931611636646,0.9994112412972885,0.8995765831700968,0.9905746509791629,0.09317280672891808,0.13209079699035559,0.8850533266645999,0.5460505759318959,0.4599425953324066,0.9920110496993206,0.9285467230208229,0.9957963462384369,0.10758597577108847,0.9966093360922612,0.8347042790058673,0.9829280790954275,0.10123764997881371,0.07723600778653597,0.7844404105727826,0.6984071995693353,0.024286397338717063,0.946440651376743,0.0034686034536667992,0.7417378379160822,0.9661645595271695,0.011774740274842932,0.9531367778832085,0.24847434716755712,0.7131513769584567,0.07203749719591533,0.041456286351106375,0.19388544313888023
0.4421567088434788,0.9942320213708191,0.9013668738061158,0.9996832651784903,0.22877338783765325,0.987814348655452,0.8671858456210965,0.9946240576271005,0.5364952098766613,0.9993255880410673,0.8984260993320561,0.9981352819328378,0.5552212508950274,0.955602432136655,0.9321347235880721,0.9996420002415883,0.9735469135337249,0.8011903862837138,0.9690606480481105,0.9311594739142582,0.005360568208332677,0.9233640777671365,0.0917427249460712,0.7606406136178391,0.9759910108023875,0.1166645972049213,0.42752185033851303,0.36347970533096385,0.8178927458689066,0.05018886884381757,0.012105298036788212,0.021325327155762935
0.19051739139505083,0.9943673888330995,0.8958637823815081,0.9996821367495463,0.1996341623639257,0.9821986439441747,0.7784172006088356,0.5634836027193216,0.3152728249833302,0.9965613665920351,0.8971077078048678,0.9980391387768506,0.5822307838659343,0.9639945580229164,0.8785274641128046,0.9984642476631447,0.9771408196300109,0.847130272311283,0.9615879526590647,0.9084286369250081,0.0021910201348848586,0.9070431101938669,0.945300508308215,0.39789958238610484,0.9954966789046379,0.04944844567147566,0.49239415553590876,0.10112231544270724,0.8450443229661925,0.05018886884381757,0.06979616644287942,0.0012953694355174045
0.18255485832815266,0.9989519956707185,0.893384634731391,0.9938676666224219,0.1829660468760109,0.31368167296300714,0.8819207526116551,0.8540413133134961,0.5516672892052671,0.9985412646209539,0.875381406553402,0.9980920646218856,0.3231496251174395,0.9939043373199206,0.8455694815429085,0.9997771323792622,0.07333332167125098,0.0384704464520044,0.8476670074015887,0.7018620868295121,0.008252776064338416,0.9465109237517049,0.14695428678089933,0.398083644968667,0.9495944979041638,0.09801283830593464,0.4917626263653726,0.1830814512685628,0.8288507853797314,0.023082967701207026,0.06205146236030273,0.09127093313279269
0.3036201946956159,0.9997226523151039,0.8975551311155517,0.9992508012495028,0.2501303701483969,0.4271671824015519,0.8390140583732228,0.5642054756748431,0.46610809406463627,0.9938453159599299,0.8666455541036615,0.9975290662247736,0.5562720229807623,0.9997015469480562,0.8759850442365785,0.9983185385238471,0.1712894093235524,0.1298305092209946,0.06611223772548738,0.8421738060977979,0.013033911583487368,0.9715054159800152,0.008348087628070416,0.9738950967688365,0.9976677496703422,0.021282484211764922,0.7273823032971951,0.3379080354168186,0.8347417874976352,0.21574301462308285,0.06874536238439494,0.22483373977974697
0.18453084495833827,0.9995782107746747,0.840508153170282,0.9955858577948997,0.10603275353908663,0.9714036617721438,0.8806338150242924,0.992606412838519,0.5491972501594555,0.9946390885383213,0.8927785068139215,0.9993670963112969,0.1496151772500697,0.9995982308970781,0.8333479223016624,0.9951844715305043,0.1719661939085126,0.8817153035456803,0.7851151925541278,0.701881295918953,0.0021753417821506705,0.871447960933538,0.9538603205077706,0.4596898289308561,0.9722153951559794,0.00047046531472855896,0.503229676280921,0.03467816729034355,0.8478028320816566,0.18956743845490287,0.08070321443296333,0.1841299205177699
0.39086065710254064,0.9995871228070374,0.9236305724643495,0.9968815887922157,0.222098236442995,0.9758973684961196,-0.21623659945864926,0.9572212111170189,0.4731190189447547,0.9999373427538547,0.8964464680884958,0.9979403424049453,0.6025896501761105,0.9999118535344201,0.8771959718976186,0.9822438405135108,0.9466529111421771,0.09715686018364761,0.9766510527518448,0.8999982920012941,0.008434835417578954,0.898915746028358,0.14581428355846635,0.12893713150658698,0.975804896398999,0.003825397183119278,0.49499215542153135,0.30849794414180665,0.7039581366644062,0.06420340554062981,0.35345081620956836,0.22312308447735188
0.18255485832815266,0.9989519956707185,0.893384634731391,0.9937804845783379,0.1829660468760109,0.9809764427637359,0.8819207526116551,0.8512762913272464,0.5496365365328905,0.9985412646209539,0.8951494822287518,0.9980920646218856,0.5144652359976282,0.9942972563662107,0.843609358646298,0.9997771323792622,0.9612121790980115,0.17097495636270396,0.8479678871980764,0.7018620868295121,0.008252776064338416,0.9465109237517049,0.7835065020228587,0.7545525213509008,0.966965528757394,0.09375236606471682,0.5032774209769258,0.1830814512685628,0.8291302505269319,0.083696358199948,0.22071304725624918,0.09127093313279269
0.18255485832815266,0.9989519956707185,0.9442437119254412,0.996584495109323,0.1829660468760109,0.31368167296300714,0.8819207526116551,0.8163933663576787,0.5496365365328905,0.998223118674448,0.8753403042891528,0.9980920646218856,0.5095836780549021,0.994029681933738,0.8740332209016951,0.9834432509444896,0.7865705117225124,0.17097495636270396,0.8474722996938397,0.7018620868295121,0.0004568979792336815,0.9465109237517049,0.7394168239398027,0.45267516084959947,0.9818753536416479,0.09375236606471682,0.4917626263653726,0.1830814512685628,0.8315000063932678,0.07054000077040351,0.2108929560526589,0.1507157775968082
0.2516353617369339,0.9509082638736267,0.8958568418295304,0.9907819448019863,0.08197358281138988,0.34600494483512045,0.889168886036959,0.5605844762501095,0.46735592862528375,0.9938425807849468,0.7026618001206222,0.9935844614295455,0.6012529773217224,0.9486150425232277,0.8794236362897546,0.9967122238878156,0.009993418243365604,0.07113719179615718,0.0876978732768322,0.8973443306562705,0.0245093026448698,0.8994521415736192,0.019055665478684727,0.6080735297673694,0.9674926432399471,0.02062963585822679,0.3803605059966706,0.20995439138505664,0.7134763968370641,0.015090752714165212,0.011225156314805536,0.23114085187436714
0.18910253628138407,0.9987959652308123,0.8771079210538051,0.991044218260066,0.1982172268871597,0.990588645268136,0.8796178430428485,0.5634836027193216,0.4477271271852821,0.9528909636460112,0.8698857149678668,0.9464446240410811,-0.11399555135367162,0.9417762065505992,0.6596552221838144,0.9973559977292197,0.13627508004458894,0.03655070085013201,0.8248972042599637,0.9358302943437885,0.0018295011336127223,0.908064885360131,0.004650393726938418,0.7300915264681408,0.8951767302003704,0.05245499781270144,0.37066628415713204,0.3211092302969726,0.7003467071707621,0.02618085254011826,0.2216397472179908,0.15614762233168253
-0.06149355760321831,0.9946690262290455,0.8957686584752169,0.9978400049495899,0.10644596944400592,0.9967201952395093,0.8834972451240193,0.941836092165865,0.5144325629425679,0.9959363807490784,0.8937037642868026,0.9938625985952527,0.4626604588045439,0.9986595174875048,0.8672209996115287,0.9950910485615714,0.006278682619643211,0.060262678727768026,0.9695279050732664,0.9339014397208862,0.0020127192852208136,0.9322761703198817,0.061754260922104766,0.41248612442907845,0.9875680693928581,0.1485098585259536,0.42381565862220966,0.0973872599200166,0.6977939391882448,0.3506922976758655,0.08440712006991088,0.2155104773214222
0.39864413300244084,0.9998361304738693,0.899601814600091,0.9996051957546985,0.09317280672891808,0.9243025280026184,0.8271842279848355,0.3507216990322263,0.45993092535353575,0.9981584193116746,0.896704924608819,0.9957963462384369,0.6237423217822728,0.9996359978832728,0.8804286364713384,0.9988931123499969,0.4887969501017354,0.09764957700417651,0.7929057804171109,0.9099968992800018,0.015327860122086704,0.940718001410569,0.0034894484746384965,0.14688475704056603,0.9661045712705016,0.05304082613996773,0.9511095984692682,0.2738800548838583,0.702264210145709,0.07200902668538342,0.004842092459916503,0.2526025109373918
0.22073197001274059,0.9509082638736267,0.8629805361367915,0.9905866207346467,0.08197358281138988,0.07261223902684705,0.8860605252832549,0.5539401881240521,0.5468027306450738,0.9542640694790516,0.8656386649853599,0.9954228427670404,0.5529646394526881,0.9997546393462888,0.8657476859070606,0.9967311941428771,0.02300690777860856,0.014712168175950106,0.6234978684861072,0.6883926683630202,0.0017272887810095422,0.8611562483921839,0.0030036454701046454,0.1087312255070082,0.8998958883280149,0.0007046166202451659,0.3803605059966706,0.2810857484513125,0.7126078061275047,0.001953742499888979,0.029584741652550584,0.0779366856332881
0.18140606556552769,0.9995191910282145,0.9341728250147983,0.9954434983694983,0.18223129716266767,0.928604858164809,0.840194949679101,0.8526005400599466,0.49921162788762297,0.9983422556975862,0.8696806891150516,0.9938820391679751,0.5312291712500876,0.998301379971749,0.8442583283447479,0.9791712504098516,0.14305529582716564,0.08682496747562357,0.9753358869050872,0.617486568571779,0.02499884168516952,0.9760232674072685,0.7540708981563677,0.7266950534058898,0.9725672295796421,0.09373363458437826,0.46710898662370737,0.10810201399387702,0.834261628261445,0.011666567002008304,0.061624887478822395,0.22535118547913657
0.18910253628138407,0.999694480523688,0.9468602934782343,0.991044218260066,0.1982172268871597,0.990588645268136,0.9429425118868638,0.5634592554144193,0.4477271271852821,0.9546840978730705,0.873091516119857,0.9996196607754354,0.3311343825599349,0.997575309896467,0.6596552221838144,0.9973467082899474,0.13261186907883146,0.03147128442640784,0.8260708327497681,0.9347656882961667,0.01671175858380494,0.908064885360131,0.15127248853414166,0.8051745466700758,0.965352441241626,0.05245499781270144,0.377451226362821,0.3202903072784249,0.8286137178654261,0.006695717457474187,0.22862406605661134,0.15351174640344303
0.46967273496810713,0.9994097589616653,0.8931705359728457,0.9998074124917088,0.08970592752425414,0.9955768689055597,0.8810266483828181,0.9294736972676009,0.34027288435089775,0.9998944145196945,0.8943497455298983,0.997971225468639,0.5559115925044729,0.9986497995980903,0.8619812069412853,0.9996503331988833,0.12536875680884435,0.060395044250883406,0.9529552998757954,0.937337521675266,0.001418998691953154,0.8969290085837305,0.009892300221423476,0.970173388822465,0.9546109042449552,0.12500970879141984,0.44200817930675734,0.2584327888415529,0.7294103716536523,0.0485649410671507,0.014266874338027175,0.05659334704831154
0.11350781914434602,0.9999586968975493,0.8956620404561698,0.9943819698675478,0.18069606786622278,0.8398686095189116,0.9463275113384968,0.9890929291662587,0.5018459405747376,0.9999484349334663,0.876048646434427,0.982803063640328,0.23228953754147236,0.9998675638964067,0.8672103007576668,0.9961079470350914,0.0903006113958746,0.03456773399801842,0.9788475036725115,0.6271530905528468,0.010414891856558445,0.980444274905515,0.9571133076694809,0.9594691762162176,0.9973690052098786,0.12239111151688246,0.5222211776857713,0.28304762161354624,0.9592023204746365,0.06956176698327382,0.06509458057406456,0.9345712306486058
0.39428547274506087,0.9995402704063965,0.8650399958117778,0.9969046929531037,0.21973743345380464,0.09501713984426557,0.8899690608194459,0.9056732399068825,0.47398853211103326,0.9864419931271824,0.8794239051631977,0.9965415874518129,0.25424929080794356,0.9932404246403904,0.8706001283857469,0.9862925726586974,0.006042531506817507,0.07153596804785707,0.9281399033838403,0.8729043950372234,0.005275348201730666,0.8990904141068772,0.0047611089845062005,0.18317229329037144,0.9716977594839469,0.012813094152515747,0.2297974787810976,0.35042034948013184,0.7143356177902965,0.04113535776500504,0.03683432267462401,0.22312308447735188
0.33814888755742917,0.9997288205043706,0.8925176808043034,0.9911543655973577,0.18634194824982378,0.15979096904526963,0.8405010646865825,0.5515322887507565,0.5493961589236884,0.9899264143370614,0.8695372674826777,0.9428835186826555,0.5510941191742118,0.9987250942579041,0.8778115425763928,0.9961507120998424,0.1275060980531552,0.002443260101137587,0.7997774579822902,0.8962738502056191,0.0019145677549953157,0.8966079055581657,0.003390731346498506,0.1484014528871917,0.9718557910601288,0.08445227046293956,0.37839475623748636,0.11713876210823754,0.7235107944685909,0.03873550249972943,0.039242858610268994,0.12082990458903398
0.17118130880669014,0.9943673888330995,0.8958637823815081,0.9996821367495463,0.19938997553180235,0.9870847806933032,0.7826802243428668,0.5634836027193216,0.40993072250578455,0.9978065865029657,0.8987509387382083,0.995378728984526,0.5037029224097194,0.9228476759342162,0.8735279109283897,0.9826244669213334,0.03777762967279169,0.13424744864842364,0.8393174956792622,0.930709277851669,0.0021910201348848586,0.8995468932531167,0.9349858767694664,0.39789958238610484,0.9954966789046379,0.04944844567147566,0.49239415553590876,0.10112231544270724,0.8455328427737121,0.06257624902902555,0.06445877583377281,0.0012953694355174045
